{
  "loss": 0.10610368102788925,
  "Cat_accuracy": 0.955635666847229,
  "F1_score_class0": 0.9811738729476929,
  "F1_score_class1": 0.384583443403244,
  "F1_score_class2": 0.8822189569473267,
  "F1_score_class3": 0.0,
  "F1_score_class4": 0.9441198110580444,
  "Precision_class0": 0.9793931245803833,
  "Precision_class1": 0.6194926500320435,
  "Precision_class2": 0.8773987293243408,
  "Precision_class3": 0.0,
  "Precision_class4": 0.9925839900970459,
  "Recall_class0": 0.982961118221283,
  "Recall_class1": 0.2788461446762085,
  "Recall_class2": 0.8870924115180969,
  "Recall_class3": 0.0,
  "Recall_class4": 0.9001681208610535,
  "val_loss": 0.14054647088050842,
  "val_Cat_accuracy": 0.9642366170883179,
  "val_F1_score_class0": 0.9869056940078735,
  "val_F1_score_class1": 0.6006388664245605,
  "val_F1_score_class2": 0.8982084393501282,
  "val_F1_score_class3": 0.0,
  "val_F1_score_class4": 0.9472622871398926,
  "val_Precision_class0": 0.9828197956085205,
  "val_Precision_class1": 0.7139240503311157,
  "val_Precision_class2": 0.8931174278259277,
  "val_Precision_class3": 0.0,
  "val_Precision_class4": 0.9929577708244324,
  "val_Recall_class0": 0.9910258054733276,
  "val_Recall_class1": 0.5183823704719543,
  "val_Recall_class2": 0.9033579230308533,
  "val_Recall_class3": 0.0,
  "val_Recall_class4": 0.9055876731872559,
  "epoch": 29,
  "global_step": 480
}