{
  "loss": 0.009304000996053219,
  "Cat_accuracy": 0.994403064250946,
  "F1_score_class0": 0.9972558617591858,
  "F1_score_class1": 0.9419774413108826,
  "F1_score_class2": 0.9857296943664551,
  "F1_score_class3": 0.8700979351997375,
  "F1_score_class4": 0.9987394213676453,
  "Precision_class0": 0.9980993866920471,
  "Precision_class1": 0.928238034248352,
  "Precision_class2": 0.9849340915679932,
  "Precision_class3": 0.8808932900428772,
  "Precision_class4": 0.9983200430870056,
  "Recall_class0": 0.9964138865470886,
  "Recall_class1": 0.956129789352417,
  "Recall_class2": 0.9865265488624573,
  "Recall_class3": 0.8595641851425171,
  "Recall_class4": 0.9991593360900879,
  "val_loss": 0.031333133578300476,
  "val_Cat_accuracy": 0.9919840693473816,
  "val_F1_score_class0": 0.9958541393280029,
  "val_F1_score_class1": 0.9192659854888916,
  "val_F1_score_class2": 0.9782696962356567,
  "val_F1_score_class3": 0.8749999403953552,
  "val_F1_score_class4": 0.9961389303207397,
  "val_Precision_class0": 0.995741069316864,
  "val_Precision_class1": 0.9175823926925659,
  "val_Precision_class2": 0.9794745445251465,
  "val_Precision_class3": 0.8926174640655518,
  "val_Precision_class4": 0.9980657696723938,
  "val_Recall_class0": 0.9959672689437866,
  "val_Recall_class1": 0.9209558963775635,
  "val_Recall_class2": 0.9770679473876953,
  "val_Recall_class3": 0.8580645322799683,
  "val_Recall_class4": 0.9942196607589722,
  "epoch": 23,
  "global_step": 2976
}