{
  "loss": 0.04660597816109657,
  "Cat_accuracy": 0.9724422693252563,
  "F1_score_class0": 0.9834914803504944,
  "F1_score_class1": 0.7476634979248047,
  "F1_score_class2": 0.9535644054412842,
  "F1_score_class3": 0.7657572627067566,
  "F1_score_class4": 0.995602011680603,
  "Precision_class0": 0.9992949962615967,
  "Precision_class1": 0.6022769212722778,
  "Precision_class2": 0.9265378713607788,
  "Precision_class3": 0.626153826713562,
  "Precision_class4": 0.9920701384544373,
  "Recall_class0": 0.9681801795959473,
  "Recall_class1": 0.9855769276618958,
  "Recall_class2": 0.9822150468826294,
  "Recall_class3": 0.9854721426963806,
  "Recall_class4": 0.9991593360900879,
  "val_loss": 0.0911211222410202,
  "val_Cat_accuracy": 0.9783712029457092,
  "val_F1_score_class0": 0.9878038167953491,
  "val_F1_score_class1": 0.7983804941177368,
  "val_F1_score_class2": 0.9371940493583679,
  "val_F1_score_class3": 0.8492307066917419,
  "val_F1_score_class4": 0.9875198602676392,
  "val_Precision_class0": 0.9935076236724854,
  "val_Precision_class1": 0.713458776473999,
  "val_Precision_class2": 0.9333875179290771,
  "val_Precision_class3": 0.8117647171020508,
  "val_Precision_class4": 0.9840561151504517,
  "val_Recall_class0": 0.9821651577949524,
  "val_Recall_class1": 0.90625,
  "val_Recall_class2": 0.9410319328308105,
  "val_Recall_class3": 0.8903225660324097,
  "val_Recall_class4": 0.9910083413124084,
  "epoch": 29,
  "global_step": 3720
}