{
  "loss": 0.030703864991664886,
  "Cat_accuracy": 0.9848060607910156,
  "F1_score_class0": 0.991622805595398,
  "F1_score_class1": 0.8359280824661255,
  "F1_score_class2": 0.9640637040138245,
  "F1_score_class3": 0.7821522355079651,
  "F1_score_class4": 0.992539644241333,
  "Precision_class0": 0.992754340171814,
  "Precision_class1": 0.8329355716705322,
  "Precision_class2": 0.9666756987571716,
  "Precision_class3": 0.8538681864738464,
  "Precision_class4": 0.9924353957176208,
  "Recall_class0": 0.990493893623352,
  "Recall_class1": 0.838942289352417,
  "Recall_class2": 0.9614658951759338,
  "Recall_class3": 0.7215496301651001,
  "Recall_class4": 0.9926439523696899,
  "val_loss": 0.04782990366220474,
  "val_Cat_accuracy": 0.9872409105300903,
  "val_F1_score_class0": 0.9930818676948547,
  "val_F1_score_class1": 0.8719397187232971,
  "val_F1_score_class2": 0.9646961688995361,
  "val_F1_score_class3": 0.7894736528396606,
  "val_F1_score_class4": 0.9935607314109802,
  "val_Precision_class0": 0.9914515614509583,
  "val_Precision_class1": 0.8938223719596863,
  "val_Precision_class2": 0.9670782089233398,
  "val_Precision_class3": 0.9459459185600281,
  "val_Precision_class4": 0.9961265325546265,
  "val_Recall_class0": 0.9947177171707153,
  "val_Recall_class1": 0.8511029481887817,
  "val_Recall_class2": 0.9623259902000427,
  "val_Recall_class3": 0.6774193644523621,
  "val_Recall_class4": 0.9910083413124084,
  "epoch": 34,
  "global_step": 560
}