{
  "loss": 0.03195250406861305,
  "Cat_accuracy": 0.9823712706565857,
  "F1_score_class0": 0.9905187487602234,
  "F1_score_class1": 0.8267210125923157,
  "F1_score_class2": 0.9451202154159546,
  "F1_score_class3": 0.8238213062286377,
  "F1_score_class4": 0.9923181533813477,
  "Precision_class0": 0.9928887486457825,
  "Precision_class1": 0.8032879829406738,
  "Precision_class2": 0.9481963515281677,
  "Precision_class3": 0.8447837233543396,
  "Precision_class4": 0.99367755651474,
  "Recall_class0": 0.9881600737571716,
  "Recall_class1": 0.8515625,
  "Recall_class2": 0.942064106464386,
  "Recall_class3": 0.8038740754127502,
  "Recall_class4": 0.990962564945221,
  "val_loss": 0.05641975998878479,
  "val_Cat_accuracy": 0.9847270250320435,
  "val_F1_score_class0": 0.9918296933174133,
  "val_F1_score_class1": 0.8563326001167297,
  "val_F1_score_class2": 0.9472371935844421,
  "val_F1_score_class3": 0.8619527220726013,
  "val_F1_score_class4": 0.9897237420082092,
  "val_Precision_class0": 0.9907617568969727,
  "val_Precision_class1": 0.881322979927063,
  "val_Precision_class2": 0.9612141847610474,
  "val_Precision_class3": 0.9014084339141846,
  "val_Precision_class4": 0.989723801612854,
  "val_Recall_class0": 0.9929001331329346,
  "val_Recall_class1": 0.8327205777168274,
  "val_Recall_class2": 0.9336609244346619,
  "val_Recall_class3": 0.8258064389228821,
  "val_Recall_class4": 0.989723801612854,
  "epoch": 29,
  "global_step": 7440
}