{
  "loss": 0.013927707448601723,
  "Cat_accuracy": 0.9922686815261841,
  "F1_score_class0": 0.9961636066436768,
  "F1_score_class1": 0.9218424558639526,
  "F1_score_class2": 0.9834387898445129,
  "F1_score_class3": 0.8242573738098145,
  "F1_score_class4": 0.9968493580818176,
  "Precision_class0": 0.9970726370811462,
  "Precision_class1": 0.9118165969848633,
  "Precision_class2": 0.9827771782875061,
  "Precision_class3": 0.8430379629135132,
  "Precision_class4": 0.996221661567688,
  "Recall_class0": 0.9952564239501953,
  "Recall_class1": 0.9320913553237915,
  "Recall_class2": 0.9841012954711914,
  "Recall_class3": 0.8062953948974609,
  "Recall_class4": 0.9974779486656189,
  "val_loss": 0.052460670471191406,
  "val_Cat_accuracy": 0.9876203536987305,
  "val_F1_score_class0": 0.9939290881156921,
  "val_F1_score_class1": 0.8773584365844727,
  "val_F1_score_class2": 0.9625975489616394,
  "val_F1_score_class3": 0.8124999403953552,
  "val_F1_score_class4": 0.991304337978363,
  "val_Precision_class0": 0.9928587675094604,
  "val_Precision_class1": 0.9011628031730652,
  "val_Precision_class2": 0.9661716222763062,
  "val_Precision_class3": 0.8796992301940918,
  "val_Precision_class4": 0.9941860437393188,
  "val_Recall_class0": 0.9950017333030701,
  "val_Recall_class1": 0.8547794222831726,
  "val_Recall_class2": 0.9590499401092529,
  "val_Recall_class3": 0.7548387050628662,
  "val_Recall_class4": 0.9884393215179443,
  "epoch": 25,
  "global_step": 6448
}