{
  "loss": 0.036175649613142014,
  "Cat_accuracy": 0.9858970046043396,
  "F1_score_class0": 0.991737961769104,
  "F1_score_class1": 0.8812565803527832,
  "F1_score_class2": 0.9728935360908508,
  "F1_score_class3": 0.8232930898666382,
  "F1_score_class4": 0.9919648170471191,
  "Precision_class0": 0.9996722936630249,
  "Precision_class1": 0.7911089658737183,
  "Precision_class2": 0.964266836643219,
  "Precision_class3": 0.7032589912414551,
  "Precision_class4": 0.9850777387619019,
  "Recall_class0": 0.9839287996292114,
  "Recall_class1": 0.9945913553237915,
  "Recall_class2": 0.9816761016845703,
  "Recall_class3": 0.9927361011505127,
  "Recall_class4": 0.9989491105079651,
  "val_loss": 0.05126657709479332,
  "val_Cat_accuracy": 0.9874306321144104,
  "val_F1_score_class0": 0.99307781457901,
  "val_F1_score_class1": 0.8879082202911377,
  "val_F1_score_class2": 0.9651538729667664,
  "val_F1_score_class3": 0.8502993583679199,
  "val_F1_score_class4": 0.9916344285011292,
  "val_Precision_class0": 0.9961140751838684,
  "val_Precision_class1": 0.853989839553833,
  "val_Precision_class2": 0.955092191696167,
  "val_Precision_class3": 0.7932960987091064,
  "val_Precision_class4": 0.993552565574646,
  "val_Recall_class0": 0.9900602102279663,
  "val_Recall_class1": 0.9246323704719543,
  "val_Recall_class2": 0.9754299521446228,
  "val_Recall_class3": 0.9161290526390076,
  "val_Recall_class4": 0.989723801612854,
  "epoch": 21,
  "global_step": 5456
}