{
  "loss": 0.019668500870466232,
  "Cat_accuracy": 0.9908456802368164,
  "F1_score_class0": 0.9951868653297424,
  "F1_score_class1": 0.896592915058136,
  "F1_score_class2": 0.9772205948829651,
  "F1_score_class3": 0.8464515805244446,
  "F1_score_class4": 0.9967439770698547,
  "Precision_class0": 0.9958203434944153,
  "Precision_class1": 0.8917954564094543,
  "Precision_class2": 0.9776159524917603,
  "Precision_class3": 0.9060773253440857,
  "Precision_class4": 0.9962208867073059,
  "Recall_class0": 0.9945544004440308,
  "Recall_class1": 0.901442289352417,
  "Recall_class2": 0.9768256545066833,
  "Recall_class3": 0.7941888570785522,
  "Recall_class4": 0.9972677826881409,
  "val_loss": 0.053577784448862076,
  "val_Cat_accuracy": 0.9879997968673706,
  "val_F1_score_class0": 0.9935370087623596,
  "val_F1_score_class1": 0.8728322982788086,
  "val_F1_score_class2": 0.9687241911888123,
  "val_F1_score_class3": 0.8333332538604736,
  "val_F1_score_class4": 0.9925925135612488,
  "val_Precision_class0": 0.9916817545890808,
  "val_Precision_class1": 0.9170040488243103,
  "val_Precision_class2": 0.9735318422317505,
  "val_Precision_class3": 0.902255654335022,
  "val_Precision_class4": 0.9954780340194702,
  "val_Recall_class0": 0.9953992962837219,
  "val_Recall_class1": 0.8327205777168274,
  "val_Recall_class2": 0.9639639854431152,
  "val_Recall_class3": 0.774193525314331,
  "val_Recall_class4": 0.989723801612854,
  "epoch": 22,
  "global_step": 713
}