{
  "loss": 0.020061571151018143,
  "Cat_accuracy": 0.9942923784255981,
  "F1_score_class0": 0.9973554611206055,
  "F1_score_class1": 0.9397293329238892,
  "F1_score_class2": 0.9845200181007385,
  "F1_score_class3": 0.8552802801132202,
  "F1_score_class4": 0.9977919459342957,
  "Precision_class0": 0.9964393973350525,
  "Precision_class1": 0.9622166156768799,
  "Precision_class2": 0.9835933446884155,
  "Precision_class3": 0.9265536665916443,
  "Precision_class4": 0.9983168244361877,
  "Recall_class0": 0.9982733726501465,
  "Recall_class1": 0.9182692170143127,
  "Recall_class2": 0.9854486584663391,
  "Recall_class3": 0.7941888570785522,
  "Recall_class4": 0.9972677826881409,
  "val_loss": 0.0351690948009491,
  "val_Cat_accuracy": 0.9912725687026978,
  "val_F1_score_class0": 0.9955151081085205,
  "val_F1_score_class1": 0.917431116104126,
  "val_F1_score_class2": 0.9758887887001038,
  "val_F1_score_class3": 0.838028073310852,
  "val_F1_score_class4": 0.9951627850532532,
  "val_Precision_class0": 0.995006799697876,
  "val_Precision_class1": 0.9157509207725525,
  "val_Precision_class2": 0.9738988876342773,
  "val_Precision_class3": 0.9224806427955627,
  "val_Precision_class4": 0.9993523359298706,
  "val_Recall_class0": 0.9960240721702576,
  "val_Recall_class1": 0.9191176295280457,
  "val_Recall_class2": 0.977886974811554,
  "val_Recall_class3": 0.7677419185638428,
  "val_Recall_class4": 0.9910083413124084,
  "epoch": 44,
  "global_step": 1395
}