{
  "loss": 0.00935994554311037,
  "Cat_accuracy": 0.9946718811988831,
  "F1_score_class0": 0.9975690245628357,
  "F1_score_class1": 0.9495548009872437,
  "F1_score_class2": 0.9851831793785095,
  "F1_score_class3": 0.8667466044425964,
  "F1_score_class4": 0.9983189105987549,
  "Precision_class0": 0.998498260974884,
  "Precision_class1": 0.9378663301467896,
  "Precision_class2": 0.9849178791046143,
  "Precision_class3": 0.8595238327980042,
  "Precision_class4": 0.9981092214584351,
  "Recall_class0": 0.9966415762901306,
  "Recall_class1": 0.9615384340286255,
  "Recall_class2": 0.9854486584663391,
  "Recall_class3": 0.8740919828414917,
  "Recall_class4": 0.998528778553009,
  "val_loss": 0.030047627165913582,
  "val_Cat_accuracy": 0.9920315146446228,
  "val_F1_score_class0": 0.9959123134613037,
  "val_F1_score_class1": 0.9267398715019226,
  "val_F1_score_class2": 0.9764364957809448,
  "val_F1_score_class3": 0.8791946172714233,
  "val_F1_score_class4": 0.9955012202262878,
  "val_Precision_class0": 0.9954602122306824,
  "val_Precision_class1": 0.9233576655387878,
  "val_Precision_class2": 0.9858096837997437,
  "val_Precision_class3": 0.9160839319229126,
  "val_Precision_class4": 0.9961414933204651,
  "val_Recall_class0": 0.9963648915290833,
  "val_Recall_class1": 0.9301470518112183,
  "val_Recall_class2": 0.9672399759292603,
  "val_Recall_class3": 0.8451613187789917,
  "val_Recall_class4": 0.994861900806427,
  "epoch": 16,
  "global_step": 4216
}