{
  "loss": 0.028939947485923767,
  "Cat_accuracy": 0.9866558909416199,
  "F1_score_class0": 0.9930238127708435,
  "F1_score_class1": 0.8666868805885315,
  "F1_score_class2": 0.9641067385673523,
  "F1_score_class3": 0.7842105031013489,
  "F1_score_class4": 0.9916000962257385,
  "Precision_class0": 0.9934670329093933,
  "Precision_class1": 0.8759975433349609,
  "Precision_class2": 0.969226598739624,
  "Precision_class3": 0.8587896227836609,
  "Precision_class4": 0.9907679557800293,
  "Recall_class0": 0.9925810694694519,
  "Recall_class1": 0.8575721383094788,
  "Recall_class2": 0.9590407013893127,
  "Recall_class3": 0.7215496301651001,
  "Recall_class4": 0.9924337863922119,
  "val_loss": 0.04722743481397629,
  "val_Cat_accuracy": 0.9871460199356079,
  "val_F1_score_class0": 0.9930179715156555,
  "val_F1_score_class1": 0.8790169358253479,
  "val_F1_score_class2": 0.9652066826820374,
  "val_F1_score_class3": 0.8140350580215454,
  "val_F1_score_class4": 0.9913210272789001,
  "val_Precision_class0": 0.9923984408378601,
  "val_Precision_class1": 0.9046692848205566,
  "val_Precision_class2": 0.9648118019104004,
  "val_Precision_class3": 0.892307698726654,
  "val_Precision_class4": 0.992277979850769,
  "val_Recall_class0": 0.9936385154724121,
  "val_Recall_class1": 0.8547794222831726,
  "val_Recall_class2": 0.9656019806861877,
  "val_Recall_class3": 0.7483870983123779,
  "val_Recall_class4": 0.9903661012649536,
  "epoch": 33,
  "global_step": 544
}