{
  "loss": 0.03470584377646446,
  "Cat_accuracy": 0.9900235533714294,
  "F1_score_class0": 0.9949518442153931,
  "F1_score_class1": 0.8927554488182068,
  "F1_score_class2": 0.9685006141662598,
  "F1_score_class3": 0.830729067325592,
  "F1_score_class4": 0.9969502091407776,
  "Precision_class0": 0.9932680130004883,
  "Precision_class1": 0.9425517916679382,
  "Precision_class2": 0.9717851281166077,
  "Precision_class3": 0.8985915780067444,
  "Precision_class4": 0.9976847171783447,
  "Recall_class0": 0.9966415762901306,
  "Recall_class1": 0.8479567170143127,
  "Recall_class2": 0.9652384519577026,
  "Recall_class3": 0.7723971009254456,
  "Recall_class4": 0.996216893196106,
  "val_loss": 0.07010410726070404,
  "val_Cat_accuracy": 0.9831618070602417,
  "val_F1_score_class0": 0.9913403391838074,
  "val_F1_score_class1": 0.8524589538574219,
  "val_F1_score_class2": 0.9374232888221741,
  "val_F1_score_class3": 0.808777391910553,
  "val_F1_score_class4": 0.9906841516494751,
  "val_Precision_class0": 0.9910871386528015,
  "val_Precision_class1": 0.8965517282485962,
  "val_Precision_class2": 0.936274528503418,
  "val_Precision_class3": 0.7865853905677795,
  "val_Precision_class4": 0.9910025596618652,
  "val_Recall_class0": 0.9915937781333923,
  "val_Recall_class1": 0.8125,
  "val_Recall_class2": 0.9385749101638794,
  "val_Recall_class3": 0.8322580456733704,
  "val_Recall_class4": 0.9903661012649536,
  "epoch": 24,
  "global_step": 775
}