{
  "loss": 0.11985313892364502,
  "Cat_accuracy": 0.9488687515258789,
  "F1_score_class0": 0.9665674567222595,
  "F1_score_class1": 0.6526228189468384,
  "F1_score_class2": 0.937508225440979,
  "F1_score_class3": 0.49770790338516235,
  "F1_score_class4": 0.9819463491439819,
  "Precision_class0": 0.9981201887130737,
  "Precision_class1": 0.49716803431510925,
  "Precision_class2": 0.9159383177757263,
  "Precision_class3": 0.3411131203174591,
  "Precision_class4": 0.9696721434593201,
  "Recall_class0": 0.9369485378265381,
  "Recall_class1": 0.9495192170143127,
  "Recall_class2": 0.9601185917854309,
  "Recall_class3": 0.9200968742370605,
  "Recall_class4": 0.994535505771637,
  "val_loss": 0.12082722783088684,
  "val_Cat_accuracy": 0.9618175625801086,
  "val_F1_score_class0": 0.9773573875427246,
  "val_F1_score_class1": 0.713575005531311,
  "val_F1_score_class2": 0.944584310054779,
  "val_F1_score_class3": 0.5583173036575317,
  "val_F1_score_class4": 0.984106719493866,
  "val_Precision_class0": 0.9955228567123413,
  "val_Precision_class1": 0.5816918015480042,
  "val_Precision_class2": 0.9689922332763672,
  "val_Precision_class3": 0.39673912525177,
  "val_Precision_class4": 0.9741976261138916,
  "val_Recall_class0": 0.9598432183265686,
  "val_Recall_class1": 0.9227941036224365,
  "val_Recall_class2": 0.9213759303092957,
  "val_Recall_class3": 0.9419354796409607,
  "val_Recall_class4": 0.9942196607589722,
  "epoch": 28,
  "global_step": 899
}