{
  "loss": 0.017079340294003487,
  "Cat_accuracy": 0.9905611276626587,
  "F1_score_class0": 0.9952001571655273,
  "F1_score_class1": 0.8986524939537048,
  "F1_score_class2": 0.9757868647575378,
  "F1_score_class3": 0.8585485219955444,
  "F1_score_class4": 0.9947434067726135,
  "Precision_class0": 0.9970291256904602,
  "Precision_class1": 0.8765714168548584,
  "Precision_class2": 0.9742143154144287,
  "Precision_class3": 0.8725000023841858,
  "Precision_class4": 0.9951619505882263,
  "Recall_class0": 0.9933779835700989,
  "Recall_class1": 0.921875,
  "Recall_class2": 0.9773645997047424,
  "Recall_class3": 0.8450363278388977,
  "Recall_class4": 0.9943253397941589,
  "val_loss": 0.03988829627633095,
  "val_Cat_accuracy": 0.990229070186615,
  "val_F1_score_class0": 0.9946317076683044,
  "val_F1_score_class1": 0.9080674648284912,
  "val_F1_score_class2": 0.9770678877830505,
  "val_F1_score_class3": 0.8424437046051025,
  "val_F1_score_class4": 0.993569016456604,
  "val_Precision_class0": 0.9947730302810669,
  "val_Precision_class1": 0.9272030591964722,
  "val_Precision_class2": 0.9770679473876953,
  "val_Precision_class3": 0.8397436141967773,
  "val_Precision_class4": 0.9948486685752869,
  "val_Recall_class0": 0.9944905042648315,
  "val_Recall_class1": 0.8897058963775635,
  "val_Recall_class2": 0.9770679473876953,
  "val_Recall_class3": 0.8451613187789917,
  "val_Recall_class4": 0.9922928810119629,
  "epoch": 18,
  "global_step": 4712
}