{
  "loss": 0.04142242297530174,
  "Cat_accuracy": 0.9845057129859924,
  "F1_score_class0": 0.9912270903587341,
  "F1_score_class1": 0.8438299894332886,
  "F1_score_class2": 0.9734607338905334,
  "F1_score_class3": 0.8047571182250977,
  "F1_score_class4": 0.9953935742378235,
  "Precision_class0": 0.9996333718299866,
  "Precision_class1": 0.7350580096244812,
  "Precision_class2": 0.9733297228813171,
  "Precision_class3": 0.681208074092865,
  "Precision_class4": 0.9916562438011169,
  "Recall_class0": 0.982961118221283,
  "Recall_class1": 0.9903846383094788,
  "Recall_class2": 0.9735920429229736,
  "Recall_class3": 0.9830508232116699,
  "Recall_class4": 0.9991593360900879,
  "val_loss": 0.04196230322122574,
  "val_Cat_accuracy": 0.9896599054336548,
  "val_F1_score_class0": 0.9943041801452637,
  "val_F1_score_class1": 0.8937664031982422,
  "val_F1_score_class2": 0.9771800637245178,
  "val_F1_score_class3": 0.8528527617454529,
  "val_F1_score_class4": 0.9958211779594421,
  "val_Precision_class0": 0.9970870614051819,
  "val_Precision_class1": 0.8554621934890747,
  "val_Precision_class2": 0.9724249839782715,
  "val_Precision_class3": 0.7977527976036072,
  "val_Precision_class4": 0.9967824816703796,
  "val_Recall_class0": 0.9915369749069214,
  "val_Recall_class1": 0.935661792755127,
  "val_Recall_class2": 0.9819819927215576,
  "val_Recall_class3": 0.9161290526390076,
  "val_Recall_class4": 0.994861900806427,
  "epoch": 27,
  "global_step": 6944
}