{
  "loss": 0.007886960171163082,
  "Cat_accuracy": 0.9955572485923767,
  "F1_score_class0": 0.9978735446929932,
  "F1_score_class1": 0.9534814357757568,
  "F1_score_class2": 0.9897518157958984,
  "F1_score_class3": 0.8963854908943176,
  "F1_score_class4": 0.9985287189483643,
  "Precision_class0": 0.9984802007675171,
  "Precision_class1": 0.9403857588768005,
  "Precision_class2": 0.9905533194541931,
  "Precision_class3": 0.8920863270759583,
  "Precision_class4": 0.998528778553009,
  "Recall_class0": 0.9972677230834961,
  "Recall_class1": 0.9669471383094788,
  "Recall_class2": 0.9889517426490784,
  "Recall_class3": 0.9007263779640198,
  "Recall_class4": 0.998528778553009,
  "val_loss": 0.043697550892829895,
  "val_Cat_accuracy": 0.9905611276626587,
  "val_F1_score_class0": 0.9951978325843811,
  "val_F1_score_class1": 0.9101018905639648,
  "val_F1_score_class2": 0.9702162146568298,
  "val_F1_score_class3": 0.8526645302772522,
  "val_F1_score_class4": 0.9951906800270081,
  "val_Precision_class0": 0.9957354664802551,
  "val_Precision_class1": 0.9177570343017578,
  "val_Precision_class2": 0.9666666388511658,
  "val_Precision_class3": 0.8292682766914368,
  "val_Precision_class4": 0.9935979247093201,
  "val_Recall_class0": 0.9946609139442444,
  "val_Recall_class1": 0.9025735259056091,
  "val_Recall_class2": 0.9737919569015503,
  "val_Recall_class3": 0.8774193525314331,
  "val_Recall_class4": 0.9967886805534363,
  "epoch": 27,
  "global_step": 3472
}