{
  "loss": 0.05969056487083435,
  "Cat_accuracy": 0.9840313792228699,
  "F1_score_class0": 0.9918962121009827,
  "F1_score_class1": 0.8077576756477356,
  "F1_score_class2": 0.9589189887046814,
  "F1_score_class3": 0.7039763927459717,
  "F1_score_class4": 0.9906266331672668,
  "Precision_class0": 0.9874941110610962,
  "Precision_class1": 0.930980384349823,
  "Precision_class2": 0.9715154767036438,
  "Precision_class3": 0.8984962701797485,
  "Precision_class4": 0.9928224682807922,
  "Recall_class0": 0.9963379502296448,
  "Recall_class1": 0.7133413553237915,
  "Recall_class2": 0.9466450810432434,
  "Recall_class3": 0.5786924958229065,
  "Recall_class4": 0.9884405136108398,
  "val_loss": 0.05856182426214218,
  "val_Cat_accuracy": 0.9846795797348022,
  "val_F1_score_class0": 0.9918412566184998,
  "val_F1_score_class1": 0.8400391936302185,
  "val_F1_score_class2": 0.9544700980186462,
  "val_F1_score_class3": 0.7849056124687195,
  "val_F1_score_class4": 0.9919639229774475,
  "val_Precision_class0": 0.9893749356269836,
  "val_Precision_class1": 0.9010526537895203,
  "val_Precision_class2": 0.9648535847663879,
  "val_Precision_class3": 0.9454545378684998,
  "val_Precision_class4": 0.9929214715957642,
  "val_Recall_class0": 0.9943200945854187,
  "val_Recall_class1": 0.7867646813392639,
  "val_Recall_class2": 0.9443079233169556,
  "val_Recall_class3": 0.6709677577018738,
  "val_Recall_class4": 0.9910083413124084,
  "epoch": 34,
  "global_step": 560
}