{
  "loss": 0.03657844290137291,
  "Cat_accuracy": 0.9861816167831421,
  "F1_score_class0": 0.9921910762786865,
  "F1_score_class1": 0.8719977736473083,
  "F1_score_class2": 0.9774719476699829,
  "F1_score_class3": 0.7629838585853577,
  "F1_score_class4": 0.9966457486152649,
  "Precision_class0": 0.9996533393859863,
  "Precision_class1": 0.7774117588996887,
  "Precision_class2": 0.9786601662635803,
  "Precision_class3": 0.6253870129585266,
  "Precision_class4": 0.9941447377204895,
  "Recall_class0": 0.9848395586013794,
  "Recall_class1": 0.9927884340286255,
  "Recall_class2": 0.9762867093086243,
  "Recall_class3": 0.9782082438468933,
  "Recall_class4": 0.9991593360900879,
  "val_loss": 0.047174759209156036,
  "val_Cat_accuracy": 0.9876677989959717,
  "val_F1_score_class0": 0.9932693839073181,
  "val_F1_score_class1": 0.8929824829101562,
  "val_F1_score_class2": 0.9735664129257202,
  "val_F1_score_class3": 0.8202247023582458,
  "val_F1_score_class4": 0.9920050501823425,
  "val_Precision_class0": 0.9974796772003174,
  "val_Precision_class1": 0.8540268540382385,
  "val_Precision_class2": 0.966882050037384,
  "val_Precision_class3": 0.7263681888580322,
  "val_Precision_class4": 0.9878981113433838,
  "val_Recall_class0": 0.989094614982605,
  "val_Recall_class1": 0.935661792755127,
  "val_Recall_class2": 0.9803439974784851,
  "val_Recall_class3": 0.9419354796409607,
  "val_Recall_class4": 0.9961464405059814,
  "epoch": 28,
  "global_step": 7192
}