{
  "loss": 0.022217344492673874,
  "Cat_accuracy": 0.9938338994979858,
  "F1_score_class0": 0.9970806837081909,
  "F1_score_class1": 0.927688479423523,
  "F1_score_class2": 0.9842423796653748,
  "F1_score_class3": 0.8605262041091919,
  "F1_score_class4": 0.9976865649223328,
  "Precision_class0": 0.9961177706718445,
  "Precision_class1": 0.9548345804214478,
  "Precision_class2": 0.9838449358940125,
  "Precision_class3": 0.9423630833625793,
  "Precision_class4": 0.9983165264129639,
  "Recall_class0": 0.9980456233024597,
  "Recall_class1": 0.9020432829856873,
  "Recall_class2": 0.9846402406692505,
  "Recall_class3": 0.7917675375938416,
  "Recall_class4": 0.9970576167106628,
  "val_loss": 0.034463949501514435,
  "val_Cat_accuracy": 0.991320013999939,
  "val_F1_score_class0": 0.9956549406051636,
  "val_F1_score_class1": 0.9185605645179749,
  "val_F1_score_class2": 0.9743589162826538,
  "val_F1_score_class3": 0.8474575877189636,
  "val_F1_score_class4": 0.9935896396636963,
  "val_Precision_class0": 0.9956267476081848,
  "val_Precision_class1": 0.947265625,
  "val_Precision_class2": 0.9684466123580933,
  "val_Precision_class3": 0.8928571343421936,
  "val_Precision_class4": 0.9916826486587524,
  "val_Recall_class0": 0.9956833124160767,
  "val_Recall_class1": 0.8915441036224365,
  "val_Recall_class2": 0.9803439974784851,
  "val_Recall_class3": 0.8064516186714172,
  "val_Recall_class4": 0.9955042004585266,
  "epoch": 29,
  "global_step": 1860
}