{
  "loss": 0.026278268545866013,
  "Cat_accuracy": 0.9926639199256897,
  "F1_score_class0": 0.996399998664856,
  "F1_score_class1": 0.9212499260902405,
  "F1_score_class2": 0.9813246726989746,
  "F1_score_class3": 0.8218084573745728,
  "F1_score_class4": 0.9976865649223328,
  "Precision_class0": 0.9949861168861389,
  "Precision_class1": 0.9596354365348816,
  "Precision_class2": 0.9785637855529785,
  "Precision_class3": 0.9115044474601746,
  "Precision_class4": 0.9983165264129639,
  "Recall_class0": 0.9978179335594177,
  "Recall_class1": 0.885817289352417,
  "Recall_class2": 0.9841012954711914,
  "Recall_class3": 0.7481840252876282,
  "Recall_class4": 0.9970576167106628,
  "val_loss": 0.0461040697991848,
  "val_Cat_accuracy": 0.9883318543434143,
  "val_F1_score_class0": 0.9940434694290161,
  "val_F1_score_class1": 0.8871892094612122,
  "val_F1_score_class2": 0.9686985015869141,
  "val_F1_score_class3": 0.7923321723937988,
  "val_F1_score_class4": 0.9942084550857544,
  "val_Precision_class0": 0.9928045272827148,
  "val_Precision_class1": 0.9243028163909912,
  "val_Precision_class2": 0.9743164777755737,
  "val_Precision_class3": 0.7848101258277893,
  "val_Precision_class4": 0.9961315393447876,
  "val_Recall_class0": 0.99528568983078,
  "val_Recall_class1": 0.8529411554336548,
  "val_Recall_class2": 0.9631449580192566,
  "val_Recall_class3": 0.800000011920929,
  "val_Recall_class4": 0.9922928810119629,
  "epoch": 13,
  "global_step": 1736
}