{
  "loss": 0.15810005366802216,
  "Cat_accuracy": 0.937153160572052,
  "F1_score_class0": 0.9575411081314087,
  "F1_score_class1": 0.6283878684043884,
  "F1_score_class2": 0.9126716256141663,
  "F1_score_class3": 0.46115902066230774,
  "F1_score_class4": 0.9690826535224915,
  "Precision_class0": 0.9975124597549438,
  "Precision_class1": 0.4718118906021118,
  "Precision_class2": 0.8789618015289307,
  "Precision_class3": 0.3093465566635132,
  "Precision_class4": 0.9447105526924133,
  "Recall_class0": 0.9206497073173523,
  "Recall_class1": 0.940504789352417,
  "Recall_class2": 0.9490703344345093,
  "Recall_class3": 0.9055690169334412,
  "Recall_class4": 0.994745671749115,
  "val_loss": 0.18857774138450623,
  "val_Cat_accuracy": 0.9478726983070374,
  "val_F1_score_class0": 0.9633132219314575,
  "val_F1_score_class1": 0.6927297115325928,
  "val_F1_score_class2": 0.922174334526062,
  "val_F1_score_class3": 0.6063157320022583,
  "val_F1_score_class4": 0.9542522430419922,
  "val_Precision_class0": 0.9975059032440186,
  "val_Precision_class1": 0.5525164008140564,
  "val_Precision_class2": 0.882485032081604,
  "val_Precision_class3": 0.44999998807907104,
  "val_Precision_class4": 0.9141176342964172,
  "val_Recall_class0": 0.9313870072364807,
  "val_Recall_class1": 0.9283088445663452,
  "val_Recall_class2": 0.9656019806861877,
  "val_Recall_class3": 0.9290322661399841,
  "val_Recall_class4": 0.9980732202529907,
  "epoch": 33,
  "global_step": 544
}