{
  "loss": 0.02966873161494732,
  "Cat_accuracy": 0.9915729761123657,
  "F1_score_class0": 0.9958332180976868,
  "F1_score_class1": 0.9043092131614685,
  "F1_score_class2": 0.9791301488876343,
  "F1_score_class3": 0.8313090205192566,
  "F1_score_class4": 0.996108889579773,
  "Precision_class0": 0.9940258860588074,
  "Precision_class1": 0.9564343094825745,
  "Precision_class2": 0.9784714579582214,
  "Precision_class3": 0.9390243887901306,
  "Precision_class4": 0.9968427419662476,
  "Recall_class0": 0.9976471662521362,
  "Recall_class1": 0.8575721383094788,
  "Recall_class2": 0.9797897934913635,
  "Recall_class3": 0.7457627058029175,
  "Recall_class4": 0.9953762292861938,
  "val_loss": 0.03737666830420494,
  "val_Cat_accuracy": 0.9900867938995361,
  "val_F1_score_class0": 0.9947797656059265,
  "val_F1_score_class1": 0.9128396511077881,
  "val_F1_score_class2": 0.9728617668151855,
  "val_F1_score_class3": 0.8292681574821472,
  "val_F1_score_class4": 0.9945284128189087,
  "val_Precision_class0": 0.9937648773193359,
  "val_Precision_class1": 0.9311663508415222,
  "val_Precision_class2": 0.9768785834312439,
  "val_Precision_class3": 0.9015151262283325,
  "val_Precision_class4": 0.9967741966247559,
  "val_Recall_class0": 0.9957968592643738,
  "val_Recall_class1": 0.8952205777168274,
  "val_Recall_class2": 0.9688779711723328,
  "val_Recall_class3": 0.7677419185638428,
  "val_Recall_class4": 0.9922928810119629,
  "epoch": 32,
  "global_step": 1023
}