{
  "loss": 0.29866084456443787,
  "Cat_accuracy": 0.8603140115737915,
  "F1_score_class0": 0.8926053047180176,
  "F1_score_class1": 0.43941640853881836,
  "F1_score_class2": 0.7264672517776489,
  "F1_score_class3": 0.3957870602607727,
  "F1_score_class4": 0.9654959440231323,
  "Precision_class0": 0.9929580688476562,
  "Precision_class1": 0.2920458912849426,
  "Precision_class2": 0.6166572570800781,
  "Precision_class3": 0.2566498816013336,
  "Precision_class4": 0.9439759254455566,
  "Recall_class0": 0.8106749057769775,
  "Recall_class1": 0.8870192170143127,
  "Recall_class2": 0.8838587999343872,
  "Recall_class3": 0.8644067645072937,
  "Recall_class4": 0.9880201816558838,
  "val_loss": 0.25680243968963623,
  "val_Cat_accuracy": 0.9195560216903687,
  "val_F1_score_class0": 0.9491284489631653,
  "val_F1_score_class1": 0.5613825917243958,
  "val_F1_score_class2": 0.8248634934425354,
  "val_F1_score_class3": 0.3949223756790161,
  "val_F1_score_class4": 0.9747633337974548,
  "val_Precision_class0": 0.9889189600944519,
  "val_Precision_class1": 0.41534391045570374,
  "val_Precision_class2": 0.8465517163276672,
  "val_Precision_class3": 0.2527075707912445,
  "val_Precision_class4": 0.9578425288200378,
  "val_Recall_class0": 0.9124162197113037,
  "val_Recall_class1": 0.8658088445663452,
  "val_Recall_class2": 0.8042588233947754,
  "val_Recall_class3": 0.9032257795333862,
  "val_Recall_class4": 0.9922928810119629,
  "epoch": 27,
  "global_step": 1736
}