{
  "loss": 0.023577846586704254,
  "Cat_accuracy": 0.9931066036224365,
  "F1_score_class0": 0.9967581033706665,
  "F1_score_class1": 0.9206054210662842,
  "F1_score_class2": 0.9812995195388794,
  "F1_score_class3": 0.8444443941116333,
  "F1_score_class4": 0.9973697662353516,
  "Precision_class0": 0.9959085583686829,
  "Precision_class1": 0.947234570980072,
  "Precision_class2": 0.9798495173454285,
  "Precision_class3": 0.9176136255264282,
  "Precision_class4": 0.9985253810882568,
  "Recall_class0": 0.9976092576980591,
  "Recall_class1": 0.895432710647583,
  "Recall_class2": 0.9827539920806885,
  "Recall_class3": 0.7820823192596436,
  "Recall_class4": 0.996216893196106,
  "val_loss": 0.03927098587155342,
  "val_Cat_accuracy": 0.9905611276626587,
  "val_F1_score_class0": 0.9951163530349731,
  "val_F1_score_class1": 0.9023255109786987,
  "val_F1_score_class2": 0.9791239500045776,
  "val_F1_score_class3": 0.8553053736686707,
  "val_F1_score_class4": 0.9945248961448669,
  "val_Precision_class0": 0.9948904514312744,
  "val_Precision_class1": 0.9133710265159607,
  "val_Precision_class2": 0.978723406791687,
  "val_Precision_class3": 0.8525640964508057,
  "val_Precision_class4": 0.9974160194396973,
  "val_Recall_class0": 0.995342493057251,
  "val_Recall_class1": 0.8915441036224365,
  "val_Recall_class2": 0.9795249700546265,
  "val_Recall_class3": 0.8580645322799683,
  "val_Recall_class4": 0.9916505813598633,
  "epoch": 27,
  "global_step": 3472
}