{
  "Cat_accuracy": 0.9878891110420227,
  "F1_score_class0": 0.9944470524787903,
  "F1_score_class1": 0.8726445436477661,
  "F1_score_class2": 0.9654515385627747,
  "F1_score_class3": 0.7303370237350464,
  "F1_score_class4": 0.9927329421043396,
  "Precision_class0": 0.9915861487388611,
  "Precision_class1": 0.9497878551483154,
  "Precision_class2": 0.9747322201728821,
  "Precision_class3": 0.8695651888847351,
  "Precision_class4": 0.9949334859848022,
  "Recall_class0": 0.9973246455192566,
  "Recall_class1": 0.8070913553237915,
  "Recall_class2": 0.9563459753990173,
  "Recall_class3": 0.629539966583252,
  "Recall_class4": 0.9905422329902649,
  "loss": 0.04434240981936455,
  "val_Cat_accuracy": 0.9858654141426086,
  "val_F1_score_class0": 0.9930049777030945,
  "val_F1_score_class1": 0.8411587476730347,
  "val_F1_score_class2": 0.9600657820701599,
  "val_F1_score_class3": 0.7769784331321716,
  "val_F1_score_class4": 0.9903411865234375,
  "val_Precision_class0": 0.9902287721633911,
  "val_Precision_class1": 0.921225368976593,
  "val_Precision_class2": 0.9652317762374878,
  "val_Precision_class3": 0.8780487775802612,
  "val_Precision_class4": 0.9928986430168152,
  "val_Recall_class0": 0.9957968592643738,
  "val_Recall_class1": 0.7738970518112183,
  "val_Recall_class2": 0.954954981803894,
  "val_Recall_class3": 0.6967741847038269,
  "val_Recall_class4": 0.9877970218658447,
  "val_loss": 0.056600794196128845,
  "epoch": 26,
  "global_step": 1674
}