{
  "loss": 0.2529356777667999,
  "Cat_accuracy": 0.8803617358207703,
  "F1_score_class0": 0.9096838235855103,
  "F1_score_class1": 0.4597700238227844,
  "F1_score_class2": 0.9002516269683838,
  "F1_score_class3": 0.26681363582611084,
  "F1_score_class4": 0.9351945519447327,
  "Precision_class0": 0.9936613440513611,
  "Precision_class1": 0.3114998936653137,
  "Precision_class2": 0.8853569626808167,
  "Precision_class3": 0.15727902948856354,
  "Precision_class4": 0.9076344966888428,
  "Recall_class0": 0.8387947678565979,
  "Recall_class1": 0.8774038553237915,
  "Recall_class2": 0.9156561493873596,
  "Recall_class3": 0.8789346218109131,
  "Recall_class4": 0.9644808769226074,
  "val_loss": 0.2876446545124054,
  "val_Cat_accuracy": 0.910449206829071,
  "val_F1_score_class0": 0.9381872415542603,
  "val_F1_score_class1": 0.508240282535553,
  "val_F1_score_class2": 0.9153241515159607,
  "val_F1_score_class3": 0.3805308938026428,
  "val_F1_score_class4": 0.9358139038085938,
  "val_Precision_class0": 0.9928340315818787,
  "val_Precision_class1": 0.3575168251991272,
  "val_Precision_class2": 0.9233333468437195,
  "val_Precision_class3": 0.24665391445159912,
  "val_Precision_class4": 0.9046762585639954,
  "val_Recall_class0": 0.8892422914505005,
  "val_Recall_class1": 0.8786764740943909,
  "val_Recall_class2": 0.9074528813362122,
  "val_Recall_class3": 0.8322580456733704,
  "val_Recall_class4": 0.9691714644432068,
  "epoch": 28,
  "global_step": 464
}