{
  "loss": 0.05960977450013161,
  "Cat_accuracy": 0.9837942123413086,
  "F1_score_class0": 0.9922822713851929,
  "F1_score_class1": 0.8224612474441528,
  "F1_score_class2": 0.9536821246147156,
  "F1_score_class3": 0.6595743298530579,
  "F1_score_class4": 0.9854060411453247,
  "Precision_class0": 0.9880356788635254,
  "Precision_class1": 0.9335877895355225,
  "Precision_class2": 0.9672948718070984,
  "Precision_class3": 0.8857142925262451,
  "Precision_class4": 0.9916986227035522,
  "Recall_class0": 0.9965656399726868,
  "Recall_class1": 0.7349759340286255,
  "Recall_class2": 0.9404473304748535,
  "Recall_class3": 0.5254237055778503,
  "Recall_class4": 0.9791929125785828,
  "val_loss": 0.07029936462640762,
  "val_Cat_accuracy": 0.9822131395339966,
  "val_F1_score_class0": 0.9912424087524414,
  "val_F1_score_class1": 0.7962183952331543,
  "val_F1_score_class2": 0.9526577591896057,
  "val_F1_score_class3": 0.7230769395828247,
  "val_F1_score_class4": 0.9818652272224426,
  "val_Precision_class0": 0.986061155796051,
  "val_Precision_class1": 0.9289215803146362,
  "val_Precision_class2": 0.9663016200065613,
  "val_Precision_class3": 0.8952381014823914,
  "val_Precision_class4": 0.9902024865150452,
  "val_Recall_class0": 0.9964784979820251,
  "val_Recall_class1": 0.6966911554336548,
  "val_Recall_class2": 0.939393937587738,
  "val_Recall_class3": 0.6064516305923462,
  "val_Recall_class4": 0.973667323589325,
  "epoch": 29,
  "global_step": 930
}