{
  "loss": 0.20807072520256042,
  "Cat_accuracy": 0.947967529296875,
  "F1_score_class0": 0.9786325693130493,
  "F1_score_class1": 0.0,
  "F1_score_class2": 0.8318418264389038,
  "F1_score_class3": 0.0,
  "F1_score_class4": 0.9362269639968872,
  "Precision_class0": 0.9656274318695068,
  "Precision_class1": 0.0,
  "Precision_class2": 0.8246821761131287,
  "Precision_class3": 0.0,
  "Precision_class4": 0.9950319528579712,
  "Recall_class0": 0.9919928908348083,
  "Recall_class1": 0.0,
  "Recall_class2": 0.8391269445419312,
  "Recall_class3": 0.0,
  "Recall_class4": 0.8839848637580872,
  "val_loss": 0.1820535808801651,
  "val_Cat_accuracy": 0.9515249133110046,
  "val_F1_score_class0": 0.9826802611351013,
  "val_F1_score_class1": 0.0,
  "val_F1_score_class2": 0.8584070205688477,
  "val_F1_score_class3": 0.0,
  "val_F1_score_class4": 0.9421319365501404,
  "val_Precision_class0": 0.9699048399925232,
  "val_Precision_class1": 0.0,
  "val_Precision_class2": 0.843478262424469,
  "val_Precision_class3": 0.0,
  "val_Precision_class4": 0.995708167552948,
  "val_Recall_class0": 0.9957968592643738,
  "val_Recall_class1": 0.0,
  "val_Recall_class2": 0.8738738894462585,
  "val_Recall_class3": 0.0,
  "val_Recall_class4": 0.8940269947052002,
  "epoch": 29,
  "global_step": 480
}