{
  "Cat_accuracy": 0.9587977528572083,
  "F1_score_class0": 0.9827237129211426,
  "F1_score_class1": 0.07420090585947037,
  "F1_score_class2": 0.8962134718894958,
  "F1_score_class3": 0.0,
  "F1_score_class4": 0.9478097558021545,
  "Precision_class0": 0.9732062816619873,
  "Precision_class1": 0.7386363744735718,
  "Precision_class2": 0.9060865044593811,
  "Precision_class3": 0.0,
  "Precision_class4": 0.9976771473884583,
  "Recall_class0": 0.992429256439209,
  "Recall_class1": 0.0390625,
  "Recall_class2": 0.8865534663200378,
  "Recall_class3": 0.0,
  "Recall_class4": 0.9026902318000793,
  "loss": 0.16652263700962067,
  "val_Cat_accuracy": 0.9655646681785583,
  "val_F1_score_class0": 0.9858326315879822,
  "val_F1_score_class1": 0.5546011328697205,
  "val_F1_score_class2": 0.9112709164619446,
  "val_F1_score_class3": 0.0,
  "val_F1_score_class4": 0.9543317556381226,
  "val_Precision_class0": 0.9816410541534424,
  "val_Precision_class1": 0.8339483141899109,
  "val_Precision_class2": 0.8899297714233398,
  "val_Precision_class3": 0.0,
  "val_Precision_class4": 1.0,
  "val_Recall_class0": 0.9900602102279663,
  "val_Recall_class1": 0.4154411852359772,
  "val_Recall_class2": 0.9336609244346619,
  "val_Recall_class3": 0.0,
  "val_Recall_class4": 0.9126525521278381,
  "val_loss": 0.14572496712207794,
  "epoch": 29,
  "global_step": 930
}