{
  "loss": 0.023902710527181625,
  "Cat_accuracy": 0.9926481246948242,
  "F1_score_class0": 0.9963247776031494,
  "F1_score_class1": 0.9200621247291565,
  "F1_score_class2": 0.9811014533042908,
  "F1_score_class3": 0.8386242985725403,
  "F1_score_class4": 0.99705570936203,
  "Precision_class0": 0.9947419166564941,
  "Precision_class1": 0.9535783529281616,
  "Precision_class2": 0.9829591512680054,
  "Precision_class3": 0.9241982698440552,
  "Precision_class4": 0.9976851940155029,
  "Recall_class0": 0.9979128241539001,
  "Recall_class1": 0.8888221383094788,
  "Recall_class2": 0.9792508482933044,
  "Recall_class3": 0.7675544619560242,
  "Recall_class4": 0.996427059173584,
  "val_loss": 0.038216739892959595,
  "val_Cat_accuracy": 0.990229070186615,
  "val_F1_score_class0": 0.9950364232063293,
  "val_F1_score_class1": 0.907721221446991,
  "val_F1_score_class2": 0.9714051485061646,
  "val_F1_score_class3": 0.8218181133270264,
  "val_F1_score_class4": 0.9945459961891174,
  "val_Precision_class0": 0.993768036365509,
  "val_Precision_class1": 0.9305019378662109,
  "val_Precision_class2": 0.9690301418304443,
  "val_Precision_class3": 0.9416666626930237,
  "val_Precision_class4": 0.9935897588729858,
  "val_Recall_class0": 0.9963080883026123,
  "val_Recall_class1": 0.8860294222831726,
  "val_Recall_class2": 0.9737919569015503,
  "val_Recall_class3": 0.7290322780609131,
  "val_Recall_class4": 0.9955042004585266,
  "epoch": 18,
  "global_step": 2356
}