{
  "loss": 0.0150461969897151,
  "Cat_accuracy": 0.9918891787528992,
  "F1_score_class0": 0.9958873391151428,
  "F1_score_class1": 0.914962887763977,
  "F1_score_class2": 0.9785060882568359,
  "F1_score_class3": 0.861423134803772,
  "F1_score_class4": 0.9976875185966492,
  "Precision_class0": 0.9970142841339111,
  "Precision_class1": 0.9023962616920471,
  "Precision_class2": 0.975622832775116,
  "Precision_class3": 0.8891752362251282,
  "Precision_class4": 0.9978973865509033,
  "Recall_class0": 0.9947631359100342,
  "Recall_class1": 0.9278846383094788,
  "Recall_class2": 0.9814066290855408,
  "Recall_class3": 0.8353511095046997,
  "Recall_class4": 0.9974779486656189,
  "val_loss": 0.049122922122478485,
  "val_Cat_accuracy": 0.9892804622650146,
  "val_F1_score_class0": 0.9942327737808228,
  "val_F1_score_class1": 0.8843662738800049,
  "val_F1_score_class2": 0.9742751717567444,
  "val_F1_score_class3": 0.8580644726753235,
  "val_F1_score_class4": 0.9945459961891174,
  "val_Precision_class0": 0.9946001172065735,
  "val_Precision_class1": 0.890130341053009,
  "val_Precision_class2": 0.9714983701705933,
  "val_Precision_class3": 0.8580645322799683,
  "val_Precision_class4": 0.9935897588729858,
  "val_Recall_class0": 0.9938657283782959,
  "val_Recall_class1": 0.8786764740943909,
  "val_Recall_class2": 0.9770679473876953,
  "val_Recall_class3": 0.8580645322799683,
  "val_Recall_class4": 0.9955042004585266,
  "epoch": 14,
  "global_step": 465
}