{
  "loss": 0.02599407359957695,
  "Cat_accuracy": 0.9865452647209167,
  "F1_score_class0": 0.9928621649742126,
  "F1_score_class1": 0.8556976318359375,
  "F1_score_class2": 0.9711822867393494,
  "F1_score_class3": 0.7979539036750793,
  "F1_score_class4": 0.9922103881835938,
  "Precision_class0": 0.9946678876876831,
  "Precision_class1": 0.8473777174949646,
  "Precision_class2": 0.9706594944000244,
  "Precision_class3": 0.8455284833908081,
  "Precision_class4": 0.9938844442367554,
  "Recall_class0": 0.991063117980957,
  "Recall_class1": 0.864182710647583,
  "Recall_class2": 0.9717057347297668,
  "Recall_class3": 0.7554479241371155,
  "Recall_class4": 0.9905422329902649,
  "val_loss": 0.048287879675626755,
  "val_Cat_accuracy": 0.9875729084014893,
  "val_F1_score_class0": 0.993446946144104,
  "val_F1_score_class1": 0.8695651292800903,
  "val_F1_score_class2": 0.9681158661842346,
  "val_F1_score_class3": 0.8169933557510376,
  "val_F1_score_class4": 0.9916128516197205,
  "val_Precision_class0": 0.9923490881919861,
  "val_Precision_class1": 0.9164969325065613,
  "val_Precision_class2": 0.9790619611740112,
  "val_Precision_class3": 0.8278145790100098,
  "val_Precision_class4": 0.9961114525794983,
  "val_Recall_class0": 0.9945473074913025,
  "val_Recall_class1": 0.8272058963775635,
  "val_Recall_class2": 0.9574119448661804,
  "val_Recall_class3": 0.8064516186714172,
  "val_Recall_class4": 0.9871547818183899,
  "epoch": 29,
  "global_step": 930
}