{
  "loss": 0.2527270019054413,
  "Cat_accuracy": 0.8728201389312744,
  "F1_score_class0": 0.9103268980979919,
  "F1_score_class1": 0.4459134340286255,
  "F1_score_class2": 0.7887618541717529,
  "F1_score_class3": 0.3198947608470917,
  "F1_score_class4": 0.9706032872200012,
  "Precision_class0": 0.9938914775848389,
  "Precision_class1": 0.2972756326198578,
  "Precision_class2": 0.6950893998146057,
  "Precision_class3": 0.19529159367084503,
  "Precision_class4": 0.9530078768730164,
  "Recall_class0": 0.8397244811058044,
  "Recall_class1": 0.8918269276618958,
  "Recall_class2": 0.9116141200065613,
  "Recall_class3": 0.8837772607803345,
  "Recall_class4": 0.9888608455657959,
  "val_loss": 0.23789575695991516,
  "val_Cat_accuracy": 0.9318408370018005,
  "val_F1_score_class0": 0.9571507573127747,
  "val_F1_score_class1": 0.5361512303352356,
  "val_F1_score_class2": 0.8800641298294067,
  "val_F1_score_class3": 0.5425741672515869,
  "val_F1_score_class4": 0.980178952217102,
  "val_Precision_class0": 0.9924376606941223,
  "val_Precision_class1": 0.38437002897262573,
  "val_Precision_class2": 0.8624213933944702,
  "val_Precision_class3": 0.39142856001853943,
  "val_Precision_class4": 0.9758116006851196,
  "val_Recall_class0": 0.9242871999740601,
  "val_Recall_class1": 0.8860294222831726,
  "val_Recall_class2": 0.898443877696991,
  "val_Recall_class3": 0.8838709592819214,
  "val_Recall_class4": 0.9845857620239258,
  "epoch": 23,
  "global_step": 2976
}