{
  "loss": 0.1843845546245575,
  "Cat_accuracy": 0.9121567010879517,
  "F1_score_class0": 0.9386919140815735,
  "F1_score_class1": 0.5376266837120056,
  "F1_score_class2": 0.9187614917755127,
  "F1_score_class3": 0.3457232117652893,
  "F1_score_class4": 0.9580159783363342,
  "Precision_class0": 0.9953852295875549,
  "Precision_class1": 0.38185495138168335,
  "Precision_class2": 0.9025214314460754,
  "Precision_class3": 0.21208791434764862,
  "Precision_class4": 0.9385080933570862,
  "Recall_class0": 0.8881088495254517,
  "Recall_class1": 0.9080528616905212,
  "Recall_class2": 0.9355968832969666,
  "Recall_class3": 0.9346246719360352,
  "Recall_class4": 0.9783522486686707,
  "val_loss": 0.22642578184604645,
  "val_Cat_accuracy": 0.9328368902206421,
  "val_F1_score_class0": 0.9556697010993958,
  "val_F1_score_class1": 0.5853365063667297,
  "val_F1_score_class2": 0.9225210547447205,
  "val_F1_score_class3": 0.4388609230518341,
  "val_F1_score_class4": 0.9542319178581238,
  "val_Precision_class0": 0.9947161674499512,
  "val_Precision_class1": 0.4348214268684387,
  "val_Precision_class2": 0.9047244191169739,
  "val_Precision_class3": 0.29638010263442993,
  "val_Precision_class4": 0.9320269227027893,
  "val_Recall_class0": 0.9195728898048401,
  "val_Recall_class1": 0.8952205777168274,
  "val_Recall_class2": 0.9410319328308105,
  "val_Recall_class3": 0.8451613187789917,
  "val_Recall_class4": 0.9775208830833435,
  "epoch": 27,
  "global_step": 868
}