{
  "loss": 0.5482409596443176,
  "Cat_accuracy": 0.6999003887176514,
  "F1_score_class0": 0.6930501461029053,
  "F1_score_class1": 0.33446356654167175,
  "F1_score_class2": 0.4489865303039551,
  "F1_score_class3": 0.1758849322795868,
  "F1_score_class4": 0.9578375816345215,
  "Precision_class0": 0.9776080846786499,
  "Precision_class1": 0.21597477793693542,
  "Precision_class2": 0.3295096457004547,
  "Precision_class3": 0.0992819219827652,
  "Precision_class4": 0.9512852430343628,
  "Recall_class0": 0.5368005633354187,
  "Recall_class1": 0.7409855723381042,
  "Recall_class2": 0.7043923735618591,
  "Recall_class3": 0.7699757814407349,
  "Recall_class4": 0.9644808769226074,
  "val_loss": 0.7068579792976379,
  "val_Cat_accuracy": 0.7331973910331726,
  "val_F1_score_class0": 0.7578244209289551,
  "val_F1_score_class1": 0.2697308659553528,
  "val_F1_score_class2": 0.5498720407485962,
  "val_F1_score_class3": 0.27078887820243835,
  "val_F1_score_class4": 0.9682182669639587,
  "val_Precision_class0": 0.9772197604179382,
  "val_Precision_class1": 0.16141875088214874,
  "val_Precision_class2": 0.4509701132774353,
  "val_Precision_class3": 0.16219668090343475,
  "val_Precision_class4": 0.9679075479507446,
  "val_Recall_class0": 0.6188799142837524,
  "val_Recall_class1": 0.8198529481887817,
  "val_Recall_class2": 0.7043406963348389,
  "val_Recall_class3": 0.8193548321723938,
  "val_Recall_class4": 0.968529224395752,
  "epoch": 29,
  "global_step": 480
}