{
  "loss": 0.026137836277484894,
  "Cat_accuracy": 0.9926639199256897,
  "F1_score_class0": 0.9964370131492615,
  "F1_score_class1": 0.9124337434768677,
  "F1_score_class2": 0.9822245240211487,
  "F1_score_class3": 0.8500651717185974,
  "F1_score_class4": 0.9981079697608948,
  "Precision_class0": 0.9952487945556641,
  "Precision_class1": 0.9475728273391724,
  "Precision_class2": 0.981695830821991,
  "Precision_class3": 0.9209039807319641,
  "Precision_class4": 0.9983178973197937,
  "Recall_class0": 0.9976282119750977,
  "Recall_class1": 0.879807710647583,
  "Recall_class2": 0.9827539920806885,
  "Recall_class3": 0.7893462181091309,
  "Recall_class4": 0.997898280620575,
  "val_loss": 0.04710965231060982,
  "val_Cat_accuracy": 0.9904662370681763,
  "val_F1_score_class0": 0.9950372576713562,
  "val_F1_score_class1": 0.9039009809494019,
  "val_F1_score_class2": 0.9724392890930176,
  "val_F1_score_class3": 0.8561872243881226,
  "val_F1_score_class4": 0.9948552250862122,
  "val_Precision_class0": 0.9936002492904663,
  "val_Precision_class1": 0.9368836283683777,
  "val_Precision_class2": 0.9768595099449158,
  "val_Precision_class3": 0.8888888955116272,
  "val_Precision_class4": 0.996136486530304,
  "val_Recall_class0": 0.9964784979820251,
  "val_Recall_class1": 0.873161792755127,
  "val_Recall_class2": 0.9680589437484741,
  "val_Recall_class3": 0.8258064389228821,
  "val_Recall_class4": 0.9935774207115173,
  "epoch": 11,
  "global_step": 744
}