{
  "loss": 0.01326138898730278,
  "Cat_accuracy": 0.9956995248794556,
  "F1_score_class0": 0.9980564713478088,
  "F1_score_class1": 0.9552782773971558,
  "F1_score_class2": 0.9881401658058167,
  "F1_score_class3": 0.8749998807907104,
  "F1_score_class4": 0.9992640614509583,
  "Precision_class0": 0.9973850846290588,
  "Precision_class1": 0.9673444032669067,
  "Precision_class2": 0.9884065985679626,
  "Precision_class3": 0.9245283007621765,
  "Precision_class4": 0.9995793700218201,
  "Recall_class0": 0.9987287521362305,
  "Recall_class1": 0.9435096383094788,
  "Recall_class2": 0.987873911857605,
  "Recall_class3": 0.8305084705352783,
  "Recall_class4": 0.9989491105079651,
  "val_loss": 0.039620839059352875,
  "val_Cat_accuracy": 0.9917943477630615,
  "val_F1_score_class0": 0.9958032965660095,
  "val_F1_score_class1": 0.9293119311332703,
  "val_F1_score_class2": 0.974693775177002,
  "val_F1_score_class3": 0.8601398468017578,
  "val_F1_score_class4": 0.9935483336448669,
  "val_Precision_class0": 0.9942808747291565,
  "val_Precision_class1": 0.9535783529281616,
  "val_Precision_class2": 0.9715215563774109,
  "val_Precision_class3": 0.9389312863349915,
  "val_Precision_class4": 0.9980557560920715,
  "val_Recall_class0": 0.9973304271697998,
  "val_Recall_class1": 0.90625,
  "val_Recall_class2": 0.977886974811554,
  "val_Recall_class3": 0.7935484051704407,
  "val_Recall_class4": 0.9890815615653992,
  "epoch": 25,
  "global_step": 6448
}