{
  "loss": 0.04048703610897064,
  "Cat_accuracy": 0.9885057210922241,
  "F1_score_class0": 0.9941244721412659,
  "F1_score_class1": 0.8820314407348633,
  "F1_score_class2": 0.9608482122421265,
  "F1_score_class3": 0.8373332619667053,
  "F1_score_class4": 0.9938907623291016,
  "Precision_class0": 0.9914323687553406,
  "Precision_class1": 0.9481686353683472,
  "Precision_class2": 0.9695473313331604,
  "Precision_class3": 0.9317507147789001,
  "Precision_class4": 0.9961993098258972,
  "Recall_class0": 0.9968312978744507,
  "Recall_class1": 0.8245192170143127,
  "Recall_class2": 0.952303946018219,
  "Recall_class3": 0.7602905631065369,
  "Recall_class4": 0.9915931224822998,
  "val_loss": 0.05795692652463913,
  "val_Cat_accuracy": 0.985723078250885,
  "val_F1_score_class0": 0.9929358959197998,
  "val_F1_score_class1": 0.8652611374855042,
  "val_F1_score_class2": 0.9493774771690369,
  "val_F1_score_class3": 0.8158844113349915,
  "val_F1_score_class4": 0.9893581867218018,
  "val_Precision_class0": 0.9918947815895081,
  "val_Precision_class1": 0.8628884553909302,
  "val_Precision_class2": 0.9621530771255493,
  "val_Precision_class3": 0.9262295365333557,
  "val_Precision_class4": 0.9935232996940613,
  "val_Recall_class0": 0.9939793348312378,
  "val_Recall_class1": 0.8676470518112183,
  "val_Recall_class2": 0.9369369149208069,
  "val_Recall_class3": 0.7290322780609131,
  "val_Recall_class4": 0.9852280020713806,
  "epoch": 28,
  "global_step": 3596
}