{
  "loss": 0.03308309242129326,
  "Cat_accuracy": 0.99079829454422,
  "F1_score_class0": 0.9955204129219055,
  "F1_score_class1": 0.8986865878105164,
  "F1_score_class2": 0.974004864692688,
  "F1_score_class3": 0.8125,
  "F1_score_class4": 0.9961081147193909,
  "Precision_class0": 0.9937793016433716,
  "Precision_class1": 0.9367666244506836,
  "Precision_class2": 0.9787755012512207,
  "Precision_class3": 0.925696611404419,
  "Precision_class4": 0.997052013874054,
  "Recall_class0": 0.9972677230834961,
  "Recall_class1": 0.8635817170143127,
  "Recall_class2": 0.9692805409431458,
  "Recall_class3": 0.7239709496498108,
  "Recall_class4": 0.9951660633087158,
  "val_loss": 0.0371597521007061,
  "val_Cat_accuracy": 0.9898970723152161,
  "val_F1_score_class0": 0.9949551224708557,
  "val_F1_score_class1": 0.9038460850715637,
  "val_F1_score_class2": 0.96875,
  "val_F1_score_class3": 0.8100358843803406,
  "val_F1_score_class4": 0.9948486089706421,
  "val_Precision_class0": 0.9929290413856506,
  "val_Precision_class1": 0.9475806355476379,
  "val_Precision_class2": 0.9727497696876526,
  "val_Precision_class3": 0.9112903475761414,
  "val_Precision_class4": 0.997417688369751,
  "val_Recall_class0": 0.9969896674156189,
  "val_Recall_class1": 0.8639705777168274,
  "val_Recall_class2": 0.9647829532623291,
  "val_Recall_class3": 0.7290322780609131,
  "val_Recall_class4": 0.9922928810119629,
  "epoch": 34,
  "global_step": 1085
}