{
  "loss": 0.014294533059000969,
  "Cat_accuracy": 0.9922686815261841,
  "F1_score_class0": 0.9960955381393433,
  "F1_score_class1": 0.9271600842475891,
  "F1_score_class2": 0.9795312881469727,
  "F1_score_class3": 0.8525401949882507,
  "F1_score_class4": 0.995903730392456,
  "Precision_class0": 0.9974126815795898,
  "Precision_class1": 0.9102489948272705,
  "Precision_class2": 0.9790040254592896,
  "Precision_class3": 0.8730964660644531,
  "Precision_class4": 0.9953810572624207,
  "Recall_class0": 0.9947820901870728,
  "Recall_class1": 0.9447115659713745,
  "Recall_class2": 0.9800592660903931,
  "Recall_class3": 0.832929790019989,
  "Recall_class4": 0.996427059173584,
  "val_loss": 0.037524908781051636,
  "val_Cat_accuracy": 0.9906085729598999,
  "val_F1_score_class0": 0.9948577284812927,
  "val_F1_score_class1": 0.9075936675071716,
  "val_F1_score_class2": 0.974233090877533,
  "val_F1_score_class3": 0.8692809343338013,
  "val_F1_score_class4": 0.995175302028656,
  "val_Precision_class0": 0.9952253699302673,
  "val_Precision_class1": 0.9034608602523804,
  "val_Precision_class2": 0.9730392098426819,
  "val_Precision_class3": 0.8807947039604187,
  "val_Precision_class4": 0.9967783689498901,
  "val_Recall_class0": 0.9944905042648315,
  "val_Recall_class1": 0.9117646813392639,
  "val_Recall_class2": 0.9754299521446228,
  "val_Recall_class3": 0.8580645322799683,
  "val_Recall_class4": 0.9935774207115173,
  "epoch": 25,
  "global_step": 1612
}