{
  "loss": 0.021711723878979683,
  "Cat_accuracy": 0.993201494216919,
  "F1_score_class0": 0.9967108368873596,
  "F1_score_class1": 0.9280197024345398,
  "F1_score_class2": 0.9765750765800476,
  "F1_score_class3": 0.8835442662239075,
  "F1_score_class4": 0.9988436698913574,
  "Precision_class0": 0.9958330392837524,
  "Precision_class1": 0.9548633098602295,
  "Precision_class2": 0.9757869243621826,
  "Precision_class3": 0.9257294535636902,
  "Precision_class4": 0.9991587996482849,
  "Recall_class0": 0.9975902438163757,
  "Recall_class1": 0.9026442170143127,
  "Recall_class2": 0.9773645997047424,
  "Recall_class3": 0.8450363278388977,
  "Recall_class4": 0.998528778553009,
  "val_loss": 0.060949694365262985,
  "val_Cat_accuracy": 0.9858179688453674,
  "val_F1_score_class0": 0.9925568103790283,
  "val_F1_score_class1": 0.879406213760376,
  "val_F1_score_class2": 0.9448052048683167,
  "val_F1_score_class3": 0.8695651888847351,
  "val_F1_score_class4": 0.9896973371505737,
  "val_Precision_class0": 0.9928953051567078,
  "val_Precision_class1": 0.8876404762268066,
  "val_Precision_class2": 0.936444103717804,
  "val_Precision_class3": 0.9027777910232544,
  "val_Precision_class4": 0.9922530651092529,
  "val_Recall_class0": 0.992218554019928,
  "val_Recall_class1": 0.8713235259056091,
  "val_Recall_class2": 0.9533169269561768,
  "val_Recall_class3": 0.8387096524238586,
  "val_Recall_class4": 0.9871547818183899,
  "epoch": 19,
  "global_step": 2480
}