{
  "loss": 0.026353253051638603,
  "Cat_accuracy": 0.9923477172851562,
  "F1_score_class0": 0.9964382648468018,
  "F1_score_class1": 0.9141778945922852,
  "F1_score_class2": 0.9804502129554749,
  "F1_score_class3": 0.812748908996582,
  "F1_score_class4": 0.9961121082305908,
  "Precision_class0": 0.9948928356170654,
  "Precision_class1": 0.9584706425666809,
  "Precision_class2": 0.9811117053031921,
  "Precision_class3": 0.8999999761581421,
  "Precision_class4": 0.9960075616836548,
  "Recall_class0": 0.9979887008666992,
  "Recall_class1": 0.8737980723381042,
  "Recall_class2": 0.9797897934913635,
  "Recall_class3": 0.7409201264381409,
  "Recall_class4": 0.996216893196106,
  "val_loss": 0.05136559158563614,
  "val_Cat_accuracy": 0.9870511889457703,
  "val_F1_score_class0": 0.9933323264122009,
  "val_F1_score_class1": 0.8673564791679382,
  "val_F1_score_class2": 0.9640228152275085,
  "val_F1_score_class3": 0.8113878965377808,
  "val_F1_score_class4": 0.9919484257698059,
  "val_Precision_class0": 0.9924032092094421,
  "val_Precision_class1": 0.8882466554641724,
  "val_Precision_class2": 0.9624489545822144,
  "val_Precision_class3": 0.9047619104385376,
  "val_Precision_class4": 0.9948320388793945,
  "val_Recall_class0": 0.9942632913589478,
  "val_Recall_class1": 0.8474264740943909,
  "val_Recall_class2": 0.9656019806861877,
  "val_Recall_class3": 0.7354838848114014,
  "val_Recall_class4": 0.9890815615653992,
  "epoch": 24,
  "global_step": 6200
}