{
  "loss": 0.11980703473091125,
  "Cat_accuracy": 0.9485525488853455,
  "F1_score_class0": 0.975949764251709,
  "F1_score_class1": 0.07965552806854248,
  "F1_score_class2": 0.861217737197876,
  "F1_score_class3": 0.0,
  "F1_score_class4": 0.9429296255111694,
  "Precision_class0": 0.9755796790122986,
  "Precision_class1": 0.3814432919025421,
  "Precision_class2": 0.8768500685691833,
  "Precision_class3": 0.0,
  "Precision_class4": 0.9930248856544495,
  "Recall_class0": 0.9763201475143433,
  "Recall_class1": 0.04447115212678909,
  "Recall_class2": 0.8461331129074097,
  "Recall_class3": 0.0,
  "Recall_class4": 0.8976460695266724,
  "val_loss": 0.15757374465465546,
  "val_Cat_accuracy": 0.961722731590271,
  "val_F1_score_class0": 0.9846361875534058,
  "val_F1_score_class1": 0.19512192904949188,
  "val_F1_score_class2": 0.8906643986701965,
  "val_F1_score_class3": 0.0,
  "val_F1_score_class4": 0.9506213665008545,
  "val_Precision_class0": 0.9774444699287415,
  "val_Precision_class1": 0.8450704216957092,
  "val_Precision_class2": 0.9152981638908386,
  "val_Precision_class3": 0.0,
  "val_Precision_class4": 0.9964788556098938,
  "val_Recall_class0": 0.991934597492218,
  "val_Recall_class1": 0.11029411852359772,
  "val_Recall_class2": 0.8673218488693237,
  "val_Recall_class3": 0.0,
  "val_Recall_class4": 0.9087989926338196,
  "epoch": 27,
  "global_step": 448
}