{
  "loss": 0.09003184735774994,
  "Cat_accuracy": 0.9753197431564331,
  "F1_score_class0": 0.9884378910064697,
  "F1_score_class1": 0.7345767021179199,
  "F1_score_class2": 0.9235382080078125,
  "F1_score_class3": 0.22929935157299042,
  "F1_score_class4": 0.9741451740264893,
  "Precision_class0": 0.9818045496940613,
  "Precision_class1": 0.9110320210456848,
  "Precision_class2": 0.9343629479408264,
  "Precision_class3": 0.931034505367279,
  "Precision_class4": 0.9906562566757202,
  "Recall_class0": 0.9951615929603577,
  "Recall_class1": 0.6153846383094788,
  "Recall_class2": 0.912961483001709,
  "Recall_class3": 0.1307506114244461,
  "Recall_class4": 0.9581757187843323,
  "val_loss": 0.08980688452720642,
  "val_Cat_accuracy": 0.9752407073974609,
  "val_F1_score_class0": 0.9882564544677734,
  "val_F1_score_class1": 0.7315435409545898,
  "val_F1_score_class2": 0.9273326992988586,
  "val_F1_score_class3": 0.333333283662796,
  "val_F1_score_class4": 0.9722674489021301,
  "val_Precision_class0": 0.9800592064857483,
  "val_Precision_class1": 0.9342857003211975,
  "val_Precision_class2": 0.9350541234016418,
  "val_Precision_class3": 1.0,
  "val_Precision_class4": 0.988063633441925,
  "val_Recall_class0": 0.9965920448303223,
  "val_Recall_class1": 0.6011029481887817,
  "val_Recall_class2": 0.9197379350662231,
  "val_Recall_class3": 0.20000000298023224,
  "val_Recall_class4": 0.9569685459136963,
  "epoch": 29,
  "global_step": 480
}