{
  "loss": 0.0174640491604805,
  "Cat_accuracy": 0.9947825074195862,
  "F1_score_class0": 0.9976682662963867,
  "F1_score_class1": 0.9465553164482117,
  "F1_score_class2": 0.9853395819664001,
  "F1_score_class3": 0.8634589910507202,
  "F1_score_class4": 0.9984230995178223,
  "Precision_class0": 0.9967424869537354,
  "Precision_class1": 0.9739351272583008,
  "Precision_class2": 0.983619749546051,
  "Precision_class3": 0.932584285736084,
  "Precision_class4": 0.998738169670105,
  "Recall_class0": 0.9985958933830261,
  "Recall_class1": 0.9206730723381042,
  "Recall_class2": 0.9870654940605164,
  "Recall_class3": 0.8038740754127502,
  "Recall_class4": 0.998108446598053,
  "val_loss": 0.050029169768095016,
  "val_Cat_accuracy": 0.9899445176124573,
  "val_F1_score_class0": 0.9946914911270142,
  "val_F1_score_class1": 0.9015931487083435,
  "val_F1_score_class2": 0.9713113903999329,
  "val_F1_score_class3": 0.8534201383590698,
  "val_F1_score_class4": 0.9945284128189087,
  "val_Precision_class0": 0.9942681789398193,
  "val_Precision_class1": 0.9196940660476685,
  "val_Precision_class2": 0.9721083045005798,
  "val_Precision_class3": 0.8618420958518982,
  "val_Precision_class4": 0.9967741966247559,
  "val_Recall_class0": 0.9951152801513672,
  "val_Recall_class1": 0.8841911554336548,
  "val_Recall_class2": 0.9705159664154053,
  "val_Recall_class3": 0.8451613187789917,
  "val_Recall_class4": 0.9922928810119629,
  "epoch": 14,
  "global_step": 3720
}