{
  "loss": 0.023126494139432907,
  "Cat_accuracy": 0.9872092604637146,
  "F1_score_class0": 0.993073582649231,
  "F1_score_class1": 0.8745539784431458,
  "F1_score_class2": 0.9580192565917969,
  "F1_score_class3": 0.8578615784645081,
  "F1_score_class4": 0.9952695965766907,
  "Precision_class0": 0.9945383071899414,
  "Precision_class1": 0.8652940988540649,
  "Precision_class2": 0.9567320346832275,
  "Precision_class3": 0.8926701545715332,
  "Precision_class4": 0.9955835938453674,
  "Recall_class0": 0.9916133880615234,
  "Recall_class1": 0.8840144276618958,
  "Recall_class2": 0.9593101739883423,
  "Recall_class3": 0.8256658315658569,
  "Recall_class4": 0.994955837726593,
  "val_loss": 0.07061213999986649,
  "val_Cat_accuracy": 0.9828771948814392,
  "val_F1_score_class0": 0.9908672571182251,
  "val_F1_score_class1": 0.8367729187011719,
  "val_F1_score_class2": 0.9413720965385437,
  "val_F1_score_class3": 0.8367345929145813,
  "val_F1_score_class4": 0.9900224804878235,
  "val_Precision_class0": 0.9895762801170349,
  "val_Precision_class1": 0.8544061183929443,
  "val_Precision_class2": 0.9560810923576355,
  "val_Precision_class3": 0.8848921060562134,
  "val_Precision_class4": 0.9922580718994141,
  "val_Recall_class0": 0.992161750793457,
  "val_Recall_class1": 0.8198529481887817,
  "val_Recall_class2": 0.9271089434623718,
  "val_Recall_class3": 0.7935484051704407,
  "val_Recall_class4": 0.9877970218658447,
  "epoch": 22,
  "global_step": 5704
}