{
  "loss": 0.025363599881529808,
  "Cat_accuracy": 0.985991895198822,
  "F1_score_class0": 0.9925592541694641,
  "F1_score_class1": 0.8597795963287354,
  "F1_score_class2": 0.9559832215309143,
  "F1_score_class3": 0.8349999189376831,
  "F1_score_class4": 0.9947367906570435,
  "Precision_class0": 0.9941937923431396,
  "Precision_class1": 0.8519173860549927,
  "Precision_class2": 0.9550833702087402,
  "Precision_class3": 0.8630490899085999,
  "Precision_class4": 0.9964150190353394,
  "Recall_class0": 0.9909303188323975,
  "Recall_class1": 0.8677884340286255,
  "Recall_class2": 0.9568849205970764,
  "Recall_class3": 0.8087167143821716,
  "Recall_class4": 0.993064284324646,
  "val_loss": 0.07687858492136002,
  "val_Cat_accuracy": 0.9821183085441589,
  "val_F1_score_class0": 0.9905819892883301,
  "val_F1_score_class1": 0.8281853199005127,
  "val_F1_score_class2": 0.9385748505592346,
  "val_F1_score_class3": 0.8187918663024902,
  "val_F1_score_class4": 0.9877655506134033,
  "val_Precision_class0": 0.9894593954086304,
  "val_Precision_class1": 0.8719512224197388,
  "val_Precision_class2": 0.9385749101638794,
  "val_Precision_class3": 0.8531468510627747,
  "val_Precision_class4": 0.9903163313865662,
  "val_Recall_class0": 0.9917073845863342,
  "val_Recall_class1": 0.7886029481887817,
  "val_Recall_class2": 0.9385749101638794,
  "val_Recall_class3": 0.7870967984199524,
  "val_Recall_class4": 0.9852280020713806,
  "epoch": 26,
  "global_step": 3348
}