{
  "Cat_accuracy": 0.9940117001533508,
  "F1_score_class0": 0.9973335266113281,
  "F1_score_class1": 0.9357224106788635,
  "F1_score_class2": 0.9841831922531128,
  "F1_score_class3": 0.8368617296218872,
  "F1_score_class4": 0.9975351691246033,
  "Precision_class0": 0.9967312216758728,
  "Precision_class1": 0.9530707001686096,
  "Precision_class2": 0.9823187589645386,
  "Precision_class3": 0.908108115196228,
  "Precision_class4": 0.9984211325645447,
  "Recall_class0": 0.9979367256164551,
  "Recall_class1": 0.9189944267272949,
  "Recall_class2": 0.9860547780990601,
  "Recall_class3": 0.7759815454483032,
  "Recall_class4": 0.9966509342193604,
  "loss": 0.019282551482319832,
  "val_Cat_accuracy": 0.9906325936317444,
  "val_F1_score_class0": 0.9949190616607666,
  "val_F1_score_class1": 0.8917953968048096,
  "val_F1_score_class2": 0.978851854801178,
  "val_F1_score_class3": 0.8880596160888672,
  "val_F1_score_class4": 0.9967688918113708,
  "val_Precision_class0": 0.995945394039154,
  "val_Precision_class1": 0.8865247964859009,
  "val_Precision_class2": 0.9739478826522827,
  "val_Precision_class3": 0.8947368264198303,
  "val_Precision_class4": 0.9975748062133789,
  "val_Recall_class0": 0.9938950538635254,
  "val_Recall_class1": 0.8971291780471802,
  "val_Recall_class2": 0.9838056564331055,
  "val_Recall_class3": 0.8814814686775208,
  "val_Recall_class4": 0.9959644675254822,
  "val_loss": 0.035193298012018204,
  "epoch": 14,
  "global_step": 990
}