{
  "Cat_accuracy": 0.984711229801178,
  "F1_score_class0": 0.9921709895133972,
  "F1_score_class1": 0.8616779446601868,
  "F1_score_class2": 0.9606212377548218,
  "F1_score_class3": 0.6706230640411377,
  "F1_score_class4": 0.9828060865402222,
  "Precision_class0": 0.9876659512519836,
  "Precision_class1": 0.9346451163291931,
  "Precision_class2": 0.9716097116470337,
  "Precision_class3": 0.8659003973007202,
  "Precision_class4": 0.9927101135253906,
  "Recall_class0": 0.9967174530029297,
  "Recall_class1": 0.7992788553237915,
  "Recall_class2": 0.9498787522315979,
  "Recall_class3": 0.5472155213356018,
  "Recall_class4": 0.9730979204177856,
  "loss": 0.053521424531936646,
  "val_Cat_accuracy": 0.9844898581504822,
  "val_F1_score_class0": 0.9917415380477905,
  "val_F1_score_class1": 0.8653464913368225,
  "val_F1_score_class2": 0.9584689736366272,
  "val_F1_score_class3": 0.6913579702377319,
  "val_F1_score_class4": 0.9824446439743042,
  "val_Precision_class0": 0.9876633882522583,
  "val_Precision_class1": 0.9377682209014893,
  "val_Precision_class2": 0.9530364274978638,
  "val_Precision_class3": 0.9545454382896423,
  "val_Precision_class4": 0.9947333931922913,
  "val_Recall_class0": 0.9958536624908447,
  "val_Recall_class1": 0.8033088445663452,
  "val_Recall_class2": 0.9639639854431152,
  "val_Recall_class3": 0.5419355034828186,
  "val_Recall_class4": 0.9704560041427612,
  "val_loss": 0.05980488657951355,
  "epoch": 28,
  "global_step": 1798
}