{
  "loss": 0.07337287068367004,
  "Cat_accuracy": 0.980726957321167,
  "F1_score_class0": 0.9913719892501831,
  "F1_score_class1": 0.8119743466377258,
  "F1_score_class2": 0.9493652582168579,
  "F1_score_class3": 0.07816090434789658,
  "F1_score_class4": 0.9811160564422607,
  "Precision_class0": 0.9875178933143616,
  "Precision_class1": 0.9220778942108154,
  "Precision_class2": 0.9618362784385681,
  "Precision_class3": 0.7727272510528564,
  "Precision_class4": 0.9905741214752197,
  "Recall_class0": 0.9952564239501953,
  "Recall_class1": 0.7253605723381042,
  "Recall_class2": 0.937213659286499,
  "Recall_class3": 0.04116222634911537,
  "Recall_class4": 0.9718369245529175,
  "val_loss": 0.05879003554582596,
  "val_Cat_accuracy": 0.9845847487449646,
  "val_F1_score_class0": 0.9926601052284241,
  "val_F1_score_class1": 0.8351647257804871,
  "val_F1_score_class2": 0.9613034129142761,
  "val_F1_score_class3": 0.43349751830101013,
  "val_F1_score_class4": 0.9912986755371094,
  "val_Precision_class0": 0.9905548095703125,
  "val_Precision_class1": 0.9146608114242554,
  "val_Precision_class2": 0.9562398791313171,
  "val_Precision_class3": 0.9166666865348816,
  "val_Precision_class4": 0.9948253631591797,
  "val_Recall_class0": 0.9947745203971863,
  "val_Recall_class1": 0.7683823704719543,
  "val_Recall_class2": 0.9664209485054016,
  "val_Recall_class3": 0.28387096524238586,
  "val_Recall_class4": 0.9877970218658447,
  "epoch": 28,
  "global_step": 3596
}