{
  "loss": 0.05261312425136566,
  "Cat_accuracy": 0.9854385256767273,
  "F1_score_class0": 0.9933339357376099,
  "F1_score_class1": 0.8134714365005493,
  "F1_score_class2": 0.9680575728416443,
  "F1_score_class3": 0.7178807854652405,
  "F1_score_class4": 0.9936788082122803,
  "Precision_class0": 0.9914188981056213,
  "Precision_class1": 0.882022500038147,
  "Precision_class2": 0.9766867756843567,
  "Precision_class3": 0.792397677898407,
  "Precision_class4": 0.9961977005004883,
  "Recall_class0": 0.9952564239501953,
  "Recall_class1": 0.754807710647583,
  "Recall_class2": 0.9595796465873718,
  "Recall_class3": 0.65617436170578,
  "Recall_class4": 0.9911727905273438,
  "val_loss": 0.04930645227432251,
  "val_Cat_accuracy": 0.9876203536987305,
  "val_F1_score_class0": 0.9941264390945435,
  "val_F1_score_class1": 0.8508603572845459,
  "val_F1_score_class2": 0.9718021154403687,
  "val_F1_score_class3": 0.7986347079277039,
  "val_F1_score_class4": 0.9935524463653564,
  "val_Precision_class0": 0.9932528138160706,
  "val_Precision_class1": 0.886454164981842,
  "val_Precision_class2": 0.9698205590248108,
  "val_Precision_class3": 0.8478260636329651,
  "val_Precision_class4": 0.9974110126495361,
  "val_Recall_class0": 0.9950017333030701,
  "val_Recall_class1": 0.8180146813392639,
  "val_Recall_class2": 0.9737919569015503,
  "val_Recall_class3": 0.7548387050628662,
  "val_Recall_class4": 0.989723801612854,
  "epoch": 29,
  "global_step": 1860
}