{
  "loss": 0.025260373950004578,
  "Cat_accuracy": 0.9929485321044922,
  "F1_score_class0": 0.9965985417366028,
  "F1_score_class1": 0.9180632829666138,
  "F1_score_class2": 0.9832838177680969,
  "F1_score_class3": 0.8457446098327637,
  "F1_score_class4": 0.9978964328765869,
  "Precision_class0": 0.9952878355979919,
  "Precision_class1": 0.9492939710617065,
  "Precision_class2": 0.9838144183158875,
  "Precision_class3": 0.9380530714988708,
  "Precision_class4": 0.9987368583679199,
  "Recall_class0": 0.9979128241539001,
  "Recall_class1": 0.8888221383094788,
  "Recall_class2": 0.9827539920806885,
  "Recall_class3": 0.7699757814407349,
  "Recall_class4": 0.9970576167106628,
  "val_loss": 0.05128958821296692,
  "val_Cat_accuracy": 0.9896124601364136,
  "val_F1_score_class0": 0.9947208762168884,
  "val_F1_score_class1": 0.8926552534103394,
  "val_F1_score_class2": 0.9713113903999329,
  "val_F1_score_class3": 0.8496731519699097,
  "val_F1_score_class4": 0.9945284128189087,
  "val_Precision_class0": 0.9941002726554871,
  "val_Precision_class1": 0.915057897567749,
  "val_Precision_class2": 0.9721083045005798,
  "val_Precision_class3": 0.860927164554596,
  "val_Precision_class4": 0.9967741966247559,
  "val_Recall_class0": 0.995342493057251,
  "val_Recall_class1": 0.8713235259056091,
  "val_Recall_class2": 0.9705159664154053,
  "val_Recall_class3": 0.8387096524238586,
  "val_Recall_class4": 0.9922928810119629,
  "epoch": 23,
  "global_step": 384
}