{
  "loss": 0.025456447154283524,
  "Cat_accuracy": 0.9901342391967773,
  "F1_score_class0": 0.9945545196533203,
  "F1_score_class1": 0.9073516130447388,
  "F1_score_class2": 0.9758777618408203,
  "F1_score_class3": 0.865892231464386,
  "F1_score_class4": 0.9968559741973877,
  "Precision_class0": 0.999769926071167,
  "Precision_class1": 0.8320801854133606,
  "Precision_class2": 0.9706745147705078,
  "Precision_class3": 0.7677902579307556,
  "Precision_class4": 0.9941471815109253,
  "Recall_class0": 0.989393413066864,
  "Recall_class1": 0.9975961446762085,
  "Recall_class2": 0.9811371564865112,
  "Recall_class3": 0.9927361011505127,
  "Recall_class4": 0.999579668045044,
  "val_loss": 0.06335638463497162,
  "val_Cat_accuracy": 0.9879523515701294,
  "val_F1_score_class0": 0.9933992624282837,
  "val_F1_score_class1": 0.8816620707511902,
  "val_F1_score_class2": 0.9681112170219421,
  "val_F1_score_class3": 0.8674697875976562,
  "val_F1_score_class4": 0.9920050501823425,
  "val_Precision_class0": 0.9952114820480347,
  "val_Precision_class1": 0.8667851090431213,
  "val_Precision_class2": 0.9665306210517883,
  "val_Precision_class3": 0.8135592937469482,
  "val_Precision_class4": 0.9878981113433838,
  "val_Recall_class0": 0.9915937781333923,
  "val_Recall_class1": 0.8970588445663452,
  "val_Recall_class2": 0.9696969985961914,
  "val_Recall_class3": 0.9290322661399841,
  "val_Recall_class4": 0.9961464405059814,
  "epoch": 29,
  "global_step": 7440
}