{
  "loss": 0.018487099558115005,
  "Cat_accuracy": 0.9947192668914795,
  "F1_score_class0": 0.9976586103439331,
  "F1_score_class1": 0.943523645401001,
  "F1_score_class2": 0.9849137663841248,
  "F1_score_class3": 0.8604650497436523,
  "F1_score_class4": 0.9987381100654602,
  "Precision_class0": 0.9967988729476929,
  "Precision_class1": 0.9642409086227417,
  "Precision_class2": 0.9846485257148743,
  "Precision_class3": 0.9224376678466797,
  "Precision_class4": 0.9993686676025391,
  "Recall_class0": 0.998520016670227,
  "Recall_class1": 0.9236778616905212,
  "Recall_class2": 0.9851791858673096,
  "Recall_class3": 0.8062953948974609,
  "Recall_class4": 0.998108446598053,
  "val_loss": 0.03299606591463089,
  "val_Cat_accuracy": 0.991509735584259,
  "val_F1_score_class0": 0.9956563711166382,
  "val_F1_score_class1": 0.9213482737541199,
  "val_F1_score_class2": 0.9736093878746033,
  "val_F1_score_class3": 0.8648647665977478,
  "val_F1_score_class4": 0.9954954385757446,
  "val_Precision_class0": 0.995289146900177,
  "val_Precision_class1": 0.9389312863349915,
  "val_Precision_class2": 0.9653784036636353,
  "val_Precision_class3": 0.9078013896942139,
  "val_Precision_class4": 0.9974210262298584,
  "val_Recall_class0": 0.9960240721702576,
  "val_Recall_class1": 0.904411792755127,
  "val_Recall_class2": 0.9819819927215576,
  "val_Recall_class3": 0.8258064389228821,
  "val_Recall_class4": 0.9935774207115173,
  "epoch": 21,
  "global_step": 2728
}