{
  "loss": 0.10404306650161743,
  "Cat_accuracy": 0.955635666847229,
  "F1_score_class0": 0.9715104103088379,
  "F1_score_class1": 0.6980218887329102,
  "F1_score_class2": 0.9395250678062439,
  "F1_score_class3": 0.5580388307571411,
  "F1_score_class4": 0.9793345332145691,
  "Precision_class0": 0.9984778761863708,
  "Precision_class1": 0.55024254322052,
  "Precision_class2": 0.9153885245323181,
  "Precision_class3": 0.3973305821418762,
  "Precision_class4": 0.9632113575935364,
  "Recall_class0": 0.9459613561630249,
  "Recall_class1": 0.9543269276618958,
  "Recall_class2": 0.9649690389633179,
  "Recall_class3": 0.9370459914207458,
  "Recall_class4": 0.9960067272186279,
  "val_loss": 0.06891896575689316,
  "val_Cat_accuracy": 0.9787506461143494,
  "val_F1_score_class0": 0.9881881475448608,
  "val_F1_score_class1": 0.8150572180747986,
  "val_F1_score_class2": 0.9504784345626831,
  "val_F1_score_class3": 0.7901906967163086,
  "val_F1_score_class4": 0.9837631583213806,
  "val_Precision_class0": 0.9952186346054077,
  "val_Precision_class1": 0.7345132827758789,
  "val_Precision_class2": 0.9661590456962585,
  "val_Precision_class3": 0.6839622855186462,
  "val_Precision_class4": 0.9753788113594055,
  "val_Recall_class0": 0.981256365776062,
  "val_Recall_class1": 0.9154411554336548,
  "val_Recall_class2": 0.9352989196777344,
  "val_Recall_class3": 0.9354838728904724,
  "val_Recall_class4": 0.9922928810119629,
  "epoch": 23,
  "global_step": 1488
}