{
  "loss": 0.01867753081023693,
  "Cat_accuracy": 0.9898338317871094,
  "F1_score_class0": 0.9949656128883362,
  "F1_score_class1": 0.9036072492599487,
  "F1_score_class2": 0.9716980457305908,
  "F1_score_class3": 0.8121058344841003,
  "F1_score_class4": 0.9955881834030151,
  "Precision_class0": 0.9961957931518555,
  "Precision_class1": 0.8894062638282776,
  "Precision_class2": 0.9719600677490234,
  "Precision_class3": 0.8473684191703796,
  "Precision_class4": 0.9951701164245605,
  "Recall_class0": 0.9937384724617004,
  "Recall_class1": 0.9182692170143127,
  "Recall_class2": 0.9714362621307373,
  "Recall_class3": 0.7796609997749329,
  "Recall_class4": 0.9960067272186279,
  "val_loss": 0.03849584236741066,
  "val_Cat_accuracy": 0.9895176291465759,
  "val_F1_score_class0": 0.9944982528686523,
  "val_F1_score_class1": 0.8967494368553162,
  "val_F1_score_class2": 0.9729507565498352,
  "val_F1_score_class3": 0.8389261364936829,
  "val_F1_score_class4": 0.9928985834121704,
  "val_Precision_class0": 0.9930901527404785,
  "val_Precision_class1": 0.9342629313468933,
  "val_Precision_class2": 0.9737489819526672,
  "val_Precision_class3": 0.8741258978843689,
  "val_Precision_class4": 0.9980531930923462,
  "val_Recall_class0": 0.9959104657173157,
  "val_Recall_class1": 0.8621323704719543,
  "val_Recall_class2": 0.9721539616584778,
  "val_Recall_class3": 0.8064516186714172,
  "val_Recall_class4": 0.9877970218658447,
  "epoch": 26,
  "global_step": 837
}