{
  "loss": 0.03473328799009323,
  "Cat_accuracy": 0.9880472421646118,
  "F1_score_class0": 0.9931046366691589,
  "F1_score_class1": 0.8926065564155579,
  "F1_score_class2": 0.9781119227409363,
  "F1_score_class3": 0.8249495625495911,
  "F1_score_class4": 0.9931033849716187,
  "Precision_class0": 0.999750018119812,
  "Precision_class1": 0.8099902272224426,
  "Precision_class2": 0.9748393893241882,
  "Precision_class3": 0.7056798338890076,
  "Precision_class4": 0.9875311851501465,
  "Recall_class0": 0.9865472316741943,
  "Recall_class1": 0.9939903616905212,
  "Recall_class2": 0.9814066290855408,
  "Recall_class3": 0.9927361011505127,
  "Recall_class4": 0.9987389445304871,
  "val_loss": 0.05113730952143669,
  "val_Cat_accuracy": 0.9860551357269287,
  "val_F1_score_class0": 0.9925000071525574,
  "val_F1_score_class1": 0.8497924208641052,
  "val_F1_score_class2": 0.9739990830421448,
  "val_F1_score_class3": 0.8285713791847229,
  "val_F1_score_class4": 0.9938886761665344,
  "val_Precision_class0": 0.9966210126876831,
  "val_Precision_class1": 0.7745839357376099,
  "val_Precision_class2": 0.981697142124176,
  "val_Precision_class3": 0.7435897588729858,
  "val_Precision_class4": 0.9954897165298462,
  "val_Recall_class0": 0.9884130358695984,
  "val_Recall_class1": 0.9411764740943909,
  "val_Recall_class2": 0.9664209485054016,
  "val_Recall_class3": 0.9354838728904724,
  "val_Recall_class4": 0.9922928810119629,
  "epoch": 32,
  "global_step": 8184
}