{
  "loss": 0.014969774521887302,
  "Cat_accuracy": 0.9918259382247925,
  "F1_score_class0": 0.9956400990486145,
  "F1_score_class1": 0.9148245453834534,
  "F1_score_class2": 0.9807199239730835,
  "F1_score_class3": 0.845869243144989,
  "F1_score_class4": 0.9962192177772522,
  "Precision_class0": 0.9968426823616028,
  "Precision_class1": 0.897628664970398,
  "Precision_class2": 0.9813815355300903,
  "Precision_class3": 0.8618090748786926,
  "Precision_class4": 0.995591938495636,
  "Recall_class0": 0.9944405555725098,
  "Recall_class1": 0.932692289352417,
  "Recall_class2": 0.9800592660903931,
  "Recall_class3": 0.8305084705352783,
  "Recall_class4": 0.99684739112854,
  "val_loss": 0.03271041810512543,
  "val_Cat_accuracy": 0.9918417930603027,
  "val_F1_score_class0": 0.9957129955291748,
  "val_F1_score_class1": 0.9201877117156982,
  "val_F1_score_class2": 0.9799426794052124,
  "val_F1_score_class3": 0.8704318404197693,
  "val_F1_score_class4": 0.9932799339294434,
  "val_Precision_class0": 0.9954021573066711,
  "val_Precision_class1": 0.9404990673065186,
  "val_Precision_class2": 0.9795417189598083,
  "val_Precision_class3": 0.8972602486610413,
  "val_Precision_class4": 0.9897959232330322,
  "val_Recall_class0": 0.9960240721702576,
  "val_Recall_class1": 0.9007353186607361,
  "val_Recall_class2": 0.9803439974784851,
  "val_Recall_class3": 0.8451613187789917,
  "val_Recall_class4": 0.9967886805534363,
  "epoch": 12,
  "global_step": 3224
}