{
  "loss": 0.017831141129136086,
  "Cat_accuracy": 0.9907666444778442,
  "F1_score_class0": 0.9953368902206421,
  "F1_score_class1": 0.9081722497940063,
  "F1_score_class2": 0.9739294648170471,
  "F1_score_class3": 0.8414480686187744,
  "F1_score_class4": 0.9955853819847107,
  "Precision_class0": 0.996368408203125,
  "Precision_class1": 0.8982951045036316,
  "Precision_class2": 0.9764355421066284,
  "Precision_class3": 0.8685566782951355,
  "Precision_class4": 0.9957947731018066,
  "Recall_class0": 0.9943076968193054,
  "Recall_class1": 0.9182692170143127,
  "Recall_class2": 0.9714362621307373,
  "Recall_class3": 0.8159806132316589,
  "Recall_class4": 0.9953762292861938,
  "val_loss": 0.036392610520124435,
  "val_Cat_accuracy": 0.9898496270179749,
  "val_F1_score_class0": 0.994805634021759,
  "val_F1_score_class1": 0.8907406330108643,
  "val_F1_score_class2": 0.9732839465141296,
  "val_F1_score_class3": 0.8591064214706421,
  "val_F1_score_class4": 0.9938846826553345,
  "val_Precision_class0": 0.9942694902420044,
  "val_Precision_class1": 0.8973880410194397,
  "val_Precision_class2": 0.9768977165222168,
  "val_Precision_class3": 0.9191176295280457,
  "val_Precision_class4": 0.996129035949707,
  "val_Recall_class0": 0.995342493057251,
  "val_Recall_class1": 0.8841911554336548,
  "val_Recall_class2": 0.9696969985961914,
  "val_Recall_class3": 0.8064516186714172,
  "val_Recall_class4": 0.9916505813598633,
  "epoch": 31,
  "global_step": 992
}