{
  "loss": 0.3045354187488556,
  "Cat_accuracy": 0.8586064577102661,
  "F1_score_class0": 0.8874767422676086,
  "F1_score_class1": 0.44607457518577576,
  "F1_score_class2": 0.8947789072990417,
  "F1_score_class3": 0.20034441351890564,
  "F1_score_class4": 0.9215527176856995,
  "Precision_class0": 0.99395352602005,
  "Precision_class1": 0.30128610134124756,
  "Precision_class2": 0.8846457600593567,
  "Precision_class3": 0.11364376544952393,
  "Precision_class4": 0.88780677318573,
  "Recall_class0": 0.801605224609375,
  "Recall_class1": 0.8587740659713745,
  "Recall_class2": 0.9051468372344971,
  "Recall_class3": 0.8450363278388977,
  "Recall_class4": 0.9579655528068542,
  "val_loss": 0.28701984882354736,
  "val_Cat_accuracy": 0.9058008790016174,
  "val_F1_score_class0": 0.934208869934082,
  "val_F1_score_class1": 0.5813952684402466,
  "val_F1_score_class2": 0.9310637712478638,
  "val_F1_score_class3": 0.27794554829597473,
  "val_F1_score_class4": 0.9100210070610046,
  "val_Precision_class0": 0.994611918926239,
  "val_Precision_class1": 0.4357798099517822,
  "val_Precision_class2": 0.9689990878105164,
  "val_Precision_class3": 0.16467779874801636,
  "val_Precision_class4": 0.8561721444129944,
  "val_Recall_class0": 0.8807224631309509,
  "val_Recall_class1": 0.873161792755127,
  "val_Recall_class2": 0.8959869146347046,
  "val_Recall_class3": 0.8903225660324097,
  "val_Recall_class4": 0.9710982441902161,
  "epoch": 29,
  "global_step": 1860
}