{
  "loss": 0.04562046751379967,
  "Cat_accuracy": 0.977043092250824,
  "F1_score_class0": 0.9874536991119385,
  "F1_score_class1": 0.7753826379776001,
  "F1_score_class2": 0.9156262874603271,
  "F1_score_class3": 0.8079469203948975,
  "F1_score_class4": 0.9893582463264465,
  "Precision_class0": 0.9877912402153015,
  "Precision_class1": 0.8074170351028442,
  "Precision_class2": 0.9326439499855042,
  "Precision_class3": 0.8918128609657288,
  "Precision_class4": 0.9919712543487549,
  "Recall_class0": 0.9871164560317993,
  "Recall_class1": 0.7457932829856873,
  "Recall_class2": 0.8992185592651367,
  "Recall_class3": 0.7384988069534302,
  "Recall_class4": 0.9867591261863708,
  "val_loss": 0.09330159425735474,
  "val_Cat_accuracy": 0.9769957065582275,
  "val_F1_score_class0": 0.9873445630073547,
  "val_F1_score_class1": 0.782187819480896,
  "val_F1_score_class2": 0.9151971936225891,
  "val_F1_score_class3": 0.7903779745101929,
  "val_F1_score_class4": 0.9858428835868835,
  "val_Precision_class0": 0.986504852771759,
  "val_Precision_class1": 0.8261758685112,
  "val_Precision_class2": 0.9388458132743835,
  "val_Precision_class3": 0.845588207244873,
  "val_Precision_class4": 0.9877498149871826,
  "val_Recall_class0": 0.9881858229637146,
  "val_Recall_class1": 0.7426470518112183,
  "val_Recall_class2": 0.8927108645439148,
  "val_Recall_class3": 0.7419354915618896,
  "val_Recall_class4": 0.9839434623718262,
  "epoch": 29,
  "global_step": 930
}