{
  "loss": 0.018223658204078674,
  "Cat_accuracy": 0.9899445176124573,
  "F1_score_class0": 0.9948671460151672,
  "F1_score_class1": 0.8848060369491577,
  "F1_score_class2": 0.9792786836624146,
  "F1_score_class3": 0.818727433681488,
  "F1_score_class4": 0.9975801706314087,
  "Precision_class0": 0.9967620968818665,
  "Precision_class1": 0.8594900965690613,
  "Precision_class2": 0.9779629111289978,
  "Precision_class3": 0.811904788017273,
  "Precision_class4": 0.9987360239028931,
  "Recall_class0": 0.9929795265197754,
  "Recall_class1": 0.9116586446762085,
  "Recall_class2": 0.9805982112884521,
  "Recall_class3": 0.8256658315658569,
  "Recall_class4": 0.996427059173584,
  "val_loss": 0.03721928969025612,
  "val_Cat_accuracy": 0.9901342391967773,
  "val_F1_score_class0": 0.995168149471283,
  "val_F1_score_class1": 0.8977375030517578,
  "val_F1_score_class2": 0.9736407399177551,
  "val_F1_score_class3": 0.8493975400924683,
  "val_F1_score_class4": 0.9961339831352234,
  "val_Precision_class0": 0.9959608316421509,
  "val_Precision_class1": 0.8841354846954346,
  "val_Precision_class2": 0.9792875051498413,
  "val_Precision_class3": 0.7966101765632629,
  "val_Precision_class4": 0.9993535876274109,
  "val_Recall_class0": 0.9943768978118896,
  "val_Recall_class1": 0.9117646813392639,
  "val_Recall_class2": 0.9680589437484741,
  "val_Recall_class3": 0.9096774458885193,
  "val_Recall_class4": 0.9929351210594177,
  "epoch": 28,
  "global_step": 3596
}