{
  "loss": 0.018637893721461296,
  "Cat_accuracy": 0.990197479724884,
  "F1_score_class0": 0.9949764609336853,
  "F1_score_class1": 0.8955581188201904,
  "F1_score_class2": 0.9779877662658691,
  "F1_score_class3": 0.8205770254135132,
  "F1_score_class4": 0.9954836368560791,
  "Precision_class0": 0.9959316849708557,
  "Precision_class1": 0.8944844007492065,
  "Precision_class2": 0.9802381992340088,
  "Precision_class3": 0.8515625,
  "Precision_class4": 0.994961142539978,
  "Recall_class0": 0.9940230846405029,
  "Recall_class1": 0.8966346383094788,
  "Recall_class2": 0.9757477641105652,
  "Recall_class3": 0.7917675375938416,
  "Recall_class4": 0.9960067272186279,
  "val_loss": 0.05401243269443512,
  "val_Cat_accuracy": 0.9859602451324463,
  "val_F1_score_class0": 0.9931069016456604,
  "val_F1_score_class1": 0.8557783365249634,
  "val_F1_score_class2": 0.958859384059906,
  "val_F1_score_class3": 0.7942237854003906,
  "val_F1_score_class4": 0.9912930727005005,
  "val_Precision_class0": 0.9919533133506775,
  "val_Precision_class1": 0.890656054019928,
  "val_Precision_class2": 0.9538087248802185,
  "val_Precision_class3": 0.9016393423080444,
  "val_Precision_class4": 0.9954662919044495,
  "val_Recall_class0": 0.9942632913589478,
  "val_Recall_class1": 0.8235294222831726,
  "val_Recall_class2": 0.9639639854431152,
  "val_Recall_class3": 0.7096773982048035,
  "val_Recall_class4": 0.9871547818183899,
  "epoch": 26,
  "global_step": 3348
}