{
  "loss": 0.11453317105770111,
  "Cat_accuracy": 0.9348606467247009,
  "F1_score_class0": 0.95763099193573,
  "F1_score_class1": 0.7058046460151672,
  "F1_score_class2": 0.9344542026519775,
  "F1_score_class3": 0.3138510584831238,
  "F1_score_class4": 0.9598127603530884,
  "Precision_class0": 0.9983324408531189,
  "Precision_class1": 0.5565187335014343,
  "Precision_class2": 0.9115837812423706,
  "Precision_class3": 0.1880095899105072,
  "Precision_class4": 0.9301912784576416,
  "Recall_class0": 0.9201183915138245,
  "Recall_class1": 0.9645432829856873,
  "Recall_class2": 0.9585017561912537,
  "Recall_class3": 0.9491525292396545,
  "Recall_class4": 0.9913829565048218,
  "val_loss": 0.14618457853794098,
  "val_Cat_accuracy": 0.9467817544937134,
  "val_F1_score_class0": 0.9667454957962036,
  "val_F1_score_class1": 0.7383934855461121,
  "val_F1_score_class2": 0.9328536987304688,
  "val_F1_score_class3": 0.35910218954086304,
  "val_F1_score_class4": 0.9792746305465698,
  "val_Precision_class0": 0.994653046131134,
  "val_Precision_class1": 0.61623615026474,
  "val_Precision_class2": 0.9110070466995239,
  "val_Precision_class3": 0.2225656807422638,
  "val_Precision_class4": 0.9875898361206055,
  "val_Recall_class0": 0.9403612613677979,
  "val_Recall_class1": 0.9209558963775635,
  "val_Recall_class2": 0.9557739496231079,
  "val_Recall_class3": 0.9290322661399841,
  "val_Recall_class4": 0.9710982441902161,
  "epoch": 24,
  "global_step": 3100
}