{
  "loss": 0.0767190009355545,
  "Cat_accuracy": 0.9787190556526184,
  "F1_score_class0": 0.9892961382865906,
  "F1_score_class1": 0.753862738609314,
  "F1_score_class2": 0.9180144667625427,
  "F1_score_class3": 0.7604016661643982,
  "F1_score_class4": 0.9882923364639282,
  "Precision_class0": 0.9834439754486084,
  "Precision_class1": 0.9374441504478455,
  "Precision_class2": 0.9511702060699463,
  "Precision_class3": 0.9330986142158508,
  "Precision_class4": 0.9919542670249939,
  "Recall_class0": 0.9952185153961182,
  "Recall_class1": 0.6304086446762085,
  "Recall_class2": 0.8870924115180969,
  "Recall_class3": 0.6416465044021606,
  "Recall_class4": 0.9846574068069458,
  "val_loss": 0.09460710734128952,
  "val_Cat_accuracy": 0.9760470390319824,
  "val_F1_score_class0": 0.9874266386032104,
  "val_F1_score_class1": 0.74387526512146,
  "val_F1_score_class2": 0.9061294198036194,
  "val_F1_score_class3": 0.7870035171508789,
  "val_F1_score_class4": 0.9851994514465332,
  "val_Precision_class0": 0.9802417755126953,
  "val_Precision_class1": 0.9435028433799744,
  "val_Precision_class2": 0.9505395889282227,
  "val_Precision_class3": 0.8934426307678223,
  "val_Precision_class4": 0.9871050715446472,
  "val_Recall_class0": 0.9947177171707153,
  "val_Recall_class1": 0.6139705777168274,
  "val_Recall_class2": 0.8656838536262512,
  "val_Recall_class3": 0.7032257914543152,
  "val_Recall_class4": 0.9833012223243713,
  "epoch": 29,
  "global_step": 930
}