{
  "loss": 0.026693612337112427,
  "Cat_accuracy": 0.9919840693473816,
  "F1_score_class0": 0.9964925646781921,
  "F1_score_class1": 0.9042288661003113,
  "F1_score_class2": 0.9799326062202454,
  "F1_score_class3": 0.8201057314872742,
  "F1_score_class4": 0.9965259432792664,
  "Precision_class0": 0.9956809282302856,
  "Precision_class1": 0.936855673789978,
  "Precision_class2": 0.9795368909835815,
  "Precision_class3": 0.9037901163101196,
  "Precision_class4": 0.9983125925064087,
  "Recall_class0": 0.9973056316375732,
  "Recall_class1": 0.8737980723381042,
  "Recall_class2": 0.9803287386894226,
  "Recall_class3": 0.7506053447723389,
  "Recall_class4": 0.994745671749115,
  "val_loss": 0.041415076702833176,
  "val_Cat_accuracy": 0.9901816844940186,
  "val_F1_score_class0": 0.9953435063362122,
  "val_F1_score_class1": 0.9001882076263428,
  "val_F1_score_class2": 0.9747350811958313,
  "val_F1_score_class3": 0.8222995400428772,
  "val_F1_score_class4": 0.9935607314109802,
  "val_Precision_class0": 0.9951175451278687,
  "val_Precision_class1": 0.92277991771698,
  "val_Precision_class2": 0.9699918627738953,
  "val_Precision_class3": 0.8939393758773804,
  "val_Precision_class4": 0.9961265325546265,
  "val_Recall_class0": 0.9955697059631348,
  "val_Recall_class1": 0.8786764740943909,
  "val_Recall_class2": 0.9795249700546265,
  "val_Recall_class3": 0.7612903118133545,
  "val_Recall_class4": 0.9910083413124084,
  "epoch": 28,
  "global_step": 3596
}