{
  "loss": 0.04670345410704613,
  "Cat_accuracy": 0.9872725009918213,
  "F1_score_class0": 0.9936450719833374,
  "F1_score_class1": 0.8570493459701538,
  "F1_score_class2": 0.9662373065948486,
  "F1_score_class3": 0.7323529124259949,
  "F1_score_class4": 0.993682861328125,
  "Precision_class0": 0.9904605746269226,
  "Precision_class1": 0.9404163956642151,
  "Precision_class2": 0.9724345207214355,
  "Precision_class3": 0.932584285736084,
  "Precision_class4": 0.99556964635849,
  "Recall_class0": 0.9968502521514893,
  "Recall_class1": 0.7872596383094788,
  "Recall_class2": 0.9601185917854309,
  "Recall_class3": 0.6029055714607239,
  "Recall_class4": 0.9918032884597778,
  "val_loss": 0.045826978981494904,
  "val_Cat_accuracy": 0.9874780774116516,
  "val_F1_score_class0": 0.9934598803520203,
  "val_F1_score_class1": 0.8713858723640442,
  "val_F1_score_class2": 0.9629018306732178,
  "val_F1_score_class3": 0.7941176295280457,
  "val_F1_score_class4": 0.9925972819328308,
  "val_Precision_class0": 0.9904035925865173,
  "val_Precision_class1": 0.9520696997642517,
  "val_Precision_class2": 0.9692946076393127,
  "val_Precision_class3": 0.9230769276618958,
  "val_Precision_class4": 0.9948387145996094,
  "val_Recall_class0": 0.9965353012084961,
  "val_Recall_class1": 0.8033088445663452,
  "val_Recall_class2": 0.9565929770469666,
  "val_Recall_class3": 0.6967741847038269,
  "val_Recall_class4": 0.9903661012649536,
  "epoch": 34,
  "global_step": 560
}