{
  "loss": 0.1724153310060501,
  "Cat_accuracy": 0.9189078211784363,
  "F1_score_class0": 0.9458703994750977,
  "F1_score_class1": 0.5887495279312134,
  "F1_score_class2": 0.9182223677635193,
  "F1_score_class3": 0.30584463477134705,
  "F1_score_class4": 0.9658716917037964,
  "Precision_class0": 0.9968470931053162,
  "Precision_class1": 0.43051695823669434,
  "Precision_class2": 0.8965340256690979,
  "Precision_class3": 0.18321342766284943,
  "Precision_class4": 0.9452716112136841,
  "Recall_class0": 0.8998538851737976,
  "Recall_class1": 0.9308894276618958,
  "Recall_class2": 0.9409862756729126,
  "Recall_class3": 0.9249394536018372,
  "Recall_class4": 0.9873896837234497,
  "val_loss": 0.14437486231327057,
  "val_Cat_accuracy": 0.9533747434616089,
  "val_F1_score_class0": 0.9719766974449158,
  "val_F1_score_class1": 0.7077785134315491,
  "val_F1_score_class2": 0.946851909160614,
  "val_F1_score_class3": 0.39306357502937317,
  "val_F1_score_class4": 0.9890322685241699,
  "val_Precision_class0": 0.9954745769500732,
  "val_Precision_class1": 0.5719139575958252,
  "val_Precision_class2": 0.945306122303009,
  "val_Precision_class3": 0.2532588541507721,
  "val_Precision_class4": 0.993519127368927,
  "val_Recall_class0": 0.949562668800354,
  "val_Recall_class1": 0.9283088445663452,
  "val_Recall_class2": 0.9484029412269592,
  "val_Recall_class3": 0.8774193525314331,
  "val_Recall_class4": 0.9845857620239258,
  "epoch": 29,
  "global_step": 7440
}