{
  "loss": 0.0663517564535141,
  "Cat_accuracy": 0.9633828401565552,
  "F1_score_class0": 0.977414071559906,
  "F1_score_class1": 0.7873825430870056,
  "F1_score_class2": 0.9520429968833923,
  "F1_score_class3": 0.47396132349967957,
  "F1_score_class4": 0.9865862131118774,
  "Precision_class0": 0.9991478323936462,
  "Precision_class1": 0.656890332698822,
  "Precision_class2": 0.9289743304252625,
  "Precision_class3": 0.3125,
  "Precision_class4": 0.9763326048851013,
  "Recall_class0": 0.9566059112548828,
  "Recall_class1": 0.9825721383094788,
  "Recall_class2": 0.9762867093086243,
  "Recall_class3": 0.980629563331604,
  "Recall_class4": 0.9970576167106628,
  "val_loss": 0.09838858246803284,
  "val_Cat_accuracy": 0.972015380859375,
  "val_F1_score_class0": 0.9837225079536438,
  "val_F1_score_class1": 0.8111657500267029,
  "val_F1_score_class2": 0.9211332201957703,
  "val_F1_score_class3": 0.6649075746536255,
  "val_F1_score_class4": 0.9871959090232849,
  "val_Precision_class0": 0.9963299632072449,
  "val_Precision_class1": 0.7329376935958862,
  "val_Precision_class2": 0.8648454546928406,
  "val_Precision_class3": 0.5625,
  "val_Precision_class4": 0.9840459227561951,
  "val_Recall_class0": 0.9714301824569702,
  "val_Recall_class1": 0.908088207244873,
  "val_Recall_class2": 0.9852579832077026,
  "val_Recall_class3": 0.8129032254219055,
  "val_Recall_class4": 0.9903661012649536,
  "epoch": 29,
  "global_step": 7440
}