{
  "loss": 0.02465466409921646,
  "Cat_accuracy": 0.9885848164558411,
  "F1_score_class0": 0.9935563802719116,
  "F1_score_class1": 0.8753958940505981,
  "F1_score_class2": 0.9795918464660645,
  "F1_score_class3": 0.8677248358726501,
  "F1_score_class4": 0.9980059862136841,
  "Precision_class0": 0.9997694492340088,
  "Precision_class1": 0.7806026339530945,
  "Precision_class2": 0.9761841297149658,
  "Precision_class3": 0.7706766724586487,
  "Precision_class4": 0.9966464042663574,
  "Recall_class0": 0.9874200820922852,
  "Recall_class1": 0.9963942170143127,
  "Recall_class2": 0.983023464679718,
  "Recall_class3": 0.9927361011505127,
  "Recall_class4": 0.9993695020675659,
  "val_loss": 0.06316505372524261,
  "val_Cat_accuracy": 0.9886638522148132,
  "val_F1_score_class0": 0.993938684463501,
  "val_F1_score_class1": 0.8914797306060791,
  "val_F1_score_class2": 0.9712643027305603,
  "val_F1_score_class3": 0.8454809188842773,
  "val_F1_score_class4": 0.99263995885849,
  "val_Precision_class0": 0.9959509372711182,
  "val_Precision_class1": 0.8704028129577637,
  "val_Precision_class2": 0.9736625552177429,
  "val_Precision_class3": 0.771276593208313,
  "val_Precision_class4": 0.9891581535339355,
  "val_Recall_class0": 0.991934597492218,
  "val_Recall_class1": 0.9136029481887817,
  "val_Recall_class2": 0.9688779711723328,
  "val_Recall_class3": 0.9354838728904724,
  "val_Recall_class4": 0.9961464405059814,
  "epoch": 27,
  "global_step": 1736
}