{
  "Cat_accuracy": 0.9903872013092041,
  "F1_score_class0": 0.99519944190979,
  "F1_score_class1": 0.8978425860404968,
  "F1_score_class2": 0.975043773651123,
  "F1_score_class3": 0.7919462323188782,
  "F1_score_class4": 0.9959002733230591,
  "Precision_class0": 0.993252694606781,
  "Precision_class1": 0.9509408473968506,
  "Precision_class2": 0.9762290716171265,
  "Precision_class3": 0.8885542154312134,
  "Precision_class4": 0.9962145090103149,
  "Recall_class0": 0.9971538782119751,
  "Recall_class1": 0.8503605723381042,
  "Recall_class2": 0.9738615155220032,
  "Recall_class3": 0.7142857313156128,
  "Recall_class4": 0.9955863952636719,
  "loss": 0.03408653289079666,
  "val_Cat_accuracy": 0.9877152442932129,
  "val_F1_score_class0": 0.9935336709022522,
  "val_F1_score_class1": 0.868549108505249,
  "val_F1_score_class2": 0.966720700263977,
  "val_F1_score_class3": 0.8071427941322327,
  "val_F1_score_class4": 0.9929305911064148,
  "val_Precision_class0": 0.9921830892562866,
  "val_Precision_class1": 0.9233954548835754,
  "val_Precision_class2": 0.95816570520401,
  "val_Precision_class3": 0.9039999842643738,
  "val_Precision_class4": 0.9935691356658936,
  "val_Recall_class0": 0.9948881268501282,
  "val_Recall_class1": 0.8198529481887817,
  "val_Recall_class2": 0.9754299521446228,
  "val_Recall_class3": 0.7290322780609131,
  "val_Recall_class4": 0.9922928810119629,
  "val_loss": 0.04887521639466286,
  "epoch": 10,
  "global_step": 1364
}