{
  "Cat_accuracy": 0.9755253195762634,
  "F1_score_class0": 0.9892300367355347,
  "F1_score_class1": 0.7597492933273315,
  "F1_score_class2": 0.9343365430831909,
  "F1_score_class3": 0.0,
  "F1_score_class4": 0.9723909497261047,
  "Precision_class0": 0.9842411875724792,
  "Precision_class1": 0.9031456708908081,
  "Precision_class2": 0.9488747119903564,
  "Precision_class3": 0.0,
  "Precision_class4": 0.9865887761116028,
  "Recall_class0": 0.9942697882652283,
  "Recall_class1": 0.6556490659713745,
  "Recall_class2": 0.920237123966217,
  "Recall_class3": 0.0,
  "Recall_class4": 0.9585960507392883,
  "loss": 0.09081041067838669,
  "val_Cat_accuracy": 0.9791300892829895,
  "val_F1_score_class0": 0.9916336536407471,
  "val_F1_score_class1": 0.8058151602745056,
  "val_F1_score_class2": 0.9427062273025513,
  "val_F1_score_class3": 0.0,
  "val_F1_score_class4": 0.9767441749572754,
  "val_Precision_class0": 0.986947238445282,
  "val_Precision_class1": 0.9260143041610718,
  "val_Precision_class2": 0.9354838728904724,
  "val_Precision_class3": 0.0,
  "val_Precision_class4": 0.9966577291488647,
  "val_Recall_class0": 0.9963648915290833,
  "val_Recall_class1": 0.7132353186607361,
  "val_Recall_class2": 0.9500409364700317,
  "val_Recall_class3": 0.0,
  "val_Recall_class4": 0.9576107859611511,
  "val_loss": 0.07590540498495102,
  "epoch": 29,
  "global_step": 1860
}