{
  "loss": 0.12646789848804474,
  "Cat_accuracy": 0.9397777318954468,
  "F1_score_class0": 0.9611262679100037,
  "F1_score_class1": 0.6125950217247009,
  "F1_score_class2": 0.9355051517486572,
  "F1_score_class3": 0.4503990411758423,
  "F1_score_class4": 0.9752100110054016,
  "Precision_class0": 0.9973271489143372,
  "Precision_class1": 0.45339104533195496,
  "Precision_class2": 0.9197916388511658,
  "Precision_class3": 0.29455628991127014,
  "Precision_class4": 0.9627278447151184,
  "Recall_class0": 0.9274614453315735,
  "Recall_class1": 0.9441105723381042,
  "Recall_class2": 0.9517650008201599,
  "Recall_class3": 0.9564164876937866,
  "Recall_class4": 0.9880201816558838,
  "val_loss": 0.154565691947937,
  "val_Cat_accuracy": 0.9536593556404114,
  "val_F1_score_class0": 0.9721188545227051,
  "val_F1_score_class1": 0.6759580969810486,
  "val_F1_score_class2": 0.9310761094093323,
  "val_F1_score_class3": 0.46447139978408813,
  "val_F1_score_class4": 0.9839434027671814,
  "val_Precision_class0": 0.9946511387825012,
  "val_Precision_class1": 0.5443322062492371,
  "val_Precision_class2": 0.9166666865348816,
  "val_Precision_class3": 0.31753554940223694,
  "val_Precision_class4": 0.9839434623718262,
  "val_Recall_class0": 0.9505850076675415,
  "val_Recall_class1": 0.8915441036224365,
  "val_Recall_class2": 0.9459459185600281,
  "val_Recall_class3": 0.8645161390304565,
  "val_Recall_class4": 0.9839434623718262,
  "epoch": 28,
  "global_step": 1798
}