{
  "Cat_accuracy": 0.9900709986686707,
  "F1_score_class0": 0.9949930310249329,
  "F1_score_class1": 0.9020602107048035,
  "F1_score_class2": 0.9740399122238159,
  "F1_score_class3": 0.7800828814506531,
  "F1_score_class4": 0.9942159652709961,
  "Precision_class0": 0.9926537275314331,
  "Precision_class1": 0.9543930292129517,
  "Precision_class2": 0.9774762392044067,
  "Precision_class3": 0.9096774458885193,
  "Precision_class4": 0.9949484467506409,
  "Recall_class0": 0.9973435997962952,
  "Recall_class1": 0.8551682829856873,
  "Recall_class2": 0.9706278443336487,
  "Recall_class3": 0.6828086972236633,
  "Recall_class4": 0.9934846758842468,
  "loss": 0.03441185876727104,
  "val_Cat_accuracy": 0.9883792400360107,
  "val_F1_score_class0": 0.9937936067581177,
  "val_F1_score_class1": 0.8913857340812683,
  "val_F1_score_class2": 0.9703946113586426,
  "val_F1_score_class3": 0.7938930988311768,
  "val_F1_score_class4": 0.99031001329422,
  "val_Precision_class0": 0.9916859865188599,
  "val_Precision_class1": 0.9083969593048096,
  "val_Precision_class2": 0.9744012951850891,
  "val_Precision_class3": 0.9719626307487488,
  "val_Precision_class4": 0.9961013793945312,
  "val_Recall_class0": 0.9959104657173157,
  "val_Recall_class1": 0.875,
  "val_Recall_class2": 0.9664209485054016,
  "val_Recall_class3": 0.6709677577018738,
  "val_Recall_class4": 0.9845857620239258,
  "val_loss": 0.04713558778166771,
  "epoch": 29,
  "global_step": 3720
}