{
  "loss": 0.02645226940512657,
  "Cat_accuracy": 0.9926481246948242,
  "F1_score_class0": 0.9965147972106934,
  "F1_score_class1": 0.9140157103538513,
  "F1_score_class2": 0.9825933575630188,
  "F1_score_class3": 0.8203752636909485,
  "F1_score_class4": 0.9981064796447754,
  "Precision_class0": 0.9947625994682312,
  "Precision_class1": 0.9602912068367004,
  "Precision_class2": 0.9840540289878845,
  "Precision_class3": 0.9189189076423645,
  "Precision_class4": 0.9991575479507446,
  "Recall_class0": 0.9982733726501465,
  "Recall_class1": 0.871995210647583,
  "Recall_class2": 0.9811371564865112,
  "Recall_class3": 0.7409201264381409,
  "Recall_class4": 0.9970576167106628,
  "val_loss": 0.05294729024171829,
  "val_Cat_accuracy": 0.9884741306304932,
  "val_F1_score_class0": 0.9938159584999084,
  "val_F1_score_class1": 0.8821292519569397,
  "val_F1_score_class2": 0.9709848165512085,
  "val_F1_score_class3": 0.8275861740112305,
  "val_F1_score_class4": 0.9938768148422241,
  "val_Precision_class0": 0.9926895499229431,
  "val_Precision_class1": 0.913385808467865,
  "val_Precision_class2": 0.9690048694610596,
  "val_Precision_class3": 0.8888888955116272,
  "val_Precision_class4": 0.9974126815795898,
  "val_Recall_class0": 0.9949449300765991,
  "val_Recall_class1": 0.8529411554336548,
  "val_Recall_class2": 0.9729729890823364,
  "val_Recall_class3": 0.774193525314331,
  "val_Recall_class4": 0.9903661012649536,
  "epoch": 19,
  "global_step": 1240
}