{
  "loss": 0.045003846287727356,
  "Cat_accuracy": 0.9879682064056396,
  "F1_score_class0": 0.9941362738609314,
  "F1_score_class1": 0.8612471222877502,
  "F1_score_class2": 0.9682064652442932,
  "F1_score_class3": 0.7524475455284119,
  "F1_score_class4": 0.9936854839324951,
  "Precision_class0": 0.9910433292388916,
  "Precision_class1": 0.9428163170814514,
  "Precision_class2": 0.9764319062232971,
  "Precision_class3": 0.8907284736633301,
  "Precision_class4": 0.9951517581939697,
  "Recall_class0": 0.9972487092018127,
  "Recall_class1": 0.7926682829856873,
  "Recall_class2": 0.9601185917854309,
  "Recall_class3": 0.6513317227363586,
  "Recall_class4": 0.9922236204147339,
  "val_loss": 0.06128956750035286,
  "val_Cat_accuracy": 0.9849167466163635,
  "val_F1_score_class0": 0.9924415946006775,
  "val_F1_score_class1": 0.8260427117347717,
  "val_F1_score_class2": 0.9599672555923462,
  "val_F1_score_class3": 0.7565542459487915,
  "val_F1_score_class4": 0.9896906614303589,
  "val_Precision_class0": 0.9892770648002625,
  "val_Precision_class1": 0.9248291850090027,
  "val_Precision_class2": 0.9576202034950256,
  "val_Precision_class3": 0.9017857313156128,
  "val_Precision_class4": 0.9928894639015198,
  "val_Recall_class0": 0.9956265091896057,
  "val_Recall_class1": 0.7463235259056091,
  "val_Recall_class2": 0.9623259902000427,
  "val_Recall_class3": 0.6516128778457642,
  "val_Recall_class4": 0.9865125417709351,
  "epoch": 27,
  "global_step": 1736
}