{
  "loss": 0.05538302659988403,
  "Cat_accuracy": 0.9750351905822754,
  "F1_score_class0": 0.9846574068069458,
  "F1_score_class1": 0.7864682674407959,
  "F1_score_class2": 0.9620959162712097,
  "F1_score_class3": 0.7527881264686584,
  "F1_score_class4": 0.9877312779426575,
  "Precision_class0": 0.9991990923881531,
  "Precision_class1": 0.654552698135376,
  "Precision_class2": 0.9498424530029297,
  "Precision_class3": 0.610859751701355,
  "Precision_class4": 0.9773662686347961,
  "Recall_class0": 0.970533013343811,
  "Recall_class1": 0.9849759340286255,
  "Recall_class2": 0.974669873714447,
  "Recall_class3": 0.980629563331604,
  "Recall_class4": 0.998318612575531,
  "val_loss": 0.05784563720226288,
  "val_Cat_accuracy": 0.9826874732971191,
  "val_F1_score_class0": 0.9901306629180908,
  "val_F1_score_class1": 0.8428927063941956,
  "val_F1_score_class2": 0.9563475251197815,
  "val_F1_score_class3": 0.8614457249641418,
  "val_F1_score_class4": 0.989802360534668,
  "val_Precision_class0": 0.9974064826965332,
  "val_Precision_class1": 0.7693474888801575,
  "val_Precision_class2": 0.9357366561889648,
  "val_Precision_class3": 0.8079096078872681,
  "val_Precision_class4": 0.9822896718978882,
  "val_Recall_class0": 0.9829603433609009,
  "val_Recall_class1": 0.9319853186607361,
  "val_Recall_class2": 0.977886974811554,
  "val_Recall_class3": 0.9225806593894958,
  "val_Recall_class4": 0.9974309802055359,
  "epoch": 34,
  "global_step": 2170
}