{
  "loss": 0.09499263763427734,
  "Cat_accuracy": 0.9585764408111572,
  "F1_score_class0": 0.9734417796134949,
  "F1_score_class1": 0.7290058135986328,
  "F1_score_class2": 0.9222609400749207,
  "F1_score_class3": 0.6227729916572571,
  "F1_score_class4": 0.9800516366958618,
  "Precision_class0": 0.9984439611434937,
  "Precision_class1": 0.5857038497924805,
  "Precision_class2": 0.8868159055709839,
  "Precision_class3": 0.45785877108573914,
  "Precision_class4": 0.964205801486969,
  "Recall_class0": 0.9496613144874573,
  "Recall_class1": 0.9651442170143127,
  "Recall_class2": 0.9606574773788452,
  "Recall_class3": 0.9733656048774719,
  "Recall_class4": 0.996427059173584,
  "val_loss": 0.10981728881597519,
  "val_Cat_accuracy": 0.96694016456604,
  "val_F1_score_class0": 0.9798966646194458,
  "val_F1_score_class1": 0.7362233400344849,
  "val_F1_score_class2": 0.9336569309234619,
  "val_F1_score_class3": 0.7225130796432495,
  "val_F1_score_class4": 0.9768620729446411,
  "val_Precision_class0": 0.9954292178153992,
  "val_Precision_class1": 0.6132190823554993,
  "val_Precision_class2": 0.9224620461463928,
  "val_Precision_class3": 0.607929527759552,
  "val_Precision_class4": 0.9643304347991943,
  "val_Recall_class0": 0.9648415446281433,
  "val_Recall_class1": 0.9209558963775635,
  "val_Recall_class2": 0.9451269507408142,
  "val_Recall_class3": 0.8903225660324097,
  "val_Recall_class4": 0.989723801612854,
  "epoch": 25,
  "global_step": 6448
}