{
  "Cat_accuracy": 0.9921895861625671,
  "F1_score_class0": 0.9961071014404297,
  "F1_score_class1": 0.9134795665740967,
  "F1_score_class2": 0.9828863143920898,
  "F1_score_class3": 0.8185429573059082,
  "F1_score_class4": 0.9966371655464172,
  "Precision_class0": 0.9944776296615601,
  "Precision_class1": 0.9547837376594543,
  "Precision_class2": 0.9830188751220703,
  "Precision_class3": 0.9035087823867798,
  "Precision_class4": 0.996637225151062,
  "Recall_class0": 0.9977420568466187,
  "Recall_class1": 0.8756009340286255,
  "Recall_class2": 0.9827539920806885,
  "Recall_class3": 0.7481840252876282,
  "Recall_class4": 0.996637225151062,
  "loss": 0.02723226696252823,
  "val_Cat_accuracy": 0.9881421327590942,
  "val_F1_score_class0": 0.9939050078392029,
  "val_F1_score_class1": 0.8820708990097046,
  "val_F1_score_class2": 0.9665578603744507,
  "val_F1_score_class3": 0.8043476939201355,
  "val_F1_score_class4": 0.9935566782951355,
  "val_Precision_class0": 0.9921331405639648,
  "val_Precision_class1": 0.9218437075614929,
  "val_Precision_class2": 0.9626320004463196,
  "val_Precision_class3": 0.9173553586006165,
  "val_Precision_class4": 0.9967679381370544,
  "val_Recall_class0": 0.9956833124160767,
  "val_Recall_class1": 0.845588207244873,
  "val_Recall_class2": 0.9705159664154053,
  "val_Recall_class3": 0.7161290049552917,
  "val_Recall_class4": 0.9903661012649536,
  "val_loss": 0.04839347302913666,
  "epoch": 12,
  "global_step": 1612
}