{
  "loss": 0.016884883865714073,
  "Cat_accuracy": 0.9903714060783386,
  "F1_score_class0": 0.9948514103889465,
  "F1_score_class1": 0.9028435349464417,
  "F1_score_class2": 0.9773949980735779,
  "F1_score_class3": 0.8228003978729248,
  "F1_score_class4": 0.9966350197792053,
  "Precision_class0": 0.9961004853248596,
  "Precision_class1": 0.8901869058609009,
  "Precision_class2": 0.9760816693305969,
  "Precision_class3": 0.8426395654678345,
  "Precision_class4": 0.9972643256187439,
  "Recall_class0": 0.9936056733131409,
  "Recall_class1": 0.9158653616905212,
  "Recall_class2": 0.9787119626998901,
  "Recall_class3": 0.8038740754127502,
  "Recall_class4": 0.9960067272186279,
  "val_loss": 0.049155622720718384,
  "val_Cat_accuracy": 0.9881421327590942,
  "val_F1_score_class0": 0.9938743710517883,
  "val_F1_score_class1": 0.8865384459495544,
  "val_F1_score_class2": 0.9661156535148621,
  "val_F1_score_class3": 0.8160535097122192,
  "val_F1_score_class4": 0.9907020926475525,
  "val_Precision_class0": 0.9924671649932861,
  "val_Precision_class1": 0.9294354915618896,
  "val_Precision_class2": 0.9749791622161865,
  "val_Precision_class3": 0.8472222089767456,
  "val_Precision_class4": 0.9891164898872375,
  "val_Recall_class0": 0.99528568983078,
  "val_Recall_class1": 0.8474264740943909,
  "val_Recall_class2": 0.9574119448661804,
  "val_Recall_class3": 0.7870967984199524,
  "val_Recall_class4": 0.9922928810119629,
  "epoch": 16,
  "global_step": 1054
}