{
  "loss": 0.17550916969776154,
  "Cat_accuracy": 0.9237458109855652,
  "F1_score_class0": 0.9473495483398438,
  "F1_score_class1": 0.5851245522499084,
  "F1_score_class2": 0.9075106382369995,
  "F1_score_class3": 0.39455780386924744,
  "F1_score_class4": 0.9643365740776062,
  "Precision_class0": 0.9966689944267273,
  "Precision_class1": 0.428054541349411,
  "Precision_class2": 0.8749374747276306,
  "Precision_class3": 0.25166890025138855,
  "Precision_class4": 0.9359177350997925,
  "Recall_class0": 0.9026810526847839,
  "Recall_class1": 0.9242788553237915,
  "Recall_class2": 0.9426030516624451,
  "Recall_class3": 0.9128329157829285,
  "Recall_class4": 0.994535505771637,
  "val_loss": 0.195304736495018,
  "val_Cat_accuracy": 0.9409477114677429,
  "val_F1_score_class0": 0.9611449837684631,
  "val_F1_score_class1": 0.577521562576294,
  "val_F1_score_class2": 0.9211879968643188,
  "val_F1_score_class3": 0.5959367156028748,
  "val_F1_score_class4": 0.9714464545249939,
  "val_Precision_class0": 0.9959191083908081,
  "val_Precision_class1": 0.42065492272377014,
  "val_Precision_class2": 0.8918711543083191,
  "val_Precision_class3": 0.4583333432674408,
  "val_Precision_class4": 0.9496932625770569,
  "val_Recall_class0": 0.9287174940109253,
  "val_Recall_class1": 0.9209558963775635,
  "val_Recall_class2": 0.9524979591369629,
  "val_Recall_class3": 0.85161292552948,
  "val_Recall_class4": 0.9942196607589722,
  "epoch": 34,
  "global_step": 560
}