{
  "loss": 0.013077100738883018,
  "Cat_accuracy": 0.9930433630943298,
  "F1_score_class0": 0.9965717196464539,
  "F1_score_class1": 0.9295607805252075,
  "F1_score_class2": 0.9811269044876099,
  "F1_score_class3": 0.8557335734367371,
  "F1_score_class4": 0.9975811839103699,
  "Precision_class0": 0.9975475072860718,
  "Precision_class1": 0.9120879173278809,
  "Precision_class2": 0.9816563129425049,
  "Precision_class3": 0.8718593120574951,
  "Precision_class4": 0.9983161687850952,
  "Recall_class0": 0.9955979585647583,
  "Recall_class1": 0.9477163553237915,
  "Recall_class2": 0.9805982112884521,
  "Recall_class3": 0.8401936888694763,
  "Recall_class4": 0.99684739112854,
  "val_loss": 0.035340290516614914,
  "val_Cat_accuracy": 0.991320013999939,
  "val_F1_score_class0": 0.995288610458374,
  "val_F1_score_class1": 0.9128396511077881,
  "val_F1_score_class2": 0.976610541343689,
  "val_F1_score_class3": 0.873333215713501,
  "val_F1_score_class4": 0.9961463809013367,
  "val_Precision_class0": 0.9946675896644592,
  "val_Precision_class1": 0.9311663508415222,
  "val_Precision_class2": 0.9786184430122375,
  "val_Precision_class3": 0.9034482836723328,
  "val_Precision_class4": 0.9961464405059814,
  "val_Recall_class0": 0.9959104657173157,
  "val_Recall_class1": 0.8952205777168274,
  "val_Recall_class2": 0.9746109843254089,
  "val_Recall_class3": 0.8451613187789917,
  "val_Recall_class4": 0.9961464405059814,
  "epoch": 18,
  "global_step": 2356
}