{
  "loss": 0.09263253211975098,
  "Cat_accuracy": 0.9591771960258484,
  "F1_score_class0": 0.975246012210846,
  "F1_score_class1": 0.6753574013710022,
  "F1_score_class2": 0.9409583806991577,
  "F1_score_class3": 0.631496012210846,
  "F1_score_class4": 0.9854589700698853,
  "Precision_class0": 0.9984297752380371,
  "Precision_class1": 0.5194048881530762,
  "Precision_class2": 0.924798309803009,
  "Precision_class3": 0.46791133284568787,
  "Precision_class4": 0.9741272926330566,
  "Recall_class0": 0.9531146287918091,
  "Recall_class1": 0.9651442170143127,
  "Recall_class2": 0.957693338394165,
  "Recall_class3": 0.9709442853927612,
  "Recall_class4": 0.9970576167106628,
  "val_loss": 0.07907090336084366,
  "val_Cat_accuracy": 0.9774225950241089,
  "val_F1_score_class0": 0.9878289103507996,
  "val_F1_score_class1": 0.7874616980552673,
  "val_F1_score_class2": 0.9528183937072754,
  "val_F1_score_class3": 0.7525772452354431,
  "val_F1_score_class4": 0.9878671765327454,
  "val_Precision_class0": 0.9961878061294556,
  "val_Precision_class1": 0.6740837693214417,
  "val_Precision_class2": 0.9718909859657288,
  "val_Precision_class3": 0.6266094446182251,
  "val_Precision_class4": 0.9822221994400024,
  "val_Recall_class0": 0.9796092510223389,
  "val_Recall_class1": 0.9466911554336548,
  "val_Recall_class2": 0.9344799518585205,
  "val_Recall_class3": 0.9419354796409607,
  "val_Recall_class4": 0.9935774207115173,
  "epoch": 24,
  "global_step": 6200
}