{
  "loss": 0.03493889793753624,
  "Cat_accuracy": 0.984110414981842,
  "F1_score_class0": 0.9906389117240906,
  "F1_score_class1": 0.8517464399337769,
  "F1_score_class2": 0.978368878364563,
  "F1_score_class3": 0.791505753993988,
  "F1_score_class4": 0.9941384792327881,
  "Precision_class0": 0.9995364546775818,
  "Precision_class1": 0.7478418946266174,
  "Precision_class2": 0.9756162762641907,
  "Precision_class3": 0.6581059098243713,
  "Precision_class4": 0.9902001619338989,
  "Recall_class0": 0.9818985462188721,
  "Recall_class1": 0.989182710647583,
  "Recall_class2": 0.9811371564865112,
  "Recall_class3": 0.9927361011505127,
  "Recall_class4": 0.998108446598053,
  "val_loss": 0.04870200157165527,
  "val_Cat_accuracy": 0.9886638522148132,
  "val_F1_score_class0": 0.9939648509025574,
  "val_F1_score_class1": 0.8768302798271179,
  "val_F1_score_class2": 0.9749280214309692,
  "val_F1_score_class3": 0.8685014843940735,
  "val_F1_score_class4": 0.9935649633407593,
  "val_Precision_class0": 0.9963474273681641,
  "val_Precision_class1": 0.8249594569206238,
  "val_Precision_class2": 0.9785478711128235,
  "val_Precision_class3": 0.8255813717842102,
  "val_Precision_class4": 0.9954867959022522,
  "val_Recall_class0": 0.9915937781333923,
  "val_Recall_class1": 0.935661792755127,
  "val_Recall_class2": 0.9713349938392639,
  "val_Recall_class3": 0.9161290526390076,
  "val_Recall_class4": 0.9916505813598633,
  "epoch": 30,
  "global_step": 7688
}