{
  "loss": 0.33282312750816345,
  "Cat_accuracy": 0.8543059825897217,
  "F1_score_class0": 0.8896468281745911,
  "F1_score_class1": 0.38164180517196655,
  "F1_score_class2": 0.877903163433075,
  "F1_score_class3": 0.2220740020275116,
  "F1_score_class4": 0.9474644660949707,
  "Precision_class0": 0.9915347099304199,
  "Precision_class1": 0.2469506859779358,
  "Precision_class2": 0.8465965986251831,
  "Precision_class3": 0.12877030670642853,
  "Precision_class4": 0.9155233502388,
  "Recall_class0": 0.8067472577095032,
  "Recall_class1": 0.8395432829856873,
  "Recall_class2": 0.9116141200065613,
  "Recall_class3": 0.8062953948974609,
  "Recall_class4": 0.9817150235176086,
  "val_loss": 0.38801154494285583,
  "val_Cat_accuracy": 0.8783379793167114,
  "val_F1_score_class0": 0.9156588315963745,
  "val_F1_score_class1": 0.3894154131412506,
  "val_F1_score_class2": 0.9191704392433167,
  "val_F1_score_class3": 0.34285709261894226,
  "val_F1_score_class4": 0.9549549221992493,
  "val_Precision_class0": 0.9930938482284546,
  "val_Precision_class1": 0.24798792600631714,
  "val_Precision_class2": 0.9509631991386414,
  "val_Precision_class3": 0.21463415026664734,
  "val_Precision_class4": 0.9247894287109375,
  "val_Recall_class0": 0.8494263291358948,
  "val_Recall_class1": 0.90625,
  "val_Recall_class2": 0.8894348740577698,
  "val_Recall_class3": 0.85161292552948,
  "val_Recall_class4": 0.9871547818183899,
  "epoch": 27,
  "global_step": 448
}