{
  "Cat_accuracy": 0.980205237865448,
  "F1_score_class0": 0.9905076622962952,
  "F1_score_class1": 0.7881705164909363,
  "F1_score_class2": 0.9406963586807251,
  "F1_score_class3": 0.4500906765460968,
  "F1_score_class4": 0.98270183801651,
  "Precision_class0": 0.9851718544960022,
  "Precision_class1": 0.9212218523025513,
  "Precision_class2": 0.9497390985488892,
  "Precision_class3": 0.8985507488250732,
  "Precision_class4": 0.9924973249435425,
  "Recall_class0": 0.9959015846252441,
  "Recall_class1": 0.6887019276618958,
  "Recall_class2": 0.9318243265151978,
  "Recall_class3": 0.3002421259880066,
  "Recall_class4": 0.9730979204177856,
  "loss": 0.07312087714672089,
  "val_Cat_accuracy": 0.9785609245300293,
  "val_F1_score_class0": 0.9895294904708862,
  "val_F1_score_class1": 0.766137421131134,
  "val_F1_score_class2": 0.9413222074508667,
  "val_F1_score_class3": 0.5596330165863037,
  "val_F1_score_class4": 0.977198600769043,
  "val_Precision_class0": 0.9833959937095642,
  "val_Precision_class1": 0.9027431607246399,
  "val_Precision_class2": 0.949958324432373,
  "val_Precision_class3": 0.9682539701461792,
  "val_Precision_class4": 0.9914078116416931,
  "val_Recall_class0": 0.9957401156425476,
  "val_Recall_class1": 0.6654411554336548,
  "val_Recall_class2": 0.932841956615448,
  "val_Recall_class3": 0.3935483992099762,
  "val_Recall_class4": 0.963391125202179,
  "val_loss": 0.07764575630426407,
  "epoch": 24,
  "global_step": 775
}