{
  "loss": 0.06740859895944595,
  "Cat_accuracy": 0.9679046273231506,
  "F1_score_class0": 0.9804614782333374,
  "F1_score_class1": 0.6949624419212341,
  "F1_score_class2": 0.9628345966339111,
  "F1_score_class3": 0.7964426875114441,
  "F1_score_class4": 0.9863952398300171,
  "Precision_class0": 0.9989760518074036,
  "Precision_class1": 0.5401532649993896,
  "Precision_class2": 0.9520547986030579,
  "Precision_class3": 0.6727879643440247,
  "Precision_class4": 0.974953830242157,
  "Recall_class0": 0.962620735168457,
  "Recall_class1": 0.9741586446762085,
  "Recall_class2": 0.9738615155220032,
  "Recall_class3": 0.9757869243621826,
  "Recall_class4": 0.998108446598053,
  "val_loss": 0.08265674114227295,
  "val_Cat_accuracy": 0.9782289266586304,
  "val_F1_score_class0": 0.9877737164497375,
  "val_F1_score_class1": 0.7738927006721497,
  "val_F1_score_class2": 0.9596707820892334,
  "val_F1_score_class3": 0.8032786250114441,
  "val_F1_score_class4": 0.9913599491119385,
  "val_Precision_class0": 0.9959582090377808,
  "val_Precision_class1": 0.670255720615387,
  "val_Precision_class2": 0.9644334316253662,
  "val_Precision_class3": 0.6966824531555176,
  "val_Precision_class4": 0.987882673740387,
  "val_Recall_class0": 0.979722797870636,
  "val_Recall_class1": 0.9154411554336548,
  "val_Recall_class2": 0.954954981803894,
  "val_Recall_class3": 0.948387086391449,
  "val_Recall_class4": 0.994861900806427,
  "epoch": 23,
  "global_step": 384
}