{
  "loss": 0.18788737058639526,
  "Cat_accuracy": 0.9516198039054871,
  "F1_score_class0": 0.9817046523094177,
  "F1_score_class1": 0.0,
  "F1_score_class2": 0.8588923811912537,
  "F1_score_class3": 0.0,
  "F1_score_class4": 0.9360755681991577,
  "Precision_class0": 0.9699950218200684,
  "Precision_class1": 0.0,
  "Precision_class2": 0.8487240076065063,
  "Precision_class3": 0.0,
  "Precision_class4": 0.9936275482177734,
  "Recall_class0": 0.9937005639076233,
  "Recall_class1": 0.0,
  "Recall_class2": 0.8693074584007263,
  "Recall_class3": 0.0,
  "Recall_class4": 0.8848255276679993,
  "val_loss": 0.16583624482154846,
  "val_Cat_accuracy": 0.9557937383651733,
  "val_F1_score_class0": 0.9859669208526611,
  "val_F1_score_class1": 0.0,
  "val_F1_score_class2": 0.8734628558158875,
  "val_F1_score_class3": 0.0,
  "val_F1_score_class4": 0.9388719201087952,
  "val_Precision_class0": 0.9764384627342224,
  "val_Precision_class1": 0.0,
  "val_Precision_class2": 0.8469230532646179,
  "val_Precision_class3": 0.0,
  "val_Precision_class4": 0.9900285005569458,
  "val_Recall_class0": 0.9956833124160767,
  "val_Recall_class1": 0.0,
  "val_Recall_class2": 0.9017199277877808,
  "val_Recall_class3": 0.0,
  "val_Recall_class4": 0.8927424550056458,
  "epoch": 29,
  "global_step": 480
}