{
  "loss": 0.013505443930625916,
  "Cat_accuracy": 0.9928852915763855,
  "F1_score_class0": 0.9965147376060486,
  "F1_score_class1": 0.9281701445579529,
  "F1_score_class2": 0.9824844598770142,
  "F1_score_class3": 0.8475835919380188,
  "F1_score_class4": 0.997583270072937,
  "Precision_class0": 0.9974904656410217,
  "Precision_class1": 0.9133216738700867,
  "Precision_class2": 0.9824845194816589,
  "Precision_class3": 0.8680202960968018,
  "Precision_class4": 0.9974784851074219,
  "Recall_class0": 0.9955410361289978,
  "Recall_class1": 0.9435096383094788,
  "Recall_class2": 0.9824845194816589,
  "Recall_class3": 0.8280871510505676,
  "Recall_class4": 0.9976881146430969,
  "val_loss": 0.0344611257314682,
  "val_Cat_accuracy": 0.9904662370681763,
  "val_F1_score_class0": 0.9950832724571228,
  "val_F1_score_class1": 0.9067640900611877,
  "val_F1_score_class2": 0.9740890264511108,
  "val_F1_score_class3": 0.8491227626800537,
  "val_F1_score_class4": 0.9954954385757446,
  "val_Precision_class0": 0.9957908987998962,
  "val_Precision_class1": 0.9018181562423706,
  "val_Precision_class2": 0.9631705284118652,
  "val_Precision_class3": 0.9307692050933838,
  "val_Precision_class4": 0.9974210262298584,
  "val_Recall_class0": 0.9943768978118896,
  "val_Recall_class1": 0.9117646813392639,
  "val_Recall_class2": 0.9852579832077026,
  "val_Recall_class3": 0.7806451320648193,
  "val_Recall_class4": 0.9935774207115173,
  "epoch": 25,
  "global_step": 1612
}