{
  "Cat_accuracy": 0.9817546606063843,
  "F1_score_class0": 0.9919834733009338,
  "F1_score_class1": 0.8189969658851624,
  "F1_score_class2": 0.953494668006897,
  "F1_score_class3": 0.16274088621139526,
  "F1_score_class4": 0.9831656217575073,
  "Precision_class0": 0.9884700179100037,
  "Precision_class1": 0.9153674840927124,
  "Precision_class2": 0.9623936414718628,
  "Precision_class3": 0.7037037014961243,
  "Precision_class4": 0.9906123280525208,
  "Recall_class0": 0.9955220818519592,
  "Recall_class1": 0.7409855723381042,
  "Recall_class2": 0.9447588324546814,
  "Recall_class3": 0.09200968593358994,
  "Recall_class4": 0.9758301973342896,
  "loss": 0.06786844879388809,
  "val_Cat_accuracy": 0.9863396883010864,
  "val_F1_score_class0": 0.993545413017273,
  "val_F1_score_class1": 0.8571428060531616,
  "val_F1_score_class2": 0.9627482891082764,
  "val_F1_score_class3": 0.5964911580085754,
  "val_F1_score_class4": 0.9922429323196411,
  "val_Precision_class0": 0.990405261516571,
  "val_Precision_class1": 0.931034505367279,
  "val_Precision_class2": 0.9732217788696289,
  "val_Precision_class3": 0.931506872177124,
  "val_Precision_class4": 0.9986987709999084,
  "val_Recall_class0": 0.9967056512832642,
  "val_Recall_class1": 0.7941176295280457,
  "val_Recall_class2": 0.9524979591369629,
  "val_Recall_class3": 0.43870967626571655,
  "val_Recall_class4": 0.9858702421188354,
  "val_loss": 0.056122079491615295,
  "epoch": 29,
  "global_step": 3720
}