{
  "loss": 0.03969953581690788,
  "Cat_accuracy": 0.986023485660553,
  "F1_score_class0": 0.991998016834259,
  "F1_score_class1": 0.8580358624458313,
  "F1_score_class2": 0.9776940941810608,
  "F1_score_class3": 0.8243654370307922,
  "F1_score_class4": 0.9957045316696167,
  "Precision_class0": 0.9997109770774841,
  "Precision_class1": 0.7572413682937622,
  "Precision_class2": 0.9750736951828003,
  "Precision_class3": 0.7097902297973633,
  "Precision_class4": 0.9926885366439819,
  "Recall_class0": 0.9844031929969788,
  "Recall_class1": 0.9897836446762085,
  "Recall_class2": 0.9803287386894226,
  "Recall_class3": 0.9830508232116699,
  "Recall_class4": 0.9987389445304871,
  "val_loss": 0.04976753145456314,
  "val_Cat_accuracy": 0.988616406917572,
  "val_F1_score_class0": 0.9940544962882996,
  "val_F1_score_class1": 0.9039340019226074,
  "val_F1_score_class2": 0.9674226641654968,
  "val_F1_score_class3": 0.8146066665649414,
  "val_F1_score_class4": 0.9935978651046753,
  "val_Precision_class0": 0.9957257509231567,
  "val_Precision_class1": 0.8998178243637085,
  "val_Precision_class2": 0.974252462387085,
  "val_Precision_class3": 0.7213930487632751,
  "val_Precision_class4": 0.990427553653717,
  "val_Recall_class0": 0.9923889636993408,
  "val_Recall_class1": 0.908088207244873,
  "val_Recall_class2": 0.9606879353523254,
  "val_Recall_class3": 0.9354838728904724,
  "val_Recall_class4": 0.9967886805534363,
  "epoch": 33,
  "global_step": 4216
}