{
  "loss": 0.025915801525115967,
  "Cat_accuracy": 0.9857863187789917,
  "F1_score_class0": 0.9924318194389343,
  "F1_score_class1": 0.8495417833328247,
  "F1_score_class2": 0.9673765301704407,
  "F1_score_class3": 0.8085106015205383,
  "F1_score_class4": 0.9905242323875427,
  "Precision_class0": 0.9945878982543945,
  "Precision_class1": 0.8359511494636536,
  "Precision_class2": 0.9678985476493835,
  "Precision_class3": 0.8367875814437866,
  "Precision_class4": 0.9924050569534302,
  "Recall_class0": 0.9902851581573486,
  "Recall_class1": 0.8635817170143127,
  "Recall_class2": 0.9668552875518799,
  "Recall_class3": 0.7820823192596436,
  "Recall_class4": 0.9886506795883179,
  "val_loss": 0.04916800186038017,
  "val_Cat_accuracy": 0.9870986342430115,
  "val_F1_score_class0": 0.9934591054916382,
  "val_F1_score_class1": 0.8683014512062073,
  "val_F1_score_class2": 0.9669521450996399,
  "val_F1_score_class3": 0.829431414604187,
  "val_F1_score_class4": 0.9890604019165039,
  "val_Precision_class0": 0.9948171973228455,
  "val_Precision_class1": 0.8581687808036804,
  "val_Precision_class2": 0.9634146094322205,
  "val_Precision_class3": 0.8611111044883728,
  "val_Precision_class4": 0.9909735918045044,
  "val_Recall_class0": 0.9921049475669861,
  "val_Recall_class1": 0.8786764740943909,
  "val_Recall_class2": 0.9705159664154053,
  "val_Recall_class3": 0.800000011920929,
  "val_Recall_class4": 0.9871547818183899,
  "epoch": 26,
  "global_step": 837
}