{
  "loss": 0.010923630557954311,
  "Cat_accuracy": 0.9937390089035034,
  "F1_score_class0": 0.9969800710678101,
  "F1_score_class1": 0.9356931447982788,
  "F1_score_class2": 0.9830005168914795,
  "F1_score_class3": 0.8787127733230591,
  "F1_score_class4": 0.9976884722709656,
  "Precision_class0": 0.9979467988014221,
  "Precision_class1": 0.9188876152038574,
  "Precision_class2": 0.98432856798172,
  "Precision_class3": 0.8987341523170471,
  "Precision_class4": 0.9974789619445801,
  "Recall_class0": 0.9960154294967651,
  "Recall_class1": 0.953125,
  "Recall_class2": 0.9816761016845703,
  "Recall_class3": 0.8595641851425171,
  "Recall_class4": 0.997898280620575,
  "val_loss": 0.03405362367630005,
  "val_Cat_accuracy": 0.9910828471183777,
  "val_F1_score_class0": 0.9955112934112549,
  "val_F1_score_class1": 0.9097538590431213,
  "val_F1_score_class2": 0.9749280214309692,
  "val_F1_score_class3": 0.8761904239654541,
  "val_F1_score_class4": 0.995175302028656,
  "val_Precision_class0": 0.9958508610725403,
  "val_Precision_class1": 0.9023508429527283,
  "val_Precision_class2": 0.9785478711128235,
  "val_Precision_class3": 0.862500011920929,
  "val_Precision_class4": 0.9967783689498901,
  "val_Recall_class0": 0.9951720833778381,
  "val_Recall_class1": 0.9172794222831726,
  "val_Recall_class2": 0.9713349938392639,
  "val_Recall_class3": 0.8903225660324097,
  "val_Recall_class4": 0.9935774207115173,
  "epoch": 16,
  "global_step": 4216
}