{
  "loss": 0.09259111434221268,
  "Cat_accuracy": 0.9755727648735046,
  "F1_score_class0": 0.9885848164558411,
  "F1_score_class1": 0.6710429787635803,
  "F1_score_class2": 0.9432827234268188,
  "F1_score_class3": 0.004830917809158564,
  "F1_score_class4": 0.9847512245178223,
  "Precision_class0": 0.9830759763717651,
  "Precision_class1": 0.853432297706604,
  "Precision_class2": 0.957016110420227,
  "Precision_class3": 0.9999998807907104,
  "Precision_class4": 0.9854767322540283,
  "Recall_class0": 0.9941559433937073,
  "Recall_class1": 0.5528846383094788,
  "Recall_class2": 0.929938018321991,
  "Recall_class3": 0.002421307610347867,
  "Recall_class4": 0.9840269088745117,
  "val_loss": 0.07448209822177887,
  "val_Cat_accuracy": 0.979936420917511,
  "val_F1_score_class0": 0.9911278486251831,
  "val_F1_score_class1": 0.7413792014122009,
  "val_F1_score_class2": 0.954902708530426,
  "val_F1_score_class3": 0.0,
  "val_F1_score_class4": 0.9868208169937134,
  "val_Precision_class0": 0.986112654209137,
  "val_Precision_class1": 0.8958333134651184,
  "val_Precision_class2": 0.9648829698562622,
  "val_Precision_class3": 0.0,
  "val_Precision_class4": 0.9877734780311584,
  "val_Recall_class0": 0.9961944818496704,
  "val_Recall_class1": 0.6323529481887817,
  "val_Recall_class2": 0.9451269507408142,
  "val_Recall_class3": 0.0,
  "val_Recall_class4": 0.9858702421188354,
  "epoch": 29,
  "global_step": 930
}