{
  "loss": 0.15348485112190247,
  "Cat_accuracy": 0.9553669095039368,
  "F1_score_class0": 0.9833539128303528,
  "F1_score_class1": 0.0,
  "F1_score_class2": 0.812324047088623,
  "F1_score_class3": 0.0,
  "F1_score_class4": 0.9689772725105286,
  "Precision_class0": 0.9775915145874023,
  "Precision_class1": 0.0,
  "Precision_class2": 0.8498675227165222,
  "Precision_class3": 0.0,
  "Precision_class4": 0.986710250377655,
  "Recall_class0": 0.9891846776008606,
  "Recall_class1": 0.0,
  "Recall_class2": 0.7779574394226074,
  "Recall_class3": 0.0,
  "Recall_class4": 0.9518705606460571,
  "val_loss": 0.12932686507701874,
  "val_Cat_accuracy": 0.9665607213973999,
  "val_F1_score_class0": 0.9888687133789062,
  "val_F1_score_class1": 0.0,
  "val_F1_score_class2": 0.8416213393211365,
  "val_F1_score_class3": 0.0,
  "val_F1_score_class4": 0.9773315191268921,
  "val_Precision_class0": 0.9837549328804016,
  "val_Precision_class1": 0.0,
  "val_Precision_class2": 0.8592150211334229,
  "val_Precision_class3": 0.0,
  "val_Precision_class4": 0.9856303334236145,
  "val_Recall_class0": 0.9940361380577087,
  "val_Recall_class1": 0.0,
  "val_Recall_class2": 0.8247338533401489,
  "val_Recall_class3": 0.0,
  "val_Recall_class4": 0.9691714644432068,
  "epoch": 29,
  "global_step": 930
}