{
  "loss": 0.02159726247191429,
  "Cat_accuracy": 0.9883634448051453,
  "F1_score_class0": 0.993762195110321,
  "F1_score_class1": 0.899940013885498,
  "F1_score_class2": 0.9713667631149292,
  "F1_score_class3": 0.7757124900817871,
  "F1_score_class4": 0.9912823438644409,
  "Precision_class0": 0.9945082068443298,
  "Precision_class1": 0.897252082824707,
  "Precision_class2": 0.9737340807914734,
  "Precision_class3": 0.7944162487983704,
  "Precision_class4": 0.9907621145248413,
  "Recall_class0": 0.9930174946784973,
  "Recall_class1": 0.9026442170143127,
  "Recall_class2": 0.9690110683441162,
  "Recall_class3": 0.7578692436218262,
  "Recall_class4": 0.9918032884597778,
  "val_loss": 0.04850263148546219,
  "val_Cat_accuracy": 0.9867191314697266,
  "val_F1_score_class0": 0.9927999973297119,
  "val_F1_score_class1": 0.8825214505195618,
  "val_F1_score_class2": 0.9657142162322998,
  "val_F1_score_class3": 0.8042703866958618,
  "val_F1_score_class4": 0.9870465993881226,
  "val_Precision_class0": 0.9909461140632629,
  "val_Precision_class1": 0.9184890389442444,
  "val_Precision_class2": 0.9625712037086487,
  "val_Precision_class3": 0.89682537317276,
  "val_Precision_class4": 0.9954278469085693,
  "val_Recall_class0": 0.9946609139442444,
  "val_Recall_class1": 0.8492646813392639,
  "val_Recall_class2": 0.9688779711723328,
  "val_Recall_class3": 0.7290322780609131,
  "val_Recall_class4": 0.978805422782898,
  "epoch": 28,
  "global_step": 3596
}