{
  "loss": 0.25891661643981934,
  "Cat_accuracy": 0.8620215058326721,
  "F1_score_class0": 0.8994117379188538,
  "F1_score_class1": 0.5574207901954651,
  "F1_score_class2": 0.8804801106452942,
  "F1_score_class3": 0.17429402470588684,
  "F1_score_class4": 0.8811965584754944,
  "Precision_class0": 0.9941650629043579,
  "Precision_class1": 0.40832868218421936,
  "Precision_class2": 0.8535289764404297,
  "Precision_class3": 0.09688768535852432,
  "Precision_class4": 0.8102627396583557,
  "Recall_class0": 0.821148693561554,
  "Recall_class1": 0.878004789352417,
  "Recall_class2": 0.9091889262199402,
  "Recall_class3": 0.8668280839920044,
  "Recall_class4": 0.9657419323921204,
  "val_loss": 0.3079245090484619,
  "val_Cat_accuracy": 0.8904804587364197,
  "val_F1_score_class0": 0.922192394733429,
  "val_F1_score_class1": 0.5331869721412659,
  "val_F1_score_class2": 0.8913472890853882,
  "val_F1_score_class3": 0.310059130191803,
  "val_F1_score_class4": 0.8854780197143555,
  "val_Precision_class0": 0.9927308559417725,
  "val_Precision_class1": 0.3799843490123749,
  "val_Precision_class2": 0.8610687255859375,
  "val_Precision_class3": 0.18985506892204285,
  "val_Precision_class4": 0.81922447681427,
  "val_Recall_class0": 0.8610132932662964,
  "val_Recall_class1": 0.8933823704719543,
  "val_Recall_class2": 0.9238329529762268,
  "val_Recall_class3": 0.8451613187789917,
  "val_Recall_class4": 0.963391125202179,
  "epoch": 29,
  "global_step": 480
}