{
  "loss": 0.04475358501076698,
  "Cat_accuracy": 0.9790984988212585,
  "F1_score_class0": 0.9876170754432678,
  "F1_score_class1": 0.7860220074653625,
  "F1_score_class2": 0.9698585271835327,
  "F1_score_class3": 0.8438469171524048,
  "F1_score_class4": 0.9934148192405701,
  "Precision_class0": 0.9994171857833862,
  "Precision_class1": 0.6531423926353455,
  "Precision_class2": 0.9601267576217651,
  "Precision_class3": 0.7364621162414551,
  "Precision_class4": 0.9881471991539001,
  "Recall_class0": 0.9760924577713013,
  "Recall_class1": 0.9867788553237915,
  "Recall_class2": 0.9797897934913635,
  "Recall_class3": 0.9878934621810913,
  "Recall_class4": 0.9987389445304871,
  "val_loss": 0.08010173588991165,
  "val_Cat_accuracy": 0.9806479215621948,
  "val_F1_score_class0": 0.9891353845596313,
  "val_F1_score_class1": 0.7913668751716614,
  "val_F1_score_class2": 0.9628722071647644,
  "val_F1_score_class3": 0.818443775177002,
  "val_F1_score_class4": 0.9939043521881104,
  "val_Precision_class0": 0.995854914188385,
  "val_Precision_class1": 0.700141429901123,
  "val_Precision_class2": 0.9593495726585388,
  "val_Precision_class3": 0.7395833134651184,
  "val_Precision_class4": 0.9929487109184265,
  "val_Recall_class0": 0.9825059771537781,
  "val_Recall_class1": 0.9099264740943909,
  "val_Recall_class2": 0.9664209485054016,
  "val_Recall_class3": 0.9161290526390076,
  "val_Recall_class4": 0.994861900806427,
  "epoch": 29,
  "global_step": 1860
}