{
  "loss": 0.035578176379203796,
  "Cat_accuracy": 0.9827349185943604,
  "F1_score_class0": 0.9897202849388123,
  "F1_score_class1": 0.8168315887451172,
  "F1_score_class2": 0.9759229421615601,
  "F1_score_class3": 0.8350304961204529,
  "F1_score_class4": 0.9956010580062866,
  "Precision_class0": 0.9995355606079102,
  "Precision_class1": 0.6944444179534912,
  "Precision_class2": 0.9689242839813232,
  "Precision_class3": 0.7205623984336853,
  "Precision_class4": 0.992275595664978,
  "Recall_class0": 0.9800959825515747,
  "Recall_class1": 0.9915865659713745,
  "Recall_class2": 0.983023464679718,
  "Recall_class3": 0.9927361011505127,
  "Recall_class4": 0.9989491105079651,
  "val_loss": 0.08265400677919388,
  "val_Cat_accuracy": 0.9771379828453064,
  "val_F1_score_class0": 0.9869488477706909,
  "val_F1_score_class1": 0.7581120133399963,
  "val_F1_score_class2": 0.9635694026947021,
  "val_F1_score_class3": 0.8100557327270508,
  "val_F1_score_class4": 0.9910427927970886,
  "val_Precision_class0": 0.9969288110733032,
  "val_Precision_class1": 0.633004903793335,
  "val_Precision_class2": 0.9631751179695129,
  "val_Precision_class3": 0.7142857313156128,
  "val_Precision_class4": 0.9872530102729797,
  "val_Recall_class0": 0.9771668910980225,
  "val_Recall_class1": 0.9448529481887817,
  "val_Recall_class2": 0.9639639854431152,
  "val_Recall_class3": 0.9354838728904724,
  "val_Recall_class4": 0.994861900806427,
  "epoch": 26,
  "global_step": 837
}