{
  "loss": 0.02588420733809471,
  "Cat_accuracy": 0.9929168820381165,
  "F1_score_class0": 0.9965419173240662,
  "F1_score_class1": 0.9197125434875488,
  "F1_score_class2": 0.9820923209190369,
  "F1_score_class3": 0.8488829731941223,
  "F1_score_class4": 0.9978969097137451,
  "Precision_class0": 0.9951561093330383,
  "Precision_class1": 0.9577098488807678,
  "Precision_class2": 0.9814316630363464,
  "Precision_class3": 0.9281609058380127,
  "Precision_class4": 0.998526930809021,
  "Recall_class0": 0.9979317784309387,
  "Recall_class1": 0.8846153616905212,
  "Recall_class2": 0.9827539920806885,
  "Recall_class3": 0.7820823192596436,
  "Recall_class4": 0.9972677826881409,
  "val_loss": 0.045981090515851974,
  "val_Cat_accuracy": 0.9900867938995361,
  "val_F1_score_class0": 0.9946990609169006,
  "val_F1_score_class1": 0.8966183066368103,
  "val_F1_score_class2": 0.9710557460784912,
  "val_F1_score_class3": 0.8327401876449585,
  "val_F1_score_class4": 0.9961389303207397,
  "val_Precision_class0": 0.9928696751594543,
  "val_Precision_class1": 0.9450101852416992,
  "val_Precision_class2": 0.9667207598686218,
  "val_Precision_class3": 0.9285714030265808,
  "val_Precision_class4": 0.9980657696723938,
  "val_Recall_class0": 0.9965353012084961,
  "val_Recall_class1": 0.8529411554336548,
  "val_Recall_class2": 0.9754299521446228,
  "val_Recall_class3": 0.7548387050628662,
  "val_Recall_class4": 0.9942196607589722,
  "epoch": 8,
  "global_step": 1116
}