{
  "loss": 0.02114045061171055,
  "Cat_accuracy": 0.9938971400260925,
  "F1_score_class0": 0.9972231984138489,
  "F1_score_class1": 0.9339097738265991,
  "F1_score_class2": 0.9834253787994385,
  "F1_score_class3": 0.8461537957191467,
  "F1_score_class4": 0.9975811839103699,
  "Precision_class0": 0.9961564540863037,
  "Precision_class1": 0.9606099128723145,
  "Precision_class2": 0.983557939529419,
  "Precision_class3": 0.9354838728904724,
  "Precision_class4": 0.9983161687850952,
  "Recall_class0": 0.9982923269271851,
  "Recall_class1": 0.9086538553237915,
  "Recall_class2": 0.9832929372787476,
  "Recall_class3": 0.7723971009254456,
  "Recall_class4": 0.99684739112854,
  "val_loss": 0.037916891276836395,
  "val_Cat_accuracy": 0.9904662370681763,
  "val_F1_score_class0": 0.9950572848320007,
  "val_F1_score_class1": 0.910780668258667,
  "val_F1_score_class2": 0.9731488823890686,
  "val_F1_score_class3": 0.8445945382118225,
  "val_F1_score_class4": 0.9948586225509644,
  "val_Precision_class0": 0.9952835440635681,
  "val_Precision_class1": 0.9210526347160339,
  "val_Precision_class2": 0.9668552875518799,
  "val_Precision_class3": 0.8865247964859009,
  "val_Precision_class4": 0.9954984188079834,
  "val_Recall_class0": 0.9948313236236572,
  "val_Recall_class1": 0.9007353186607361,
  "val_Recall_class2": 0.9795249700546265,
  "val_Recall_class3": 0.8064516186714172,
  "val_Recall_class4": 0.9942196607589722,
  "epoch": 30,
  "global_step": 1922
}