{
  "loss": 0.030975839123129845,
  "Cat_accuracy": 0.9909721612930298,
  "F1_score_class0": 0.9956414103507996,
  "F1_score_class1": 0.8943241834640503,
  "F1_score_class2": 0.9766876697540283,
  "F1_score_class3": 0.8322324156761169,
  "F1_score_class4": 0.9965288043022156,
  "Precision_class0": 0.994378924369812,
  "Precision_class1": 0.935081958770752,
  "Precision_class2": 0.9768193960189819,
  "Precision_class3": 0.9156976938247681,
  "Precision_class4": 0.9974731802940369,
  "Recall_class0": 0.9969071745872498,
  "Recall_class1": 0.8569711446762085,
  "Recall_class2": 0.9765561819076538,
  "Recall_class3": 0.7627118825912476,
  "Recall_class4": 0.9955863952636719,
  "val_loss": 0.03983084857463837,
  "val_Cat_accuracy": 0.9890432953834534,
  "val_F1_score_class0": 0.9944308400154114,
  "val_F1_score_class1": 0.8874537944793701,
  "val_F1_score_class2": 0.9714518189430237,
  "val_F1_score_class3": 0.8504983186721802,
  "val_F1_score_class4": 0.9926020503044128,
  "val_Precision_class0": 0.9949397444725037,
  "val_Precision_class1": 0.8907407522201538,
  "val_Precision_class2": 0.9675061106681824,
  "val_Precision_class3": 0.8767123222351074,
  "val_Precision_class4": 0.9942010045051575,
  "val_Recall_class0": 0.9939225316047668,
  "val_Recall_class1": 0.8841911554336548,
  "val_Recall_class2": 0.9754299521446228,
  "val_Recall_class3": 0.8258064389228821,
  "val_Recall_class4": 0.9910083413124084,
  "epoch": 25,
  "global_step": 1612
}