{
  "loss": 0.0483233742415905,
  "Cat_accuracy": 0.975920557975769,
  "F1_score_class0": 0.9880411028862,
  "F1_score_class1": 0.7361853122711182,
  "F1_score_class2": 0.9537872672080994,
  "F1_score_class3": 0.5270269513130188,
  "F1_score_class4": 0.9870375394821167,
  "Precision_class0": 0.9908220171928406,
  "Precision_class1": 0.7279670834541321,
  "Precision_class2": 0.9680821299552917,
  "Precision_class3": 0.5963302850723267,
  "Precision_class4": 0.9898541569709778,
  "Recall_class0": 0.9852759838104248,
  "Recall_class1": 0.7445913553237915,
  "Recall_class2": 0.9399083852767944,
  "Recall_class3": 0.47215497493743896,
  "Recall_class4": 0.9842370748519897,
  "val_loss": 0.06218855828046799,
  "val_Cat_accuracy": 0.9837784171104431,
  "val_F1_score_class0": 0.9922181963920593,
  "val_F1_score_class1": 0.8060606122016907,
  "val_F1_score_class2": 0.9584372043609619,
  "val_F1_score_class3": 0.7560136318206787,
  "val_F1_score_class4": 0.9893375635147095,
  "val_Precision_class0": 0.9886652231216431,
  "val_Precision_class1": 0.894618809223175,
  "val_Precision_class2": 0.9729957580566406,
  "val_Precision_class3": 0.8088235259056091,
  "val_Precision_class4": 0.995448648929596,
  "val_Recall_class0": 0.9957968592643738,
  "val_Recall_class1": 0.7334558963775635,
  "val_Recall_class2": 0.9443079233169556,
  "val_Recall_class3": 0.7096773982048035,
  "val_Recall_class4": 0.9833012223243713,
  "epoch": 29,
  "global_step": 930
}