{
  "loss": 0.015158853493630886,
  "Cat_accuracy": 0.9918259382247925,
  "F1_score_class0": 0.9957560300827026,
  "F1_score_class1": 0.930302083492279,
  "F1_score_class2": 0.9771012663841248,
  "F1_score_class3": 0.8238152265548706,
  "F1_score_class4": 0.9957973957061768,
  "Precision_class0": 0.996503472328186,
  "Precision_class1": 0.9261465072631836,
  "Precision_class2": 0.9768381118774414,
  "Precision_class3": 0.8268292546272278,
  "Precision_class4": 0.9955882430076599,
  "Recall_class0": 0.9950097799301147,
  "Recall_class1": 0.934495210647583,
  "Recall_class2": 0.9773645997047424,
  "Recall_class3": 0.8208232522010803,
  "Recall_class4": 0.9960067272186279,
  "val_loss": 0.042486920952796936,
  "val_Cat_accuracy": 0.9890907406806946,
  "val_F1_score_class0": 0.9940881729125977,
  "val_F1_score_class1": 0.9001848101615906,
  "val_F1_score_class2": 0.9706361889839172,
  "val_F1_score_class3": 0.8172757625579834,
  "val_F1_score_class4": 0.9942270517349243,
  "val_Precision_class0": 0.994879961013794,
  "val_Precision_class1": 0.9052044749259949,
  "val_Precision_class2": 0.9666937589645386,
  "val_Precision_class3": 0.8424657583236694,
  "val_Precision_class4": 0.9929532408714294,
  "val_Recall_class0": 0.9932977557182312,
  "val_Recall_class1": 0.8952205777168274,
  "val_Recall_class2": 0.9746109843254089,
  "val_Recall_class3": 0.7935484051704407,
  "val_Recall_class4": 0.9955042004585266,
  "epoch": 28,
  "global_step": 7192
}