{
  "loss": 0.028546670451760292,
  "Cat_accuracy": 0.9914464950561523,
  "F1_score_class0": 0.9955968856811523,
  "F1_score_class1": 0.9143919348716736,
  "F1_score_class2": 0.9803761839866638,
  "F1_score_class3": 0.7846364378929138,
  "F1_score_class4": 0.9965295195579529,
  "Precision_class0": 0.9936869144439697,
  "Precision_class1": 0.9448717832565308,
  "Precision_class2": 0.9847743511199951,
  "Precision_class3": 0.905063271522522,
  "Precision_class4": 0.9972637295722961,
  "Recall_class0": 0.9975143671035767,
  "Recall_class1": 0.885817289352417,
  "Recall_class2": 0.9760172367095947,
  "Recall_class3": 0.6924939751625061,
  "Recall_class4": 0.9957965612411499,
  "val_loss": 0.04206433147192001,
  "val_Cat_accuracy": 0.9903239607810974,
  "val_F1_score_class0": 0.9949560761451721,
  "val_F1_score_class1": 0.9092645049095154,
  "val_F1_score_class2": 0.9720853567123413,
  "val_F1_score_class3": 0.8088234663009644,
  "val_F1_score_class4": 0.9948486089706421,
  "val_Precision_class0": 0.9927617907524109,
  "val_Precision_class1": 0.9463220834732056,
  "val_Precision_class2": 0.9744855761528015,
  "val_Precision_class3": 0.94017094373703,
  "val_Precision_class4": 0.997417688369751,
  "val_Recall_class0": 0.9971600770950317,
  "val_Recall_class1": 0.875,
  "val_Recall_class2": 0.9696969985961914,
  "val_Recall_class3": 0.7096773982048035,
  "val_Recall_class4": 0.9922928810119629,
  "epoch": 26,
  "global_step": 6696
}