{
  "loss": 0.029696514829993248,
  "Cat_accuracy": 0.9917469024658203,
  "F1_score_class0": 0.9959744811058044,
  "F1_score_class1": 0.9056721329689026,
  "F1_score_class2": 0.9797515869140625,
  "F1_score_class3": 0.8180574774742126,
  "F1_score_class4": 0.9968466758728027,
  "Precision_class0": 0.9943452477455139,
  "Precision_class1": 0.9462999105453491,
  "Precision_class2": 0.9816067218780518,
  "Precision_class3": 0.9402515888214111,
  "Precision_class4": 0.9970563650131226,
  "Recall_class0": 0.9976092576980591,
  "Recall_class1": 0.8683894276618958,
  "Recall_class2": 0.9779035449028015,
  "Recall_class3": 0.7239709496498108,
  "Recall_class4": 0.996637225151062,
  "val_loss": 0.03855733200907707,
  "val_Cat_accuracy": 0.9896599054336548,
  "val_F1_score_class0": 0.9945265054702759,
  "val_F1_score_class1": 0.9036608338356018,
  "val_F1_score_class2": 0.9718940258026123,
  "val_F1_score_class3": 0.8197879195213318,
  "val_F1_score_class4": 0.9935649633407593,
  "val_Precision_class0": 0.9931464195251465,
  "val_Precision_class1": 0.9493927359580994,
  "val_Precision_class2": 0.9667747020721436,
  "val_Precision_class3": 0.90625,
  "val_Precision_class4": 0.9954867959022522,
  "val_Recall_class0": 0.9959104657173157,
  "val_Recall_class1": 0.8621323704719543,
  "val_Recall_class2": 0.9770679473876953,
  "val_Recall_class3": 0.7483870983123779,
  "val_Recall_class4": 0.9916505813598633,
  "epoch": 32,
  "global_step": 1023
}