{
  "loss": 0.029029885306954384,
  "Cat_accuracy": 0.9920315146446228,
  "F1_score_class0": 0.9963735342025757,
  "F1_score_class1": 0.9154040217399597,
  "F1_score_class2": 0.9786659479141235,
  "F1_score_class3": 0.7912687659263611,
  "F1_score_class4": 0.9972671866416931,
  "Precision_class0": 0.9944245219230652,
  "Precision_class1": 0.9640957713127136,
  "Precision_class2": 0.9807848334312439,
  "Precision_class3": 0.90625,
  "Precision_class4": 0.9974768757820129,
  "Recall_class0": 0.998330295085907,
  "Recall_class1": 0.8713942170143127,
  "Recall_class2": 0.9765561819076538,
  "Recall_class3": 0.7021791934967041,
  "Recall_class4": 0.9970576167106628,
  "val_loss": 0.05343339964747429,
  "val_Cat_accuracy": 0.9867191314697266,
  "val_F1_score_class0": 0.9936221837997437,
  "val_F1_score_class1": 0.8557873964309692,
  "val_F1_score_class2": 0.9615542888641357,
  "val_F1_score_class3": 0.7889273166656494,
  "val_F1_score_class4": 0.991938054561615,
  "val_Precision_class0": 0.9917387962341309,
  "val_Precision_class1": 0.884313702583313,
  "val_Precision_class2": 0.9707846641540527,
  "val_Precision_class3": 0.8507462739944458,
  "val_Precision_class4": 0.9961140155792236,
  "val_Recall_class0": 0.9955129027366638,
  "val_Recall_class1": 0.8290441036224365,
  "val_Recall_class2": 0.9524979591369629,
  "val_Recall_class3": 0.7354838848114014,
  "val_Recall_class4": 0.9877970218658447,
  "epoch": 27,
  "global_step": 3472
}