{
  "loss": 0.046724822372198105,
  "Cat_accuracy": 0.9870986342430115,
  "F1_score_class0": 0.993415117263794,
  "F1_score_class1": 0.8502603769302368,
  "F1_score_class2": 0.9596630930900574,
  "F1_score_class3": 0.8225806355476379,
  "F1_score_class4": 0.9952616691589355,
  "Precision_class0": 0.9906783699989319,
  "Precision_class1": 0.9275568127632141,
  "Precision_class2": 0.9674150943756104,
  "Precision_class3": 0.9244713187217712,
  "Precision_class4": 0.9972568154335022,
  "Recall_class0": 0.9961671829223633,
  "Recall_class1": 0.7848557829856873,
  "Recall_class2": 0.9520344734191895,
  "Recall_class3": 0.7409201264381409,
  "Recall_class4": 0.9932745099067688,
  "val_loss": 0.07831542938947678,
  "val_Cat_accuracy": 0.9823554754257202,
  "val_F1_score_class0": 0.9908251166343689,
  "val_F1_score_class1": 0.8325073719024658,
  "val_F1_score_class2": 0.9384679198265076,
  "val_F1_score_class3": 0.8039214611053467,
  "val_F1_score_class4": 0.9871629476547241,
  "val_Precision_class0": 0.9879715442657471,
  "val_Precision_class1": 0.9032257795333862,
  "val_Precision_class2": 0.9597602486610413,
  "val_Precision_class3": 0.8145695328712463,
  "val_Precision_class4": 0.9865298271179199,
  "val_Recall_class0": 0.9936953186988831,
  "val_Recall_class1": 0.7720588445663452,
  "val_Recall_class2": 0.9180999398231506,
  "val_Recall_class3": 0.7935484051704407,
  "val_Recall_class4": 0.9877970218658447,
  "epoch": 29,
  "global_step": 480
}