{
  "loss": 0.16272582113742828,
  "Cat_accuracy": 0.9218485951423645,
  "F1_score_class0": 0.9462684392929077,
  "F1_score_class1": 0.5480751991271973,
  "F1_score_class2": 0.8480796813964844,
  "F1_score_class3": 0.6268412470817566,
  "F1_score_class4": 0.9760181307792664,
  "Precision_class0": 0.9970793128013611,
  "Precision_class1": 0.38732919096946716,
  "Precision_class2": 0.7724153399467468,
  "Precision_class3": 0.4734239876270294,
  "Precision_class4": 0.9603335857391357,
  "Recall_class0": 0.9003852009773254,
  "Recall_class1": 0.9368990659713745,
  "Recall_class2": 0.940177857875824,
  "Recall_class3": 0.9273607730865479,
  "Recall_class4": 0.9922236204147339,
  "val_loss": 0.2169644832611084,
  "val_Cat_accuracy": 0.9309396147727966,
  "val_F1_score_class0": 0.954783022403717,
  "val_F1_score_class1": 0.5297524333000183,
  "val_F1_score_class2": 0.8838683366775513,
  "val_F1_score_class3": 0.6766916513442993,
  "val_F1_score_class4": 0.9789942502975464,
  "val_Precision_class0": 0.9945240616798401,
  "val_Precision_class1": 0.3712176978588104,
  "val_Precision_class2": 0.8563748002052307,
  "val_Precision_class3": 0.5532786846160889,
  "val_Precision_class4": 0.970346987247467,
  "val_Recall_class0": 0.918096125125885,
  "val_Recall_class1": 0.9246323704719543,
  "val_Recall_class2": 0.9131858944892883,
  "val_Recall_class3": 0.8709677457809448,
  "val_Recall_class4": 0.9877970218658447,
  "epoch": 28,
  "global_step": 1798
}