{
  "loss": 0.044244181364774704,
  "Cat_accuracy": 0.9869879484176636,
  "F1_score_class0": 0.9934484958648682,
  "F1_score_class1": 0.8810741305351257,
  "F1_score_class2": 0.9649456143379211,
  "F1_score_class3": 0.7195466756820679,
  "F1_score_class4": 0.9877299666404724,
  "Precision_class0": 0.9899578094482422,
  "Precision_class1": 0.9412568211555481,
  "Precision_class2": 0.9731433391571045,
  "Precision_class3": 0.8668941855430603,
  "Precision_class4": 0.9942504167556763,
  "Recall_class0": 0.9969640970230103,
  "Recall_class1": 0.828125,
  "Recall_class2": 0.9568849205970764,
  "Recall_class3": 0.6150121092796326,
  "Recall_class4": 0.9812946319580078,
  "val_loss": 0.05375366657972336,
  "val_Cat_accuracy": 0.9870511889457703,
  "val_F1_score_class0": 0.9931201338768005,
  "val_F1_score_class1": 0.8800792694091797,
  "val_F1_score_class2": 0.9645506143569946,
  "val_F1_score_class3": 0.7820069193840027,
  "val_F1_score_class4": 0.9890180230140686,
  "val_Precision_class0": 0.9900649189949036,
  "val_Precision_class1": 0.9548386931419373,
  "val_Precision_class2": 0.9709543585777283,
  "val_Precision_class3": 0.8432835936546326,
  "val_Precision_class4": 0.9948018193244934,
  "val_Recall_class0": 0.9961944818496704,
  "val_Recall_class1": 0.8161764740943909,
  "val_Recall_class2": 0.9582309722900391,
  "val_Recall_class3": 0.7290322780609131,
  "val_Recall_class4": 0.9833012223243713,
  "epoch": 29,
  "global_step": 1860
}