{
  "loss": 0.02805549092590809,
  "Cat_accuracy": 0.985011637210846,
  "F1_score_class0": 0.9913332462310791,
  "F1_score_class1": 0.8323262333869934,
  "F1_score_class2": 0.9777657985687256,
  "F1_score_class3": 0.8869751691818237,
  "F1_score_class4": 0.9949779510498047,
  "Precision_class0": 0.9996334314346313,
  "Precision_class1": 0.7162045240402222,
  "Precision_class2": 0.9720372557640076,
  "Precision_class3": 0.7984496355056763,
  "Precision_class4": 0.9906250238418579,
  "Recall_class0": 0.9831698536872864,
  "Recall_class1": 0.9933894276618958,
  "Recall_class2": 0.9835624098777771,
  "Recall_class3": 0.9975786805152893,
  "Recall_class4": 0.9993695020675659,
  "val_loss": 0.059280239045619965,
  "val_Cat_accuracy": 0.9883792400360107,
  "val_F1_score_class0": 0.9936351776123047,
  "val_F1_score_class1": 0.8795620203018188,
  "val_F1_score_class2": 0.9731957912445068,
  "val_F1_score_class3": 0.8519636392593384,
  "val_F1_score_class4": 0.9939043521881104,
  "val_Precision_class0": 0.9941437244415283,
  "val_Precision_class1": 0.8731883764266968,
  "val_Precision_class2": 0.9800664186477661,
  "val_Precision_class3": 0.8011363744735718,
  "val_Precision_class4": 0.9929487109184265,
  "val_Recall_class0": 0.9931273460388184,
  "val_Recall_class1": 0.8860294222831726,
  "val_Recall_class2": 0.9664209485054016,
  "val_Recall_class3": 0.9096774458885193,
  "val_Recall_class4": 0.994861900806427,
  "epoch": 21,
  "global_step": 2728
}