{
  "loss": 0.025994131341576576,
  "Cat_accuracy": 0.9858812093734741,
  "F1_score_class0": 0.9923039078712463,
  "F1_score_class1": 0.8685234785079956,
  "F1_score_class2": 0.9561485648155212,
  "F1_score_class3": 0.8274111151695251,
  "F1_score_class4": 0.9927482604980469,
  "Precision_class0": 0.9937958121299744,
  "Precision_class1": 0.8656716346740723,
  "Precision_class2": 0.9516817927360535,
  "Precision_class3": 0.8693333268165588,
  "Precision_class4": 0.9928526282310486,
  "Recall_class0": 0.9908164739608765,
  "Recall_class1": 0.8713942170143127,
  "Recall_class2": 0.9606574773788452,
  "Recall_class3": 0.7893462181091309,
  "Recall_class4": 0.9926439523696899,
  "val_loss": 0.07185685634613037,
  "val_Cat_accuracy": 0.9831143617630005,
  "val_F1_score_class0": 0.9911779761314392,
  "val_F1_score_class1": 0.8408238887786865,
  "val_F1_score_class2": 0.9417678713798523,
  "val_F1_score_class3": 0.8164556622505188,
  "val_F1_score_class4": 0.9887567758560181,
  "val_Precision_class0": 0.9900266528129578,
  "val_Precision_class1": 0.8568702340126038,
  "val_Precision_class2": 0.9639794230461121,
  "val_Precision_class3": 0.8012422323226929,
  "val_Precision_class4": 0.9890745282173157,
  "val_Recall_class0": 0.9923321604728699,
  "val_Recall_class1": 0.8253676295280457,
  "val_Recall_class2": 0.920556902885437,
  "val_Recall_class3": 0.8322580456733704,
  "val_Recall_class4": 0.9884393215179443,
  "epoch": 18,
  "global_step": 589
}