{
  "loss": 0.14146797358989716,
  "Cat_accuracy": 0.9303862452507019,
  "F1_score_class0": 0.9526858925819397,
  "F1_score_class1": 0.556359052658081,
  "F1_score_class2": 0.9396815896034241,
  "F1_score_class3": 0.49967798590660095,
  "F1_score_class4": 0.9709056615829468,
  "Precision_class0": 0.9979016780853271,
  "Precision_class1": 0.39375779032707214,
  "Precision_class2": 0.9328199625015259,
  "Precision_class3": 0.340350866317749,
  "Precision_class4": 0.9502918124198914,
  "Recall_class0": 0.9113902449607849,
  "Recall_class1": 0.9477163553237915,
  "Recall_class2": 0.9466450810432434,
  "Recall_class3": 0.9394673109054565,
  "Recall_class4": 0.9924337863922119,
  "val_loss": 0.14921186864376068,
  "val_Cat_accuracy": 0.9483470320701599,
  "val_F1_score_class0": 0.9687454104423523,
  "val_F1_score_class1": 0.5593035817146301,
  "val_F1_score_class2": 0.9479767680168152,
  "val_F1_score_class3": 0.7405404448509216,
  "val_F1_score_class4": 0.9783989191055298,
  "val_Precision_class0": 0.996218740940094,
  "val_Precision_class1": 0.39721792936325073,
  "val_Precision_class2": 0.9558700919151306,
  "val_Precision_class3": 0.6372092962265015,
  "val_Precision_class4": 0.9679446816444397,
  "val_Recall_class0": 0.9427468180656433,
  "val_Recall_class1": 0.9448529481887817,
  "val_Recall_class2": 0.9402129650115967,
  "val_Recall_class3": 0.8838709592819214,
  "val_Recall_class4": 0.9890815615653992,
  "epoch": 26,
  "global_step": 837
}