{
  "loss": 0.02997278980910778,
  "Cat_accuracy": 0.9911460876464844,
  "F1_score_class0": 0.9953773021697998,
  "F1_score_class1": 0.9074999690055847,
  "F1_score_class2": 0.9713590741157532,
  "F1_score_class3": 0.8593749403953552,
  "F1_score_class4": 0.9973725080490112,
  "Precision_class0": 0.9938709735870361,
  "Precision_class1": 0.9453125,
  "Precision_class2": 0.973990797996521,
  "Precision_class3": 0.9295774698257446,
  "Precision_class4": 0.9974774122238159,
  "Recall_class0": 0.9968882203102112,
  "Recall_class1": 0.8725961446762085,
  "Recall_class2": 0.9687415957450867,
  "Recall_class3": 0.7990314960479736,
  "Recall_class4": 0.9972677826881409,
  "val_loss": 0.059554338455200195,
  "val_Cat_accuracy": 0.9848219156265259,
  "val_F1_score_class0": 0.9920535683631897,
  "val_F1_score_class1": 0.8664121627807617,
  "val_F1_score_class2": 0.9440329074859619,
  "val_F1_score_class3": 0.8275861740112305,
  "val_F1_score_class4": 0.9903474450111389,
  "val_Precision_class0": 0.9913783073425293,
  "val_Precision_class1": 0.9007936716079712,
  "val_Precision_class2": 0.9487179517745972,
  "val_Precision_class3": 0.8048780560493469,
  "val_Precision_class4": 0.9922630786895752,
  "val_Recall_class0": 0.9927297234535217,
  "val_Recall_class1": 0.8345588445663452,
  "val_Recall_class2": 0.939393937587738,
  "val_Recall_class3": 0.85161292552948,
  "val_Recall_class4": 0.9884393215179443,
  "epoch": 12,
  "global_step": 3224
}