{
  "loss": 0.015768947079777718,
  "Cat_accuracy": 0.9916994571685791,
  "F1_score_class0": 0.9957078099250793,
  "F1_score_class1": 0.9187425374984741,
  "F1_score_class2": 0.9804185628890991,
  "F1_score_class3": 0.854636549949646,
  "F1_score_class4": 0.9960075616836548,
  "Precision_class0": 0.9966353178024292,
  "Precision_class1": 0.9069086909294128,
  "Precision_class2": 0.9826745986938477,
  "Precision_class3": 0.8857142925262451,
  "Precision_class4": 0.9957982897758484,
  "Recall_class0": 0.9947820901870728,
  "Recall_class1": 0.9308894276618958,
  "Recall_class2": 0.978173017501831,
  "Recall_class3": 0.8256658315658569,
  "Recall_class4": 0.996216893196106,
  "val_loss": 0.040492720901966095,
  "val_Cat_accuracy": 0.9899445176124573,
  "val_F1_score_class0": 0.9945760369300842,
  "val_F1_score_class1": 0.9126760363578796,
  "val_F1_score_class2": 0.969943106174469,
  "val_F1_score_class3": 0.847681999206543,
  "val_F1_score_class4": 0.9935649633407593,
  "val_Precision_class0": 0.994491457939148,
  "val_Precision_class1": 0.93282151222229,
  "val_Precision_class2": 0.9621273279190063,
  "val_Precision_class3": 0.8707482814788818,
  "val_Precision_class4": 0.9954867959022522,
  "val_Recall_class0": 0.9946609139442444,
  "val_Recall_class1": 0.8933823704719543,
  "val_Recall_class2": 0.977886974811554,
  "val_Recall_class3": 0.8258064389228821,
  "val_Recall_class4": 0.9916505813598633,
  "epoch": 34,
  "global_step": 1085
}