{
  "loss": 0.02750258892774582,
  "Cat_accuracy": 0.9922844767570496,
  "F1_score_class0": 0.9964376091957092,
  "F1_score_class1": 0.912881076335907,
  "F1_score_class2": 0.9801806211471558,
  "F1_score_class3": 0.8141111731529236,
  "F1_score_class4": 0.9973708391189575,
  "Precision_class0": 0.995098888874054,
  "Precision_class1": 0.9464516043663025,
  "Precision_class2": 0.980841875076294,
  "Precision_class3": 0.9259259104728699,
  "Precision_class4": 0.9981056451797485,
  "Recall_class0": 0.9977800250053406,
  "Recall_class1": 0.8816105723381042,
  "Recall_class2": 0.979520320892334,
  "Recall_class3": 0.7263922691345215,
  "Recall_class4": 0.996637225151062,
  "val_loss": 0.03384673222899437,
  "val_Cat_accuracy": 0.9909405708312988,
  "val_F1_score_class0": 0.9954065084457397,
  "val_F1_score_class1": 0.9075309038162231,
  "val_F1_score_class2": 0.973834753036499,
  "val_F1_score_class3": 0.8260868787765503,
  "val_F1_score_class4": 0.996461808681488,
  "val_Precision_class0": 0.993828535079956,
  "val_Precision_class1": 0.9425742626190186,
  "val_Precision_class2": 0.972244918346405,
  "val_Precision_class3": 0.942148745059967,
  "val_Precision_class4": 0.9980670213699341,
  "val_Recall_class0": 0.9969896674156189,
  "val_Recall_class1": 0.875,
  "val_Recall_class2": 0.9754299521446228,
  "val_Recall_class3": 0.7354838848114014,
  "val_Recall_class4": 0.994861900806427,
  "epoch": 34,
  "global_step": 1085
}