{
  "loss": 0.03245336562395096,
  "Cat_accuracy": 0.9903555512428284,
  "F1_score_class0": 0.9950847625732422,
  "F1_score_class1": 0.8916428089141846,
  "F1_score_class2": 0.9707270860671997,
  "F1_score_class3": 0.8549018502235413,
  "F1_score_class4": 0.9973703026771545,
  "Precision_class0": 0.9933444261550903,
  "Precision_class1": 0.9460552930831909,
  "Precision_class2": 0.9719070792198181,
  "Precision_class3": 0.9289772510528564,
  "Precision_class4": 0.9983154535293579,
  "Recall_class0": 0.9968312978744507,
  "Recall_class1": 0.8431490659713745,
  "Recall_class2": 0.9695500135421753,
  "Recall_class3": 0.7917675375938416,
  "Recall_class4": 0.996427059173584,
  "val_loss": 0.06831415742635727,
  "val_Cat_accuracy": 0.9834938049316406,
  "val_F1_score_class0": 0.991606593132019,
  "val_F1_score_class1": 0.849206268787384,
  "val_F1_score_class2": 0.9419991374015808,
  "val_F1_score_class3": 0.805031418800354,
  "val_F1_score_class4": 0.9887495636940002,
  "val_Precision_class0": 0.9900906085968018,
  "val_Precision_class1": 0.9224137663841248,
  "val_Precision_class2": 0.9462810158729553,
  "val_Precision_class3": 0.7852760553359985,
  "val_Precision_class4": 0.9897040128707886,
  "val_Recall_class0": 0.9931273460388184,
  "val_Recall_class1": 0.7867646813392639,
  "val_Recall_class2": 0.9377559423446655,
  "val_Recall_class3": 0.8258064389228821,
  "val_Recall_class4": 0.9877970218658447,
  "epoch": 17,
  "global_step": 1116
}