{
  "loss": 0.03265641629695892,
  "Cat_accuracy": 0.9908298850059509,
  "F1_score_class0": 0.9954270720481873,
  "F1_score_class1": 0.8909204602241516,
  "F1_score_class2": 0.9763481020927429,
  "F1_score_class3": 0.8055171370506287,
  "F1_score_class4": 0.9973708391189575,
  "Precision_class0": 0.9933862686157227,
  "Precision_class1": 0.9370026588439941,
  "Precision_class2": 0.9793926477432251,
  "Precision_class3": 0.9358974099159241,
  "Precision_class4": 0.9981056451797485,
  "Recall_class0": 0.9974763989448547,
  "Recall_class1": 0.8491586446762085,
  "Recall_class2": 0.9733225703239441,
  "Recall_class3": 0.7070217728614807,
  "Recall_class4": 0.996637225151062,
  "val_loss": 0.04002048075199127,
  "val_Cat_accuracy": 0.9899445176124573,
  "val_F1_score_class0": 0.9948729276657104,
  "val_F1_score_class1": 0.904532253742218,
  "val_F1_score_class2": 0.9664317965507507,
  "val_F1_score_class3": 0.8442906141281128,
  "val_F1_score_class4": 0.9951690435409546,
  "val_Precision_class0": 0.9923150539398193,
  "val_Precision_class1": 0.9513184428215027,
  "val_Precision_class2": 0.9781879186630249,
  "val_Precision_class3": 0.9104477763175964,
  "val_Precision_class4": 0.998062014579773,
  "val_Recall_class0": 0.9974440336227417,
  "val_Recall_class1": 0.8621323704719543,
  "val_Recall_class2": 0.954954981803894,
  "val_Recall_class3": 0.7870967984199524,
  "val_Recall_class4": 0.9922928810119629,
  "epoch": 33,
  "global_step": 1054
}