{
  "loss": 0.10222287476062775,
  "Cat_accuracy": 0.9525368213653564,
  "F1_score_class0": 0.9704388976097107,
  "F1_score_class1": 0.6409695744514465,
  "F1_score_class2": 0.9496056437492371,
  "F1_score_class3": 0.5791044235229492,
  "F1_score_class4": 0.9844645261764526,
  "Precision_class0": 0.9987549185752869,
  "Precision_class1": 0.47877708077430725,
  "Precision_class2": 0.9421750903129578,
  "Precision_class3": 0.41855448484420776,
  "Precision_class4": 0.976826012134552,
  "Recall_class0": 0.9436843991279602,
  "Recall_class1": 0.9693509340286255,
  "Recall_class2": 0.957154393196106,
  "Recall_class3": 0.9394673109054565,
  "Recall_class4": 0.9922236204147339,
  "val_loss": 0.1073312759399414,
  "val_Cat_accuracy": 0.9652326703071594,
  "val_F1_score_class0": 0.9797226190567017,
  "val_F1_score_class1": 0.6679686903953552,
  "val_F1_score_class2": 0.9560530781745911,
  "val_F1_score_class3": 0.7409325838088989,
  "val_F1_score_class4": 0.9887712001800537,
  "val_Precision_class0": 0.9967673420906067,
  "val_Precision_class1": 0.5171371102333069,
  "val_Precision_class2": 0.9680940508842468,
  "val_Precision_class3": 0.6190476417541504,
  "val_Precision_class4": 0.9878205060958862,
  "val_Recall_class0": 0.9632511734962463,
  "val_Recall_class1": 0.9430146813392639,
  "val_Recall_class2": 0.9443079233169556,
  "val_Recall_class3": 0.9225806593894958,
  "val_Recall_class4": 0.989723801612854,
  "epoch": 29,
  "global_step": 1860
}