{
  "loss": 0.027123285457491875,
  "Cat_accuracy": 0.9843950271606445,
  "F1_score_class0": 0.9915015697479248,
  "F1_score_class1": 0.846244752407074,
  "F1_score_class2": 0.9539287686347961,
  "F1_score_class3": 0.8281053304672241,
  "F1_score_class4": 0.9925364255905151,
  "Precision_class0": 0.9934848546981812,
  "Precision_class1": 0.8329452872276306,
  "Precision_class2": 0.9509909152984619,
  "Precision_class3": 0.859375,
  "Precision_class4": 0.9928496479988098,
  "Recall_class0": 0.9895262122154236,
  "Recall_class1": 0.8599759340286255,
  "Recall_class2": 0.9568849205970764,
  "Recall_class3": 0.7990314960479736,
  "Recall_class4": 0.9922236204147339,
  "val_loss": 0.06898491084575653,
  "val_Cat_accuracy": 0.9825451970100403,
  "val_F1_score_class0": 0.9908381104469299,
  "val_F1_score_class1": 0.8377580046653748,
  "val_F1_score_class2": 0.9393938779830933,
  "val_F1_score_class3": 0.8231510519981384,
  "val_F1_score_class4": 0.9877655506134033,
  "val_Precision_class0": 0.9896311163902283,
  "val_Precision_class1": 0.900634229183197,
  "val_Precision_class2": 0.939393937587738,
  "val_Precision_class3": 0.8205128312110901,
  "val_Precision_class4": 0.9903163313865662,
  "val_Recall_class0": 0.9920481443405151,
  "val_Recall_class1": 0.783088207244873,
  "val_Recall_class2": 0.939393937587738,
  "val_Recall_class3": 0.8258064389228821,
  "val_Recall_class4": 0.9852280020713806,
  "epoch": 12,
  "global_step": 806
}