{
  "loss": 0.2365279644727707,
  "Cat_accuracy": 0.8953817486763,
  "F1_score_class0": 0.9214004874229431,
  "F1_score_class1": 0.5073022246360779,
  "F1_score_class2": 0.7982821464538574,
  "F1_score_class3": 0.4507388472557068,
  "F1_score_class4": 0.9700660109519958,
  "Precision_class0": 0.9954847693443298,
  "Precision_class1": 0.35196831822395325,
  "Precision_class2": 0.7161815166473389,
  "Precision_class3": 0.30222955346107483,
  "Precision_class4": 0.9531440138816833,
  "Recall_class0": 0.8575792908668518,
  "Recall_class1": 0.9080528616905212,
  "Recall_class2": 0.9016437530517578,
  "Recall_class3": 0.8861985206604004,
  "Recall_class4": 0.9875998497009277,
  "val_loss": 0.3027231991291046,
  "val_Cat_accuracy": 0.9125361442565918,
  "val_F1_score_class0": 0.9356826543807983,
  "val_F1_score_class1": 0.5482581257820129,
  "val_F1_score_class2": 0.8031952977180481,
  "val_F1_score_class3": 0.5528454780578613,
  "val_F1_score_class4": 0.9718086123466492,
  "val_Precision_class0": 0.994121789932251,
  "val_Precision_class1": 0.3976801931858063,
  "val_Precision_class2": 0.7214611768722534,
  "val_Precision_class3": 0.4035608172416687,
  "val_Precision_class4": 0.9587500095367432,
  "val_Recall_class0": 0.883732795715332,
  "val_Recall_class1": 0.8823529481887817,
  "val_Recall_class2": 0.9058148860931396,
  "val_Recall_class3": 0.8774193525314331,
  "val_Recall_class4": 0.9852280020713806,
  "epoch": 27,
  "global_step": 868
}