{
  "Cat_accuracy": 0.9907211065292358,
  "F1_score_class0": 0.9954078197479248,
  "F1_score_class1": 0.8952269554138184,
  "F1_score_class2": 0.9763020277023315,
  "F1_score_class3": 0.8172587752342224,
  "F1_score_class4": 0.9955625534057617,
  "Precision_class0": 0.9941628575325012,
  "Precision_class1": 0.9343863725662231,
  "Precision_class2": 0.9759311079978943,
  "Precision_class3": 0.9070422649383545,
  "Precision_class4": 0.9966436624526978,
  "Recall_class0": 0.9966561198234558,
  "Recall_class1": 0.8592178821563721,
  "Recall_class2": 0.976673424243927,
  "Recall_class3": 0.7436489462852478,
  "Recall_class4": 0.9944838285446167,
  "loss": 0.03230112046003342,
  "val_Cat_accuracy": 0.989387571811676,
  "val_F1_score_class0": 0.9945043921470642,
  "val_F1_score_class1": 0.8811880350112915,
  "val_F1_score_class2": 0.9725050330162048,
  "val_F1_score_class3": 0.8721804022789001,
  "val_F1_score_class4": 0.9935222268104553,
  "val_Precision_class0": 0.9934126734733582,
  "val_Precision_class1": 0.9128205180168152,
  "val_Precision_class2": 0.9784836173057556,
  "val_Precision_class3": 0.885496199131012,
  "val_Precision_class4": 0.9967505931854248,
  "val_Recall_class0": 0.9955987930297852,
  "val_Recall_class1": 0.8516746163368225,
  "val_Recall_class2": 0.96659916639328,
  "val_Recall_class3": 0.8592592477798462,
  "val_Recall_class4": 0.990314781665802,
  "val_loss": 0.03980623930692673,
  "epoch": 18,
  "global_step": 2508
}