{
  "loss": 0.023964647203683853,
  "Cat_accuracy": 0.988695502281189,
  "F1_score_class0": 0.9941220879554749,
  "F1_score_class1": 0.8711110353469849,
  "F1_score_class2": 0.9741576910018921,
  "F1_score_class3": 0.8253967761993408,
  "F1_score_class4": 0.9955909848213196,
  "Precision_class0": 0.995019793510437,
  "Precision_class1": 0.8591467142105103,
  "Precision_class2": 0.97826087474823,
  "Precision_class3": 0.909621000289917,
  "Precision_class4": 0.9945470094680786,
  "Recall_class0": 0.993226170539856,
  "Recall_class1": 0.8834134340286255,
  "Recall_class2": 0.9700888991355896,
  "Recall_class3": 0.7554479241371155,
  "Recall_class4": 0.996637225151062,
  "val_loss": 0.05674352869391441,
  "val_Cat_accuracy": 0.9871934652328491,
  "val_F1_score_class0": 0.993107259273529,
  "val_F1_score_class1": 0.8651251792907715,
  "val_F1_score_class2": 0.9664483666419983,
  "val_F1_score_class3": 0.8310810327529907,
  "val_F1_score_class4": 0.9919432401657104,
  "val_Precision_class0": 0.9918975830078125,
  "val_Precision_class1": 0.908906877040863,
  "val_Precision_class2": 0.9656581878662109,
  "val_Precision_class3": 0.8723404407501221,
  "val_Precision_class4": 0.9954721927642822,
  "val_Recall_class0": 0.9943200945854187,
  "val_Recall_class1": 0.8253676295280457,
  "val_Recall_class2": 0.9672399759292603,
  "val_Recall_class3": 0.7935484051704407,
  "val_Recall_class4": 0.9884393215179443,
  "epoch": 29,
  "global_step": 480
}