{
  "loss": 0.01468878798186779,
  "Cat_accuracy": 0.9920631051063538,
  "F1_score_class0": 0.9960027933120728,
  "F1_score_class1": 0.919655978679657,
  "F1_score_class2": 0.979569673538208,
  "F1_score_class3": 0.8421051502227783,
  "F1_score_class4": 0.9961154460906982,
  "Precision_class0": 0.9967883229255676,
  "Precision_class1": 0.9075482487678528,
  "Precision_class2": 0.9836956262588501,
  "Precision_class3": 0.8727272748947144,
  "Precision_class4": 0.9951751828193665,
  "Recall_class0": 0.9952185153961182,
  "Recall_class1": 0.9320913553237915,
  "Recall_class2": 0.9754782915115356,
  "Recall_class3": 0.8135592937469482,
  "Recall_class4": 0.9970576167106628,
  "val_loss": 0.03870907053351402,
  "val_Cat_accuracy": 0.9896599054336548,
  "val_F1_score_class0": 0.994484543800354,
  "val_F1_score_class1": 0.8946894407272339,
  "val_F1_score_class2": 0.9705641269683838,
  "val_F1_score_class3": 0.8581080436706543,
  "val_F1_score_class4": 0.9951845407485962,
  "val_Precision_class0": 0.9955601096153259,
  "val_Precision_class1": 0.8765432238578796,
  "val_Precision_class2": 0.9689795970916748,
  "val_Precision_class3": 0.9007092118263245,
  "val_Precision_class4": 0.9948652386665344,
  "val_Recall_class0": 0.9934113621711731,
  "val_Recall_class1": 0.9136029481887817,
  "val_Recall_class2": 0.9721539616584778,
  "val_Recall_class3": 0.8193548321723938,
  "val_Recall_class4": 0.9955042004585266,
  "epoch": 34,
  "global_step": 1085
}