{
  "Cat_accuracy": 0.9927113652229309,
  "F1_score_class0": 0.9965336322784424,
  "F1_score_class1": 0.9204151630401611,
  "F1_score_class2": 0.9822053909301758,
  "F1_score_class3": 0.8117489814758301,
  "F1_score_class4": 0.997162938117981,
  "Precision_class0": 0.9948376417160034,
  "Precision_class1": 0.9656765460968018,
  "Precision_class2": 0.9827353358268738,
  "Precision_class3": 0.9047619104385376,
  "Precision_class4": 0.9970582127571106,
  "Recall_class0": 0.9982354044914246,
  "Recall_class1": 0.8792067170143127,
  "Recall_class2": 0.9816761016845703,
  "Recall_class3": 0.7360774874687195,
  "Recall_class4": 0.9972677826881409,
  "loss": 0.02663765288889408,
  "val_Cat_accuracy": 0.9877152442932129,
  "val_F1_score_class0": 0.9940180778503418,
  "val_F1_score_class1": 0.8734298944473267,
  "val_F1_score_class2": 0.9671862125396729,
  "val_F1_score_class3": 0.804195761680603,
  "val_F1_score_class4": 0.9903598427772522,
  "val_Precision_class0": 0.9923020601272583,
  "val_Precision_class1": 0.9205702543258667,
  "val_Precision_class2": 0.9687756896018982,
  "val_Precision_class3": 0.8778625726699829,
  "val_Precision_class4": 0.990996778011322,
  "val_Recall_class0": 0.9957401156425476,
  "val_Recall_class1": 0.8308823704719543,
  "val_Recall_class2": 0.9656019806861877,
  "val_Recall_class3": 0.7419354915618896,
  "val_Recall_class4": 0.989723801612854,
  "val_loss": 0.052837204188108444,
  "epoch": 29,
  "global_step": 3720
}