{
  "loss": 0.13014207780361176,
  "Cat_accuracy": 0.9441572427749634,
  "F1_score_class0": 0.9640244841575623,
  "F1_score_class1": 0.5935004353523254,
  "F1_score_class2": 0.935633659362793,
  "F1_score_class3": 0.6103058457374573,
  "F1_score_class4": 0.9809008836746216,
  "Precision_class0": 0.9986374378204346,
  "Precision_class1": 0.4294544458389282,
  "Precision_class2": 0.9218096137046814,
  "Precision_class3": 0.4571773111820221,
  "Precision_class4": 0.9690319895744324,
  "Recall_class0": 0.9317306280136108,
  "Recall_class1": 0.9603365659713745,
  "Recall_class2": 0.9498787522315979,
  "Recall_class3": 0.9176755547523499,
  "Recall_class4": 0.993064284324646,
  "val_loss": 0.08823966979980469,
  "val_Cat_accuracy": 0.9753829836845398,
  "val_F1_score_class0": 0.9862416386604309,
  "val_F1_score_class1": 0.7778655886650085,
  "val_F1_score_class2": 0.9515527486801147,
  "val_F1_score_class3": 0.7362923622131348,
  "val_F1_score_class4": 0.9830939769744873,
  "val_Precision_class0": 0.9954866170883179,
  "val_Precision_class1": 0.6823855638504028,
  "val_Precision_class2": 0.9623115658760071,
  "val_Precision_class3": 0.6184210777282715,
  "val_Precision_class4": 0.9765526056289673,
  "val_Recall_class0": 0.9771668910980225,
  "val_Recall_class1": 0.904411792755127,
  "val_Recall_class2": 0.9410319328308105,
  "val_Recall_class3": 0.9096774458885193,
  "val_Recall_class4": 0.989723801612854,
  "epoch": 14,
  "global_step": 3720
}