{
  "loss": 0.010854113847017288,
  "Cat_accuracy": 0.9965375065803528,
  "F1_score_class0": 0.9986720681190491,
  "F1_score_class1": 0.9700453281402588,
  "F1_score_class2": 0.9881560802459717,
  "F1_score_class3": 0.8916875720024109,
  "F1_score_class4": 0.9983192682266235,
  "Precision_class0": 0.9984447956085205,
  "Precision_class1": 0.9768434166908264,
  "Precision_class2": 0.9870933294296265,
  "Precision_class3": 0.9291338324546814,
  "Precision_class4": 0.9979000687599182,
  "Recall_class0": 0.998899519443512,
  "Recall_class1": 0.9633413553237915,
  "Recall_class2": 0.9892212152481079,
  "Recall_class3": 0.8571428656578064,
  "Recall_class4": 0.9987389445304871,
  "val_loss": 0.03223573789000511,
  "val_Cat_accuracy": 0.9932172894477844,
  "val_F1_score_class0": 0.9965366125106812,
  "val_F1_score_class1": 0.9405203461647034,
  "val_F1_score_class2": 0.9791068434715271,
  "val_F1_score_class3": 0.887417197227478,
  "val_F1_score_class4": 0.9955041408538818,
  "val_Precision_class0": 0.9961407780647278,
  "val_Precision_class1": 0.951127827167511,
  "val_Precision_class2": 0.9795082211494446,
  "val_Precision_class3": 0.9115646481513977,
  "val_Precision_class4": 0.9955042004585266,
  "val_Recall_class0": 0.996932864189148,
  "val_Recall_class1": 0.9301470518112183,
  "val_Recall_class2": 0.9787060022354126,
  "val_Recall_class3": 0.8645161390304565,
  "val_Recall_class4": 0.9955042004585266,
  "epoch": 33,
  "global_step": 4216
}