{
  "loss": 0.5439126491546631,
  "Cat_accuracy": 0.7445967793464661,
  "F1_score_class0": 0.7707573175430298,
  "F1_score_class1": 0.2603153586387634,
  "F1_score_class2": 0.83930903673172,
  "F1_score_class3": 0.11456751078367233,
  "F1_score_class4": 0.9222617745399475,
  "Precision_class0": 0.9833652377128601,
  "Precision_class1": 0.15867790579795837,
  "Precision_class2": 0.9096916317939758,
  "Precision_class3": 0.06215270608663559,
  "Precision_class4": 0.9496771097183228,
  "Recall_class0": 0.6337400078773499,
  "Recall_class1": 0.7241586446762085,
  "Recall_class2": 0.7790353298187256,
  "Recall_class3": 0.7312348484992981,
  "Recall_class4": 0.8963850140571594,
  "val_loss": 0.5698089599609375,
  "val_Cat_accuracy": 0.8167718052864075,
  "val_F1_score_class0": 0.8608806133270264,
  "val_F1_score_class1": 0.29030048847198486,
  "val_F1_score_class2": 0.8468965291976929,
  "val_F1_score_class3": 0.23581558465957642,
  "val_F1_score_class4": 0.9233829975128174,
  "val_Precision_class0": 0.9822338819503784,
  "val_Precision_class1": 0.1782718151807785,
  "val_Precision_class2": 0.9654088020324707,
  "val_Precision_class3": 0.1366906464099884,
  "val_Precision_class4": 0.9547325372695923,
  "val_Recall_class0": 0.7662160396575928,
  "val_Recall_class1": 0.78125,
  "val_Recall_class2": 0.7542997598648071,
  "val_Recall_class3": 0.8580645322799683,
  "val_Recall_class4": 0.8940269947052002,
  "epoch": 26,
  "global_step": 432
}