{
  "loss": 0.09721507132053375,
  "Cat_accuracy": 0.9509557485580444,
  "F1_score_class0": 0.9692637920379639,
  "F1_score_class1": 0.6543234586715698,
  "F1_score_class2": 0.9431877136230469,
  "F1_score_class3": 0.5188067555427551,
  "F1_score_class4": 0.9856249094009399,
  "Precision_class0": 0.9983707666397095,
  "Precision_class1": 0.4946170449256897,
  "Precision_class2": 0.9211404919624329,
  "Precision_class3": 0.35429584980010986,
  "Precision_class4": 0.9770755767822266,
  "Recall_class0": 0.9418059587478638,
  "Recall_class1": 0.9663461446762085,
  "Recall_class2": 0.9663163423538208,
  "Recall_class3": 0.9685230255126953,
  "Recall_class4": 0.9943253397941589,
  "val_loss": 0.09675710648298264,
  "val_Cat_accuracy": 0.969122052192688,
  "val_F1_score_class0": 0.9820559024810791,
  "val_F1_score_class1": 0.7071977257728577,
  "val_F1_score_class2": 0.9592832922935486,
  "val_F1_score_class3": 0.7202072143554688,
  "val_F1_score_class4": 0.9903598427772522,
  "val_Precision_class0": 0.9962016940116882,
  "val_Precision_class1": 0.5704622268676758,
  "val_Precision_class2": 0.9538461565971375,
  "val_Precision_class3": 0.6017315983772278,
  "val_Precision_class4": 0.990996778011322,
  "val_Recall_class0": 0.9683062434196472,
  "val_Recall_class1": 0.9301470518112183,
  "val_Recall_class2": 0.9647829532623291,
  "val_Recall_class3": 0.896774172782898,
  "val_Recall_class4": 0.989723801612854,
  "epoch": 27,
  "global_step": 3472
}