{
  "loss": 0.06740593910217285,
  "Cat_accuracy": 0.9824661016464233,
  "F1_score_class0": 0.9905913472175598,
  "F1_score_class1": 0.8134002089500427,
  "F1_score_class2": 0.957957923412323,
  "F1_score_class3": 0.6604937314987183,
  "F1_score_class4": 0.9843009114265442,
  "Precision_class0": 0.9863611459732056,
  "Precision_class1": 0.9190007448196411,
  "Precision_class2": 0.9706777334213257,
  "Precision_class3": 0.9106382727622986,
  "Precision_class4": 0.9869005084037781,
  "Recall_class0": 0.9948579668998718,
  "Recall_class1": 0.729567289352417,
  "Recall_class2": 0.94556725025177,
  "Recall_class3": 0.518159806728363,
  "Recall_class4": 0.9817150235176086,
  "val_loss": 0.05992182344198227,
  "val_Cat_accuracy": 0.9846321940422058,
  "val_F1_score_class0": 0.9917999505996704,
  "val_F1_score_class1": 0.8419978618621826,
  "val_F1_score_class2": 0.9578162431716919,
  "val_F1_score_class3": 0.730923593044281,
  "val_F1_score_class4": 0.9881066679954529,
  "val_Precision_class0": 0.987500011920929,
  "val_Precision_class1": 0.9450801014900208,
  "val_Precision_class2": 0.9674185514450073,
  "val_Precision_class3": 0.9680851101875305,
  "val_Precision_class4": 0.9890604615211487,
  "val_Recall_class0": 0.9961376786231995,
  "val_Recall_class1": 0.7591911554336548,
  "val_Recall_class2": 0.9484029412269592,
  "val_Recall_class3": 0.5870967507362366,
  "val_Recall_class4": 0.9871547818183899,
  "epoch": 34,
  "global_step": 560
}