{
  "loss": 0.05779389664530754,
  "Cat_accuracy": 0.9700232148170471,
  "F1_score_class0": 0.9844454526901245,
  "F1_score_class1": 0.7237353324890137,
  "F1_score_class2": 0.9140321016311646,
  "F1_score_class3": 0.5150213837623596,
  "F1_score_class4": 0.9840934872627258,
  "Precision_class0": 0.989007830619812,
  "Precision_class1": 0.7209302186965942,
  "Precision_class2": 0.9414452910423279,
  "Precision_class3": 0.6293706297874451,
  "Precision_class4": 0.986483633518219,
  "Recall_class0": 0.9799252152442932,
  "Recall_class1": 0.7265625,
  "Recall_class2": 0.8881703019142151,
  "Recall_class3": 0.4358353614807129,
  "Recall_class4": 0.9817150235176086,
  "val_loss": 0.08014232665300369,
  "val_Cat_accuracy": 0.9787032008171082,
  "val_F1_score_class0": 0.9897691607475281,
  "val_F1_score_class1": 0.8037735223770142,
  "val_F1_score_class2": 0.9241907596588135,
  "val_F1_score_class3": 0.7759197354316711,
  "val_F1_score_class4": 0.9836903810501099,
  "val_Precision_class0": 0.9904447793960571,
  "val_Precision_class1": 0.8255813717842102,
  "val_Precision_class2": 0.9627329111099243,
  "val_Precision_class3": 0.8055555820465088,
  "val_Precision_class4": 0.9796178340911865,
  "val_Recall_class0": 0.989094614982605,
  "val_Recall_class1": 0.783088207244873,
  "val_Recall_class2": 0.8886159062385559,
  "val_Recall_class3": 0.7483870983123779,
  "val_Recall_class4": 0.9877970218658447,
  "epoch": 28,
  "global_step": 1798
}