{
  "loss": 0.12647084891796112,
  "Cat_accuracy": 0.9668136835098267,
  "F1_score_class0": 0.9830847978591919,
  "F1_score_class1": 0.6420140862464905,
  "F1_score_class2": 0.904352605342865,
  "F1_score_class3": 0.26326125860214233,
  "F1_score_class4": 0.954644501209259,
  "Precision_class0": 0.9712254405021667,
  "Precision_class1": 0.9293849468231201,
  "Precision_class2": 0.9312018156051636,
  "Precision_class3": 0.6979166865348816,
  "Precision_class4": 0.991844117641449,
  "Recall_class0": 0.9952374696731567,
  "Recall_class1": 0.49038460850715637,
  "Recall_class2": 0.8790083527565002,
  "Recall_class3": 0.162227600812912,
  "Recall_class4": 0.9201344847679138,
  "val_loss": 0.12613391876220703,
  "val_Cat_accuracy": 0.9682682752609253,
  "val_F1_score_class0": 0.9841456413269043,
  "val_F1_score_class1": 0.6713123917579651,
  "val_F1_score_class2": 0.900923490524292,
  "val_F1_score_class3": 0.41951218247413635,
  "val_F1_score_class4": 0.9575595855712891,
  "val_Precision_class0": 0.9742319583892822,
  "val_Precision_class1": 0.9116719365119934,
  "val_Precision_class2": 0.9242032766342163,
  "val_Precision_class3": 0.8600000143051147,
  "val_Precision_class4": 0.9897189736366272,
  "val_Recall_class0": 0.9942632913589478,
  "val_Recall_class1": 0.53125,
  "val_Recall_class2": 0.8787878751754761,
  "val_Recall_class3": 0.2774193584918976,
  "val_Recall_class4": 0.9274245500564575,
  "epoch": 29,
  "global_step": 480
}