{
  "loss": 0.013996810652315617,
  "Cat_accuracy": 0.9957627654075623,
  "F1_score_class0": 0.9980653524398804,
  "F1_score_class1": 0.9604862928390503,
  "F1_score_class2": 0.9878868460655212,
  "F1_score_class3": 0.8794870972633362,
  "F1_score_class4": 0.9985278844833374,
  "Precision_class0": 0.9976491332054138,
  "Precision_class1": 0.9717097282409668,
  "Precision_class2": 0.9868243932723999,
  "Precision_class3": 0.9346048831939697,
  "Precision_class4": 0.9991582632064819,
  "Recall_class0": 0.9984820485115051,
  "Recall_class1": 0.9495192170143127,
  "Recall_class2": 0.9889517426490784,
  "Recall_class3": 0.8305084705352783,
  "Recall_class4": 0.997898280620575,
  "val_loss": 0.0315600149333477,
  "val_Cat_accuracy": 0.9925532341003418,
  "val_F1_score_class0": 0.9960870742797852,
  "val_F1_score_class1": 0.9280919432640076,
  "val_F1_score_class2": 0.9795583486557007,
  "val_F1_score_class3": 0.8724831342697144,
  "val_F1_score_class4": 0.9951658844947815,
  "val_Precision_class0": 0.9945079684257507,
  "val_Precision_class1": 0.9699398875236511,
  "val_Precision_class2": 0.977959156036377,
  "val_Precision_class3": 0.9090909361839294,
  "val_Precision_class4": 0.9987063407897949,
  "val_Recall_class0": 0.9976712465286255,
  "val_Recall_class1": 0.8897058963775635,
  "val_Recall_class2": 0.981162965297699,
  "val_Recall_class3": 0.8387096524238586,
  "val_Recall_class4": 0.9916505813598633,
  "epoch": 19,
  "global_step": 4960
}