{
  "loss": 0.053736958652734756,
  "Cat_accuracy": 0.9852645993232727,
  "F1_score_class0": 0.9927175641059875,
  "F1_score_class1": 0.8514786958694458,
  "F1_score_class2": 0.9437430500984192,
  "F1_score_class3": 0.7994466423988342,
  "F1_score_class4": 0.9906187057495117,
  "Precision_class0": 0.9896290898323059,
  "Precision_class1": 0.9271054267883301,
  "Precision_class2": 0.9614201784133911,
  "Precision_class3": 0.9322580695152283,
  "Precision_class4": 0.9936561584472656,
  "Recall_class0": 0.9958256483078003,
  "Recall_class1": 0.7872596383094788,
  "Recall_class2": 0.9267044067382812,
  "Recall_class3": 0.6997578740119934,
  "Recall_class4": 0.9875998497009277,
  "val_loss": 0.06285328418016434,
  "val_Cat_accuracy": 0.9830194711685181,
  "val_F1_score_class0": 0.9917715191841125,
  "val_F1_score_class1": 0.8496605157852173,
  "val_F1_score_class2": 0.9312392473220825,
  "val_F1_score_class3": 0.8030301928520203,
  "val_F1_score_class4": 0.9858338236808777,
  "val_Precision_class0": 0.9874992966651917,
  "val_Precision_class1": 0.8993839621543884,
  "val_Precision_class2": 0.966519832611084,
  "val_Precision_class3": 0.9724770784378052,
  "val_Precision_class4": 0.9883795976638794,
  "val_Recall_class0": 0.9960808753967285,
  "val_Recall_class1": 0.8051470518112183,
  "val_Recall_class2": 0.898443877696991,
  "val_Recall_class3": 0.6838709712028503,
  "val_Recall_class4": 0.9833012223243713,
  "epoch": 28,
  "global_step": 1798
}