{
  "loss": 0.020026888698339462,
  "Cat_accuracy": 0.994403064250946,
  "F1_score_class0": 0.9974028468132019,
  "F1_score_class1": 0.939039409160614,
  "F1_score_class2": 0.9876077175140381,
  "F1_score_class3": 0.855656623840332,
  "F1_score_class4": 0.998000979423523,
  "Precision_class0": 0.9965149760246277,
  "Precision_class1": 0.9627525210380554,
  "Precision_class2": 0.9873417615890503,
  "Precision_class3": 0.9241573214530945,
  "Precision_class4": 0.9991573691368103,
  "Recall_class0": 0.9982923269271851,
  "Recall_class1": 0.9164663553237915,
  "Recall_class2": 0.987873911857605,
  "Recall_class3": 0.7966101765632629,
  "Recall_class4": 0.99684739112854,
  "val_loss": 0.03422608971595764,
  "val_Cat_accuracy": 0.9911777377128601,
  "val_F1_score_class0": 0.9954828023910522,
  "val_F1_score_class1": 0.9143897294998169,
  "val_F1_score_class2": 0.975132405757904,
  "val_F1_score_class3": 0.8513513207435608,
  "val_F1_score_class4": 0.9954954385757446,
  "val_Precision_class0": 0.9958506226539612,
  "val_Precision_class1": 0.9061371684074402,
  "val_Precision_class2": 0.9707792401313782,
  "val_Precision_class3": 0.8936170339584351,
  "val_Precision_class4": 0.9974210262298584,
  "val_Recall_class0": 0.9951152801513672,
  "val_Recall_class1": 0.9227941036224365,
  "val_Recall_class2": 0.9795249700546265,
  "val_Recall_class3": 0.8129032254219055,
  "val_Recall_class4": 0.9935774207115173,
  "epoch": 16,
  "global_step": 4216
}