{
  "loss": 0.048354245722293854,
  "Cat_accuracy": 0.9867349863052368,
  "F1_score_class0": 0.9937620759010315,
  "F1_score_class1": 0.8575112819671631,
  "F1_score_class2": 0.9670329689979553,
  "F1_score_class3": 0.6821917295455933,
  "F1_score_class4": 0.9924162030220032,
  "Precision_class0": 0.991519033908844,
  "Precision_class1": 0.924895703792572,
  "Precision_class2": 0.9737704992294312,
  "Precision_class3": 0.7854889631271362,
  "Precision_class4": 0.9947212934494019,
  "Recall_class0": 0.9960154294967651,
  "Recall_class1": 0.7992788553237915,
  "Recall_class2": 0.9603880643844604,
  "Recall_class3": 0.6029055714607239,
  "Recall_class4": 0.9901219010353088,
  "val_loss": 0.04798324033617973,
  "val_Cat_accuracy": 0.987003743648529,
  "val_F1_score_class0": 0.9932122826576233,
  "val_F1_score_class1": 0.8587786555290222,
  "val_F1_score_class2": 0.9706600308418274,
  "val_F1_score_class3": 0.7876712083816528,
  "val_F1_score_class4": 0.992287814617157,
  "val_Precision_class0": 0.9932405352592468,
  "val_Precision_class1": 0.8928571343421936,
  "val_Precision_class2": 0.9659367203712463,
  "val_Precision_class3": 0.8394160866737366,
  "val_Precision_class4": 0.9929260611534119,
  "val_Recall_class0": 0.9931841492652893,
  "val_Recall_class1": 0.8272058963775635,
  "val_Recall_class2": 0.9754299521446228,
  "val_Recall_class3": 0.7419354915618896,
  "val_Recall_class4": 0.9916505813598633,
  "epoch": 29,
  "global_step": 7440
}