{
  "loss": 0.03219960629940033,
  "Cat_accuracy": 0.98441082239151,
  "F1_score_class0": 0.9912819266319275,
  "F1_score_class1": 0.8481050133705139,
  "F1_score_class2": 0.9583615064620972,
  "F1_score_class3": 0.7862796187400818,
  "F1_score_class4": 0.9923375248908997,
  "Precision_class0": 0.992280900478363,
  "Precision_class1": 0.8423236608505249,
  "Precision_class2": 0.9647733569145203,
  "Precision_class3": 0.8637681007385254,
  "Precision_class4": 0.9911931157112122,
  "Recall_class0": 0.9902851581573486,
  "Recall_class1": 0.8539663553237915,
  "Recall_class2": 0.9520344734191895,
  "Recall_class3": 0.7215496301651001,
  "Recall_class4": 0.9934846758842468,
  "val_loss": 0.04749565199017525,
  "val_Cat_accuracy": 0.9867191314697266,
  "val_F1_score_class0": 0.9927073121070862,
  "val_F1_score_class1": 0.8734051585197449,
  "val_F1_score_class2": 0.9595468640327454,
  "val_F1_score_class3": 0.8275861144065857,
  "val_F1_score_class4": 0.9932453632354736,
  "val_Precision_class0": 0.9918911457061768,
  "val_Precision_class1": 0.9368420839309692,
  "val_Precision_class2": 0.948041558265686,
  "val_Precision_class3": 0.8888888955116272,
  "val_Precision_class4": 0.9948453903198242,
  "val_Recall_class0": 0.9935249090194702,
  "val_Recall_class1": 0.8180146813392639,
  "val_Recall_class2": 0.9713349938392639,
  "val_Recall_class3": 0.774193525314331,
  "val_Recall_class4": 0.9916505813598633,
  "epoch": 34,
  "global_step": 560
}