{
  "Cat_accuracy": 0.9854385256767273,
  "F1_score_class0": 0.9927413463592529,
  "F1_score_class1": 0.8430789113044739,
  "F1_score_class2": 0.9622974395751953,
  "F1_score_class3": 0.7252123951911926,
  "F1_score_class4": 0.9873417019844055,
  "Precision_class0": 0.989002525806427,
  "Precision_class1": 0.936170220375061,
  "Precision_class2": 0.9722222089767456,
  "Precision_class3": 0.873720109462738,
  "Precision_class4": 0.9911054372787476,
  "Recall_class0": 0.9965087175369263,
  "Recall_class1": 0.7668269276618958,
  "Recall_class2": 0.9525734186172485,
  "Recall_class3": 0.619854748249054,
  "Recall_class4": 0.9836065769195557,
  "loss": 0.05282104015350342,
  "val_Cat_accuracy": 0.985723078250885,
  "val_F1_score_class0": 0.9926915764808655,
  "val_F1_score_class1": 0.8494515419006348,
  "val_F1_score_class2": 0.9582309126853943,
  "val_F1_score_class3": 0.772563099861145,
  "val_F1_score_class4": 0.9894128441810608,
  "val_Precision_class0": 0.9901672601699829,
  "val_Precision_class1": 0.9281045794487,
  "val_Precision_class2": 0.9582309722900391,
  "val_Precision_class3": 0.8770492076873779,
  "val_Precision_class4": 0.9884615540504456,
  "val_Recall_class0": 0.9952288866043091,
  "val_Recall_class1": 0.783088207244873,
  "val_Recall_class2": 0.9582309722900391,
  "val_Recall_class3": 0.6903225779533386,
  "val_Recall_class4": 0.9903661012649536,
  "val_loss": 0.059022609144449234,
  "epoch": 12,
  "global_step": 403
}