{
  "loss": 0.02563653141260147,
  "Cat_accuracy": 0.9927113652229309,
  "F1_score_class0": 0.9963344931602478,
  "F1_score_class1": 0.9229334592819214,
  "F1_score_class2": 0.981218695640564,
  "F1_score_class3": 0.8328840732574463,
  "F1_score_class4": 0.9968466758728027,
  "Precision_class0": 0.9946858882904053,
  "Precision_class1": 0.9555984735488892,
  "Precision_class2": 0.9840108156204224,
  "Precision_class3": 0.9392096996307373,
  "Precision_class4": 0.9970563650131226,
  "Recall_class0": 0.9979887008666992,
  "Recall_class1": 0.8924278616905212,
  "Recall_class2": 0.9784424901008606,
  "Recall_class3": 0.7481840252876282,
  "Recall_class4": 0.996637225151062,
  "val_loss": 0.04203977435827255,
  "val_Cat_accuracy": 0.9899445176124573,
  "val_F1_score_class0": 0.9948047399520874,
  "val_F1_score_class1": 0.9090908765792847,
  "val_F1_score_class2": 0.9689542651176453,
  "val_F1_score_class3": 0.8282827734947205,
  "val_F1_score_class4": 0.9948618412017822,
  "val_Precision_class0": 0.9944378137588501,
  "val_Precision_class1": 0.9273422360420227,
  "val_Precision_class2": 0.9665851593017578,
  "val_Precision_class3": 0.8661971688270569,
  "val_Precision_class4": 0.994861900806427,
  "val_Recall_class0": 0.9951720833778381,
  "val_Recall_class1": 0.8915441036224365,
  "val_Recall_class2": 0.9713349938392639,
  "val_Recall_class3": 0.7935484051704407,
  "val_Recall_class4": 0.994861900806427,
  "epoch": 29,
  "global_step": 1860
}