{
  "loss": 0.19625549018383026,
  "Cat_accuracy": 0.9090736508369446,
  "F1_score_class0": 0.9366978406906128,
  "F1_score_class1": 0.5765452980995178,
  "F1_score_class2": 0.8985990881919861,
  "F1_score_class3": 0.28146451711654663,
  "F1_score_class4": 0.964989185333252,
  "Precision_class0": 0.9966185092926025,
  "Precision_class1": 0.42419949173927307,
  "Precision_class2": 0.8589680790901184,
  "Precision_class3": 0.16704390943050385,
  "Precision_class4": 0.9380829334259033,
  "Recall_class0": 0.8835740089416504,
  "Recall_class1": 0.8996394276618958,
  "Recall_class2": 0.942064106464386,
  "Recall_class3": 0.8934624791145325,
  "Recall_class4": 0.9934846758842468,
  "val_loss": 0.20942576229572296,
  "val_Cat_accuracy": 0.9431769847869873,
  "val_F1_score_class0": 0.9613621830940247,
  "val_F1_score_class1": 0.607208251953125,
  "val_F1_score_class2": 0.9218306541442871,
  "val_F1_score_class3": 0.5855855345726013,
  "val_F1_score_class4": 0.9691823124885559,
  "val_Precision_class0": 0.9950163960456848,
  "val_Precision_class1": 0.45471179485321045,
  "val_Precision_class2": 0.9118589758872986,
  "val_Precision_class3": 0.4498269855976105,
  "val_Precision_class4": 0.9494763016700745,
  "val_Recall_class0": 0.9299102425575256,
  "val_Recall_class1": 0.9136029481887817,
  "val_Recall_class2": 0.9320229291915894,
  "val_Recall_class3": 0.8387096524238586,
  "val_Recall_class4": 0.989723801612854,
  "epoch": 28,
  "global_step": 464
}