{
  "loss": 0.03782372176647186,
  "Cat_accuracy": 0.9830827116966248,
  "F1_score_class0": 0.9897775650024414,
  "F1_score_class1": 0.8654601573944092,
  "F1_score_class2": 0.9734205603599548,
  "F1_score_class3": 0.7256478071212769,
  "F1_score_class4": 0.9939355254173279,
  "Precision_class0": 0.9996129870414734,
  "Precision_class1": 0.7677989602088928,
  "Precision_class2": 0.9650423526763916,
  "Precision_class3": 0.5750707983970642,
  "Precision_class4": 0.9889721274375916,
  "Recall_class0": 0.9801339507102966,
  "Recall_class1": 0.9915865659713745,
  "Recall_class2": 0.9819455742835999,
  "Recall_class3": 0.9830508232116699,
  "Recall_class4": 0.9989491105079651,
  "val_loss": 0.054418884217739105,
  "val_Cat_accuracy": 0.9857705235481262,
  "val_F1_score_class0": 0.9918119311332703,
  "val_F1_score_class1": 0.8471176624298096,
  "val_F1_score_class2": 0.9678730964660645,
  "val_F1_score_class3": 0.8765431642532349,
  "val_F1_score_class4": 0.9932627081871033,
  "val_Precision_class0": 0.9963886737823486,
  "val_Precision_class1": 0.776416540145874,
  "val_Precision_class2": 0.9612277746200562,
  "val_Precision_class3": 0.8402366638183594,
  "val_Precision_class4": 0.9923076629638672,
  "val_Recall_class0": 0.987277090549469,
  "val_Recall_class1": 0.9319853186607361,
  "val_Recall_class2": 0.9746109843254089,
  "val_Recall_class3": 0.9161290526390076,
  "val_Recall_class4": 0.9942196607589722,
  "epoch": 34,
  "global_step": 4340
}