{
  "loss": 0.4023192822933197,
  "Cat_accuracy": 0.7766447067260742,
  "F1_score_class0": 0.8100730776786804,
  "F1_score_class1": 0.3769950270652771,
  "F1_score_class2": 0.5467702746391296,
  "F1_score_class3": 0.24348442256450653,
  "F1_score_class4": 0.9646154642105103,
  "Precision_class0": 0.9856921434402466,
  "Precision_class1": 0.24446824193000793,
  "Precision_class2": 0.4089815616607666,
  "Precision_class3": 0.1427973210811615,
  "Precision_class4": 0.952654242515564,
  "Recall_class0": 0.6875699758529663,
  "Recall_class1": 0.823317289352417,
  "Recall_class2": 0.8245756030082703,
  "Recall_class3": 0.8256658315658569,
  "Recall_class4": 0.9768810272216797,
  "val_loss": 0.4570983648300171,
  "val_Cat_accuracy": 0.8454679250717163,
  "val_F1_score_class0": 0.8866693377494812,
  "val_F1_score_class1": 0.487540602684021,
  "val_F1_score_class2": 0.6509186029434204,
  "val_F1_score_class3": 0.2516188323497772,
  "val_F1_score_class4": 0.9658840894699097,
  "val_Precision_class0": 0.9841336011886597,
  "val_Precision_class1": 0.34562212228775024,
  "val_Precision_class2": 0.5429666042327881,
  "val_Precision_class3": 0.1468682438135147,
  "val_Precision_class4": 0.9420024156570435,
  "val_Recall_class0": 0.8067704439163208,
  "val_Recall_class1": 0.8272058963775635,
  "val_Recall_class2": 0.8124487996101379,
  "val_Recall_class3": 0.8774193525314331,
  "val_Recall_class4": 0.9910083413124084,
  "epoch": 27,
  "global_step": 868
}