{
  "loss": 0.028602762147784233,
  "Cat_accuracy": 0.9852803945541382,
  "F1_score_class0": 0.9927276372909546,
  "F1_score_class1": 0.8364061713218689,
  "F1_score_class2": 0.9701086282730103,
  "F1_score_class3": 0.7467300295829773,
  "F1_score_class4": 0.9954760074615479,
  "Precision_class0": 0.9947418570518494,
  "Precision_class1": 0.8151739835739136,
  "Precision_class2": 0.9783502221107483,
  "Precision_class3": 0.7336448431015015,
  "Precision_class4": 0.9966294765472412,
  "Recall_class0": 0.990721583366394,
  "Recall_class1": 0.8587740659713745,
  "Recall_class2": 0.9620048403739929,
  "Recall_class3": 0.7602905631065369,
  "Recall_class4": 0.9943253397941589,
  "val_loss": 0.044505923986434937,
  "val_Cat_accuracy": 0.9884741306304932,
  "val_F1_score_class0": 0.9944929480552673,
  "val_F1_score_class1": 0.8746517896652222,
  "val_F1_score_class2": 0.9672334790229797,
  "val_F1_score_class3": 0.8379204273223877,
  "val_F1_score_class4": 0.9929077625274658,
  "val_Precision_class0": 0.9940415620803833,
  "val_Precision_class1": 0.8836773037910461,
  "val_Precision_class2": 0.9798319339752197,
  "val_Precision_class3": 0.7965116500854492,
  "val_Precision_class4": 0.9967637658119202,
  "val_Recall_class0": 0.9949449300765991,
  "val_Recall_class1": 0.8658088445663452,
  "val_Recall_class2": 0.954954981803894,
  "val_Recall_class3": 0.8838709592819214,
  "val_Recall_class4": 0.9890815615653992,
  "epoch": 29,
  "global_step": 1860
}