{
  "loss": 0.014917454682290554,
  "Cat_accuracy": 0.9919840693473816,
  "F1_score_class0": 0.9958983659744263,
  "F1_score_class1": 0.9140994548797607,
  "F1_score_class2": 0.9819114208221436,
  "F1_score_class3": 0.8649318218231201,
  "F1_score_class4": 0.9959054589271545,
  "Precision_class0": 0.9966743588447571,
  "Precision_class1": 0.9012850522994995,
  "Precision_class2": 0.9837706089019775,
  "Precision_class3": 0.8857868313789368,
  "Precision_class4": 0.9949653744697571,
  "Recall_class0": 0.9951236248016357,
  "Recall_class1": 0.9272836446762085,
  "Recall_class2": 0.9800592660903931,
  "Recall_class3": 0.8450363278388977,
  "Recall_class4": 0.99684739112854,
  "val_loss": 0.038943126797676086,
  "val_Cat_accuracy": 0.9902765154838562,
  "val_F1_score_class0": 0.9948400855064392,
  "val_F1_score_class1": 0.9115127921104431,
  "val_F1_score_class2": 0.9708418250083923,
  "val_F1_score_class3": 0.8450703024864197,
  "val_F1_score_class4": 0.9935773611068726,
  "val_Precision_class0": 0.9931507110595703,
  "val_Precision_class1": 0.9447731971740723,
  "val_Precision_class2": 0.9736408591270447,
  "val_Precision_class3": 0.930232584476471,
  "val_Precision_class4": 0.9935774207115173,
  "val_Recall_class0": 0.9965353012084961,
  "val_Recall_class1": 0.8805146813392639,
  "val_Recall_class2": 0.9680589437484741,
  "val_Recall_class3": 0.774193525314331,
  "val_Recall_class4": 0.9935774207115173,
  "epoch": 13,
  "global_step": 3472
}