{
  "loss": 0.03923466429114342,
  "Cat_accuracy": 0.9807744026184082,
  "F1_score_class0": 0.9896318912506104,
  "F1_score_class1": 0.8066065311431885,
  "F1_score_class2": 0.9504467248916626,
  "F1_score_class3": 0.7467700242996216,
  "F1_score_class4": 0.987802267074585,
  "Precision_class0": 0.9913182258605957,
  "Precision_class1": 0.8061224222183228,
  "Precision_class2": 0.9551020264625549,
  "Precision_class3": 0.8005540370941162,
  "Precision_class4": 0.9884259104728699,
  "Recall_class0": 0.9879513382911682,
  "Recall_class1": 0.8070913553237915,
  "Recall_class2": 0.9458367228507996,
  "Recall_class3": 0.6997578740119934,
  "Recall_class4": 0.9871794581413269,
  "val_loss": 0.06309817731380463,
  "val_Cat_accuracy": 0.9833515286445618,
  "val_F1_score_class0": 0.9908459186553955,
  "val_F1_score_class1": 0.8209366202354431,
  "val_F1_score_class2": 0.9581779837608337,
  "val_F1_score_class3": 0.8243242502212524,
  "val_F1_score_class4": 0.9865384101867676,
  "val_Precision_class0": 0.99186110496521,
  "val_Precision_class1": 0.820183515548706,
  "val_Precision_class2": 0.9690117239952087,
  "val_Precision_class3": 0.8652482032775879,
  "val_Precision_class4": 0.984644889831543,
  "val_Recall_class0": 0.9898329973220825,
  "val_Recall_class1": 0.8216911554336548,
  "val_Recall_class2": 0.9475839734077454,
  "val_Recall_class3": 0.7870967984199524,
  "val_Recall_class4": 0.9884393215179443,
  "epoch": 29,
  "global_step": 480
}