{
  "loss": 0.019562367349863052,
  "Cat_accuracy": 0.9904662370681763,
  "F1_score_class0": 0.9950658082962036,
  "F1_score_class1": 0.9005424380302429,
  "F1_score_class2": 0.974004864692688,
  "F1_score_class3": 0.8403989672660828,
  "F1_score_class4": 0.9959028363227844,
  "Precision_class0": 0.9952358603477478,
  "Precision_class1": 0.9032648205757141,
  "Precision_class2": 0.9787755012512207,
  "Precision_class3": 0.8663238883018494,
  "Precision_class4": 0.9955891370773315,
  "Recall_class0": 0.9948959350585938,
  "Recall_class1": 0.8978365659713745,
  "Recall_class2": 0.9692805409431458,
  "Recall_class3": 0.8159806132316589,
  "Recall_class4": 0.996216893196106,
  "val_loss": 0.05168664827942848,
  "val_Cat_accuracy": 0.987904965877533,
  "val_F1_score_class0": 0.9934658408164978,
  "val_F1_score_class1": 0.891992449760437,
  "val_F1_score_class2": 0.9653202295303345,
  "val_F1_score_class3": 0.8223683834075928,
  "val_F1_score_class4": 0.9935524463653564,
  "val_Precision_class0": 0.9938046932220459,
  "val_Precision_class1": 0.9037736058235168,
  "val_Precision_class2": 0.9617885947227478,
  "val_Precision_class3": 0.8389261960983276,
  "val_Precision_class4": 0.9974110126495361,
  "val_Recall_class0": 0.9931273460388184,
  "val_Recall_class1": 0.8805146813392639,
  "val_Recall_class2": 0.9688779711723328,
  "val_Recall_class3": 0.8064516186714172,
  "val_Recall_class4": 0.989723801612854,
  "epoch": 29,
  "global_step": 930
}