{
  "loss": 0.08848785609006882,
  "Cat_accuracy": 0.9584499597549438,
  "F1_score_class0": 0.9742732644081116,
  "F1_score_class1": 0.6709623336791992,
  "F1_score_class2": 0.9475491046905518,
  "F1_score_class3": 0.641935408115387,
  "F1_score_class4": 0.9828570485115051,
  "Precision_class0": 0.9987047910690308,
  "Precision_class1": 0.5128694176673889,
  "Precision_class2": 0.9294971227645874,
  "Precision_class3": 0.4812575578689575,
  "Precision_class4": 0.9718512296676636,
  "Recall_class0": 0.9510084986686707,
  "Recall_class1": 0.9699519276618958,
  "Recall_class2": 0.9663163423538208,
  "Recall_class3": 0.9636803865432739,
  "Recall_class4": 0.9941151738166809,
  "val_loss": 0.09360877424478531,
  "val_Cat_accuracy": 0.9714936017990112,
  "val_F1_score_class0": 0.9835216403007507,
  "val_F1_score_class1": 0.7517188787460327,
  "val_F1_score_class2": 0.9509000778198242,
  "val_F1_score_class3": 0.7156862616539001,
  "val_F1_score_class4": 0.9802923798561096,
  "val_Precision_class0": 0.9960971474647522,
  "val_Precision_class1": 0.6431372761726379,
  "val_Precision_class2": 0.9501226544380188,
  "val_Precision_class3": 0.5770751237869263,
  "val_Precision_class4": 0.9704216718673706,
  "val_Recall_class0": 0.9712597727775574,
  "val_Recall_class1": 0.904411792755127,
  "val_Recall_class2": 0.9516789317131042,
  "val_Recall_class3": 0.9419354796409607,
  "val_Recall_class4": 0.9903661012649536,
  "epoch": 26,
  "global_step": 3348
}