{
  "loss": 0.09246128797531128,
  "Cat_accuracy": 0.9753829836845398,
  "F1_score_class0": 0.989238977432251,
  "F1_score_class1": 0.766380786895752,
  "F1_score_class2": 0.9312140345573425,
  "F1_score_class3": 0.0,
  "F1_score_class4": 0.9716598391532898,
  "Precision_class0": 0.9842960238456726,
  "Precision_class1": 0.892885684967041,
  "Precision_class2": 0.9473097324371338,
  "Precision_class3": 0.0,
  "Precision_class4": 0.9853067994117737,
  "Recall_class0": 0.9942318201065063,
  "Recall_class1": 0.6712740659713745,
  "Recall_class2": 0.9156561493873596,
  "Recall_class3": 0.0,
  "Recall_class4": 0.9583858847618103,
  "val_loss": 0.07701727002859116,
  "val_Cat_accuracy": 0.9790826439857483,
  "val_F1_score_class0": 0.9916581511497498,
  "val_F1_score_class1": 0.8164867162704468,
  "val_F1_score_class2": 0.9375754594802856,
  "val_F1_score_class3": 0.0,
  "val_F1_score_class4": 0.9816778302192688,
  "val_Precision_class0": 0.9907585978507996,
  "val_Precision_class1": 0.87578946352005,
  "val_Precision_class2": 0.9223454594612122,
  "val_Precision_class3": 0.0,
  "val_Precision_class4": 0.9826254844665527,
  "val_Recall_class0": 0.9925593733787537,
  "val_Recall_class1": 0.7647058963775635,
  "val_Recall_class2": 0.9533169269561768,
  "val_Recall_class3": 0.0,
  "val_Recall_class4": 0.9807322025299072,
  "epoch": 29,
  "global_step": 1860
}