{
  "loss": 0.02282438799738884,
  "Cat_accuracy": 0.9933437705039978,
  "F1_score_class0": 0.9966543912887573,
  "F1_score_class1": 0.9219813942909241,
  "F1_score_class2": 0.9852070808410645,
  "F1_score_class3": 0.8712612986564636,
  "F1_score_class4": 0.9983179569244385,
  "Precision_class0": 0.9956259727478027,
  "Precision_class1": 0.9508301615715027,
  "Precision_class2": 0.983355700969696,
  "Precision_class3": 0.9410112500190735,
  "Precision_class4": 0.9987379312515259,
  "Recall_class0": 0.9976851344108582,
  "Recall_class1": 0.8948317170143127,
  "Recall_class2": 0.9870654940605164,
  "Recall_class3": 0.8111380338668823,
  "Recall_class4": 0.997898280620575,
  "val_loss": 0.043903741985559464,
  "val_Cat_accuracy": 0.9904187917709351,
  "val_F1_score_class0": 0.9947468042373657,
  "val_F1_score_class1": 0.9089218974113464,
  "val_F1_score_class2": 0.974989652633667,
  "val_F1_score_class3": 0.8664494156837463,
  "val_F1_score_class4": 0.9932584166526794,
  "val_Precision_class0": 0.9946056604385376,
  "val_Precision_class1": 0.9191729426383972,
  "val_Precision_class2": 0.976190447807312,
  "val_Precision_class3": 0.875,
  "val_Precision_class4": 0.9929396510124207,
  "val_Recall_class0": 0.9948881268501282,
  "val_Recall_class1": 0.8988970518112183,
  "val_Recall_class2": 0.9737919569015503,
  "val_Recall_class3": 0.8580645322799683,
  "val_Recall_class4": 0.9935774207115173,
  "epoch": 7,
  "global_step": 1984
}