{
  "loss": 0.017384059727191925,
  "Cat_accuracy": 0.991019606590271,
  "F1_score_class0": 0.9952800869941711,
  "F1_score_class1": 0.9086580276489258,
  "F1_score_class2": 0.9796522855758667,
  "F1_score_class3": 0.8312957882881165,
  "F1_score_class4": 0.9956936240196228,
  "Precision_class0": 0.9962736368179321,
  "Precision_class1": 0.8998231887817383,
  "Precision_class2": 0.979784369468689,
  "Precision_class3": 0.8395061492919922,
  "Precision_class4": 0.9951711297035217,
  "Recall_class0": 0.9942887425422668,
  "Recall_class1": 0.9176682829856873,
  "Recall_class2": 0.979520320892334,
  "Recall_class3": 0.823244571685791,
  "Recall_class4": 0.996216893196106,
  "val_loss": 0.050354957580566406,
  "val_Cat_accuracy": 0.987003743648529,
  "val_F1_score_class0": 0.9934384226799011,
  "val_F1_score_class1": 0.8720821738243103,
  "val_F1_score_class2": 0.9635694026947021,
  "val_F1_score_class3": 0.8143322467803955,
  "val_F1_score_class4": 0.9916612505912781,
  "val_Precision_class0": 0.9936360120773315,
  "val_Precision_class1": 0.8861480355262756,
  "val_Precision_class2": 0.9631751179695129,
  "val_Precision_class3": 0.8223684430122375,
  "val_Precision_class4": 0.9903907775878906,
  "val_Recall_class0": 0.9932409524917603,
  "val_Recall_class1": 0.8584558963775635,
  "val_Recall_class2": 0.9639639854431152,
  "val_Recall_class3": 0.8064516186714172,
  "val_Recall_class4": 0.9929351210594177,
  "epoch": 20,
  "global_step": 651
}