{
  "loss": 0.019065435975790024,
  "Cat_accuracy": 0.9940236210823059,
  "F1_score_class0": 0.997251033782959,
  "F1_score_class1": 0.9388256669044495,
  "F1_score_class2": 0.9827399849891663,
  "F1_score_class3": 0.8590077757835388,
  "F1_score_class4": 0.9969508051872253,
  "Precision_class0": 0.9964010119438171,
  "Precision_class1": 0.9609817266464233,
  "Precision_class2": 0.9835357666015625,
  "Precision_class3": 0.9320113062858582,
  "Precision_class4": 0.997475266456604,
  "Recall_class0": 0.9981025457382202,
  "Recall_class1": 0.9176682829856873,
  "Recall_class2": 0.9819455742835999,
  "Recall_class3": 0.7966101765632629,
  "Recall_class4": 0.996427059173584,
  "val_loss": 0.03235218673944473,
  "val_Cat_accuracy": 0.9916520714759827,
  "val_F1_score_class0": 0.9957999587059021,
  "val_F1_score_class1": 0.9213482737541199,
  "val_F1_score_class2": 0.9747350811958313,
  "val_F1_score_class3": 0.8581314086914062,
  "val_F1_score_class4": 0.9948486089706421,
  "val_Precision_class0": 0.9950658082962036,
  "val_Precision_class1": 0.9389312863349915,
  "val_Precision_class2": 0.9699918627738953,
  "val_Precision_class3": 0.9253731369972229,
  "val_Precision_class4": 0.997417688369751,
  "val_Recall_class0": 0.9965353012084961,
  "val_Recall_class1": 0.904411792755127,
  "val_Recall_class2": 0.9795249700546265,
  "val_Recall_class3": 0.800000011920929,
  "val_Recall_class4": 0.9922928810119629,
  "epoch": 22,
  "global_step": 2852
}