{
  "Cat_accuracy": 0.9871460199356079,
  "F1_score_class0": 0.9937689304351807,
  "F1_score_class1": 0.8609746694564819,
  "F1_score_class2": 0.9618943333625793,
  "F1_score_class3": 0.7413792610168457,
  "F1_score_class4": 0.9929450154304504,
  "Precision_class0": 0.9904444217681885,
  "Precision_class1": 0.9447236061096191,
  "Precision_class2": 0.9716799855232239,
  "Precision_class3": 0.9116607904434204,
  "Precision_class4": 0.9949356317520142,
  "Recall_class0": 0.9971159100532532,
  "Recall_class1": 0.7908653616905212,
  "Recall_class2": 0.952303946018219,
  "Recall_class3": 0.6246973276138306,
  "Recall_class4": 0.990962564945221,
  "loss": 0.048258811235427856,
  "val_Cat_accuracy": 0.9848219156265259,
  "val_F1_score_class0": 0.9922348260879517,
  "val_F1_score_class1": 0.8351430892944336,
  "val_F1_score_class2": 0.9565929174423218,
  "val_F1_score_class3": 0.7647058963775635,
  "val_F1_score_class4": 0.988394558429718,
  "val_Precision_class0": 0.9901583790779114,
  "val_Precision_class1": 0.9019189476966858,
  "val_Precision_class2": 0.9565929770469666,
  "val_Precision_class3": 0.8888888955116272,
  "val_Precision_class4": 0.9922330379486084,
  "val_Recall_class0": 0.9943200945854187,
  "val_Recall_class1": 0.7775735259056091,
  "val_Recall_class2": 0.9565929770469666,
  "val_Recall_class3": 0.6709677577018738,
  "val_Recall_class4": 0.9845857620239258,
  "val_loss": 0.0613861046731472,
  "epoch": 23,
  "global_step": 1488
}