{
  "loss": 0.04342113807797432,
  "Cat_accuracy": 0.9805214405059814,
  "F1_score_class0": 0.9882645606994629,
  "F1_score_class1": 0.8257063627243042,
  "F1_score_class2": 0.9658277630805969,
  "F1_score_class3": 0.7823585271835327,
  "F1_score_class4": 0.9946624040603638,
  "Precision_class0": 0.9996894001960754,
  "Precision_class1": 0.7070663571357727,
  "Precision_class2": 0.9497264623641968,
  "Precision_class3": 0.6476190686225891,
  "Precision_class4": 0.9906191229820251,
  "Recall_class0": 0.9770981073379517,
  "Recall_class1": 0.9921875,
  "Recall_class2": 0.9824845194816589,
  "Recall_class3": 0.9878934621810913,
  "Recall_class4": 0.9987389445304871,
  "val_loss": 0.0796884149312973,
  "val_Cat_accuracy": 0.9769008159637451,
  "val_F1_score_class0": 0.9865756034851074,
  "val_F1_score_class1": 0.7780320048332214,
  "val_F1_score_class2": 0.948585033416748,
  "val_F1_score_class3": 0.8047336935997009,
  "val_F1_score_class4": 0.9919484257698059,
  "val_Precision_class0": 0.9965808987617493,
  "val_Precision_class1": 0.6649283170700073,
  "val_Precision_class2": 0.9239130616188049,
  "val_Precision_class3": 0.7431694269180298,
  "val_Precision_class4": 0.9948320388793945,
  "val_Recall_class0": 0.9767692685127258,
  "val_Recall_class1": 0.9375,
  "val_Recall_class2": 0.9746109843254089,
  "val_Recall_class3": 0.8774193525314331,
  "val_Recall_class4": 0.9890815615653992,
  "epoch": 28,
  "global_step": 3596
}