{
  "loss": 0.03656591847538948,
  "Cat_accuracy": 0.9828613996505737,
  "F1_score_class0": 0.990540623664856,
  "F1_score_class1": 0.8234931230545044,
  "F1_score_class2": 0.9600540995597839,
  "F1_score_class3": 0.7533511519432068,
  "F1_score_class4": 0.9905461668968201,
  "Precision_class0": 0.9906064867973328,
  "Precision_class1": 0.8431990146636963,
  "Precision_class2": 0.9648883938789368,
  "Precision_class3": 0.8438438177108765,
  "Precision_class4": 0.9901301860809326,
  "Recall_class0": 0.9904749393463135,
  "Recall_class1": 0.8046875,
  "Recall_class2": 0.955268144607544,
  "Recall_class3": 0.6803874373435974,
  "Recall_class4": 0.990962564945221,
  "val_loss": 0.06516820192337036,
  "val_Cat_accuracy": 0.9835412502288818,
  "val_F1_score_class0": 0.9909530878067017,
  "val_F1_score_class1": 0.8163264989852905,
  "val_F1_score_class2": 0.9575163125991821,
  "val_F1_score_class3": 0.8158844113349915,
  "val_F1_score_class4": 0.9919432401657104,
  "val_Precision_class0": 0.9895780086517334,
  "val_Precision_class1": 0.8659793734550476,
  "val_Precision_class2": 0.9551752209663391,
  "val_Precision_class3": 0.9262295365333557,
  "val_Precision_class4": 0.9954721927642822,
  "val_Recall_class0": 0.9923321604728699,
  "val_Recall_class1": 0.7720588445663452,
  "val_Recall_class2": 0.9598689675331116,
  "val_Recall_class3": 0.7290322780609131,
  "val_Recall_class4": 0.9884393215179443,
  "epoch": 29,
  "global_step": 480
}