{
  "loss": 0.016410956159234047,
  "Cat_accuracy": 0.9917943477630615,
  "F1_score_class0": 0.99577397108078,
  "F1_score_class1": 0.9207479953765869,
  "F1_score_class2": 0.9770331382751465,
  "F1_score_class3": 0.840101420879364,
  "F1_score_class4": 0.9962168335914612,
  "Precision_class0": 0.9967679381370544,
  "Precision_class1": 0.9096774458885193,
  "Precision_class2": 0.9796802997589111,
  "Precision_class3": 0.8826666474342346,
  "Precision_class4": 0.996216893196106,
  "Recall_class0": 0.9947820901870728,
  "Recall_class1": 0.9320913553237915,
  "Recall_class2": 0.9744004607200623,
  "Recall_class3": 0.8014527559280396,
  "Recall_class4": 0.996216893196106,
  "val_loss": 0.039967820048332214,
  "val_Cat_accuracy": 0.9895650744438171,
  "val_F1_score_class0": 0.9944326877593994,
  "val_F1_score_class1": 0.9084248542785645,
  "val_F1_score_class2": 0.9706122279167175,
  "val_F1_score_class3": 0.8338982462882996,
  "val_F1_score_class4": 0.9942046999931335,
  "val_Precision_class0": 0.9946022629737854,
  "val_Precision_class1": 0.9051094651222229,
  "val_Precision_class2": 0.9674532413482666,
  "val_Precision_class3": 0.8785714507102966,
  "val_Precision_class4": 0.9967721104621887,
  "val_Recall_class0": 0.9942632913589478,
  "val_Recall_class1": 0.9117646813392639,
  "val_Recall_class2": 0.9737919569015503,
  "val_Recall_class3": 0.7935484051704407,
  "val_Recall_class4": 0.9916505813598633,
  "epoch": 34,
  "global_step": 1085
}