{
  "loss": 0.06641998142004013,
  "Cat_accuracy": 0.961153507232666,
  "F1_score_class0": 0.9758971333503723,
  "F1_score_class1": 0.7397508025169373,
  "F1_score_class2": 0.9608181118965149,
  "F1_score_class3": 0.4833029508590698,
  "F1_score_class4": 0.9877184629440308,
  "Precision_class0": 0.9990658760070801,
  "Precision_class1": 0.5936022996902466,
  "Precision_class2": 0.9473546147346497,
  "Precision_class3": 0.3225283622741699,
  "Precision_class4": 0.9783505201339722,
  "Recall_class0": 0.9537787437438965,
  "Recall_class1": 0.981370210647583,
  "Recall_class2": 0.974669873714447,
  "Recall_class3": 0.9636803865432739,
  "Recall_class4": 0.9972677826881409,
  "val_loss": 0.10789573937654495,
  "val_Cat_accuracy": 0.96694016456604,
  "val_F1_score_class0": 0.9809045195579529,
  "val_F1_score_class1": 0.7348428964614868,
  "val_F1_score_class2": 0.9460647106170654,
  "val_F1_score_class3": 0.5738757252693176,
  "val_F1_score_class4": 0.9916612505912781,
  "val_Precision_class0": 0.9965420365333557,
  "val_Precision_class1": 0.6096969842910767,
  "val_Precision_class2": 0.923556923866272,
  "val_Precision_class3": 0.4294871687889099,
  "val_Precision_class4": 0.9903907775878906,
  "val_Recall_class0": 0.9657503366470337,
  "val_Recall_class1": 0.9246323704719543,
  "val_Recall_class2": 0.9696969985961914,
  "val_Recall_class3": 0.8645161390304565,
  "val_Recall_class4": 0.9929351210594177,
  "epoch": 28,
  "global_step": 899
}