{
  "loss": 0.011794272810220718,
  "Cat_accuracy": 0.993201494216919,
  "F1_score_class0": 0.9966087937355042,
  "F1_score_class1": 0.9280235171318054,
  "F1_score_class2": 0.9833108186721802,
  "F1_score_class3": 0.8648648262023926,
  "F1_score_class4": 0.9969546794891357,
  "Precision_class0": 0.9978505373001099,
  "Precision_class1": 0.91135573387146,
  "Precision_class2": 0.9822533130645752,
  "Precision_class3": 0.8778054714202881,
  "Precision_class4": 0.9962224364280701,
  "Recall_class0": 0.9953702688217163,
  "Recall_class1": 0.9453125,
  "Recall_class2": 0.984370768070221,
  "Recall_class3": 0.852300226688385,
  "Recall_class4": 0.9976881146430969,
  "val_loss": 0.034944839775562286,
  "val_Cat_accuracy": 0.9908931255340576,
  "val_F1_score_class0": 0.9952005743980408,
  "val_F1_score_class1": 0.9090908765792847,
  "val_F1_score_class2": 0.974714457988739,
  "val_F1_score_class3": 0.8737200498580933,
  "val_F1_score_class4": 0.9948486089706421,
  "val_Precision_class0": 0.995172381401062,
  "val_Precision_class1": 0.9082568883895874,
  "val_Precision_class2": 0.9707554578781128,
  "val_Precision_class3": 0.9275362491607666,
  "val_Precision_class4": 0.997417688369751,
  "val_Recall_class0": 0.9952288866043091,
  "val_Recall_class1": 0.9099264740943909,
  "val_Recall_class2": 0.9787060022354126,
  "val_Recall_class3": 0.8258064389228821,
  "val_Recall_class4": 0.9922928810119629,
  "epoch": 29,
  "global_step": 1860
}