{
  "loss": 0.05626228079199791,
  "Cat_accuracy": 0.9672564268112183,
  "F1_score_class0": 0.9801578521728516,
  "F1_score_class1": 0.7119088768959045,
  "F1_score_class2": 0.9329716563224792,
  "F1_score_class3": 0.8159999251365662,
  "F1_score_class4": 0.9934120774269104,
  "Precision_class0": 0.9988771677017212,
  "Precision_class1": 0.5599173307418823,
  "Precision_class2": 0.8958333134651184,
  "Precision_class3": 0.695059597492218,
  "Precision_class4": 0.9885535836219788,
  "Recall_class0": 0.9621273875236511,
  "Recall_class1": 0.9771634340286255,
  "Recall_class2": 0.9733225703239441,
  "Recall_class3": 0.9878934621810913,
  "Recall_class4": 0.998318612575531,
  "val_loss": 0.10921859741210938,
  "val_Cat_accuracy": 0.9687426090240479,
  "val_F1_score_class0": 0.9818170666694641,
  "val_F1_score_class1": 0.7075605988502502,
  "val_F1_score_class2": 0.9285998344421387,
  "val_F1_score_class3": 0.8082594871520996,
  "val_F1_score_class4": 0.9881523847579956,
  "val_Precision_class0": 0.9948111176490784,
  "val_Precision_class1": 0.5780885815620422,
  "val_Precision_class2": 0.9051321744918823,
  "val_Precision_class3": 0.7445651888847351,
  "val_Precision_class4": 0.9853128790855408,
  "val_Recall_class0": 0.9691582322120667,
  "val_Recall_class1": 0.9117646813392639,
  "val_Recall_class2": 0.9533169269561768,
  "val_Recall_class3": 0.8838709592819214,
  "val_Recall_class4": 0.9910083413124084,
  "epoch": 28,
  "global_step": 1798
}