{
  "loss": 0.03966330736875534,
  "Cat_accuracy": 0.9890117049217224,
  "F1_score_class0": 0.9944205284118652,
  "F1_score_class1": 0.866493821144104,
  "F1_score_class2": 0.9730241894721985,
  "F1_score_class3": 0.7933884263038635,
  "F1_score_class4": 0.9950562119483948,
  "Precision_class0": 0.9912335276603699,
  "Precision_class1": 0.9402250647544861,
  "Precision_class2": 0.9789961576461792,
  "Precision_class3": 0.920127809047699,
  "Precision_class4": 0.9959991574287415,
  "Recall_class0": 0.9976282119750977,
  "Recall_class1": 0.8034855723381042,
  "Recall_class2": 0.9671247601509094,
  "Recall_class3": 0.6973365545272827,
  "Recall_class4": 0.9941151738166809,
  "val_loss": 0.04654145613312721,
  "val_Cat_accuracy": 0.9885689616203308,
  "val_F1_score_class0": 0.9939345121383667,
  "val_F1_score_class1": 0.8878048658370972,
  "val_F1_score_class2": 0.968877911567688,
  "val_F1_score_class3": 0.7985610365867615,
  "val_F1_score_class4": 0.9945354461669922,
  "val_Precision_class0": 0.9919664859771729,
  "val_Precision_class1": 0.9459459185600281,
  "val_Precision_class2": 0.9688779711723328,
  "val_Precision_class3": 0.9024389982223511,
  "val_Precision_class4": 0.9954954981803894,
  "val_Recall_class0": 0.9959104657173157,
  "val_Recall_class1": 0.8363970518112183,
  "val_Recall_class2": 0.9688779711723328,
  "val_Recall_class3": 0.7161290049552917,
  "val_Recall_class4": 0.9935774207115173,
  "epoch": 29,
  "global_step": 930
}