{
  "loss": 0.12398387491703033,
  "Cat_accuracy": 0.9645844101905823,
  "F1_score_class0": 0.9811996221542358,
  "F1_score_class1": 0.6559510231018066,
  "F1_score_class2": 0.8602118492126465,
  "F1_score_class3": 0.47463759779930115,
  "F1_score_class4": 0.9693942070007324,
  "Precision_class0": 0.9699132442474365,
  "Precision_class1": 0.9030558466911316,
  "Precision_class2": 0.9323474168777466,
  "Precision_class3": 0.9424460530281067,
  "Precision_class4": 0.9804385304450989,
  "Recall_class0": 0.9927518367767334,
  "Recall_class1": 0.5150240659713745,
  "Recall_class2": 0.7984370589256287,
  "Recall_class3": 0.3171912729740143,
  "Recall_class4": 0.9585960507392883,
  "val_loss": 0.12215175479650497,
  "val_Cat_accuracy": 0.9660390019416809,
  "val_F1_score_class0": 0.9817067384719849,
  "val_F1_score_class1": 0.6850574016571045,
  "val_F1_score_class2": 0.8587819933891296,
  "val_F1_score_class3": 0.6419752240180969,
  "val_F1_score_class4": 0.9724294543266296,
  "val_Precision_class0": 0.9714698791503906,
  "val_Precision_class1": 0.9141104221343994,
  "val_Precision_class2": 0.9311004877090454,
  "val_Precision_class3": 0.8863636255264282,
  "val_Precision_class4": 0.9823066592216492,
  "val_Recall_class0": 0.992161750793457,
  "val_Recall_class1": 0.5477941036224365,
  "val_Recall_class2": 0.7968878149986267,
  "val_Recall_class3": 0.5032258033752441,
  "val_Recall_class4": 0.9627488851547241,
  "epoch": 29,
  "global_step": 480
}