{
  "loss": 0.02035413309931755,
  "Cat_accuracy": 0.9943872690200806,
  "F1_score_class0": 0.9973176717758179,
  "F1_score_class1": 0.9351451396942139,
  "F1_score_class2": 0.9868137240409851,
  "F1_score_class3": 0.864229679107666,
  "F1_score_class4": 0.9987385869026184,
  "Precision_class0": 0.9963639378547668,
  "Precision_class1": 0.9618805646896362,
  "Precision_class2": 0.9854877591133118,
  "Precision_class3": 0.9376770257949829,
  "Precision_class4": 0.9989486932754517,
  "Recall_class0": 0.9982733726501465,
  "Recall_class1": 0.9098557829856873,
  "Recall_class2": 0.9881433844566345,
  "Recall_class3": 0.8014527559280396,
  "Recall_class4": 0.998528778553009,
  "val_loss": 0.04855528473854065,
  "val_Cat_accuracy": 0.9904662370681763,
  "val_F1_score_class0": 0.9950358867645264,
  "val_F1_score_class1": 0.9007632732391357,
  "val_F1_score_class2": 0.9746524095535278,
  "val_F1_score_class3": 0.8628761768341064,
  "val_F1_score_class4": 0.9954954385757446,
  "val_Precision_class0": 0.9938799738883972,
  "val_Precision_class1": 0.9365079402923584,
  "val_Precision_class2": 0.973061203956604,
  "val_Precision_class3": 0.8958333134651184,
  "val_Precision_class4": 0.9974210262298584,
  "val_Recall_class0": 0.9961944818496704,
  "val_Recall_class1": 0.8676470518112183,
  "val_Recall_class2": 0.9762489795684814,
  "val_Recall_class3": 0.8322580456733704,
  "val_Recall_class4": 0.9935774207115173,
  "epoch": 18,
  "global_step": 589
}