{
  "loss": 0.07123027741909027,
  "Cat_accuracy": 0.9784344434738159,
  "F1_score_class0": 0.9913077354431152,
  "F1_score_class1": 0.7336243987083435,
  "F1_score_class2": 0.9492665529251099,
  "F1_score_class3": 0.0,
  "F1_score_class4": 0.9891292452812195,
  "Precision_class0": 0.9872410297393799,
  "Precision_class1": 0.9298893213272095,
  "Precision_class2": 0.948118269443512,
  "Precision_class3": 0.0,
  "Precision_class4": 0.9934280514717102,
  "Recall_class0": 0.9954082369804382,
  "Recall_class1": 0.6057692170143127,
  "Recall_class2": 0.950417697429657,
  "Recall_class3": 0.0,
  "Recall_class4": 0.9848675727844238,
  "val_loss": 0.06860726326704025,
  "val_Cat_accuracy": 0.9784660339355469,
  "val_F1_score_class0": 0.9916151165962219,
  "val_F1_score_class1": 0.7325841784477234,
  "val_F1_score_class2": 0.9317014813423157,
  "val_F1_score_class3": 0.0,
  "val_F1_score_class4": 0.9871216416358948,
  "val_Precision_class0": 0.9890936017036438,
  "val_Precision_class1": 0.9421965479850769,
  "val_Precision_class2": 0.8993902206420898,
  "val_Precision_class3": 0.0,
  "val_Precision_class4": 0.9896707534790039,
  "val_Recall_class0": 0.9941497445106506,
  "val_Recall_class1": 0.5992646813392639,
  "val_Recall_class2": 0.9664209485054016,
  "val_Recall_class3": 0.0,
  "val_Recall_class4": 0.9845857620239258,
  "epoch": 28,
  "global_step": 464
}