{
  "loss": 0.06114921718835831,
  "Cat_accuracy": 0.969343364238739,
  "F1_score_class0": 0.9833030700683594,
  "F1_score_class1": 0.7187703847885132,
  "F1_score_class2": 0.873961329460144,
  "F1_score_class3": 0.7726026177406311,
  "F1_score_class4": 0.9813191890716553,
  "Precision_class0": 0.9827161431312561,
  "Precision_class1": 0.7883787751197815,
  "Precision_class2": 0.9153392314910889,
  "Precision_class3": 0.8895899057388306,
  "Precision_class4": 0.9855840802192688,
  "Recall_class0": 0.9838908314704895,
  "Recall_class1": 0.6604567170143127,
  "Recall_class2": 0.8361627459526062,
  "Recall_class3": 0.6828086972236633,
  "Recall_class4": 0.9770911931991577,
  "val_loss": 0.11429811269044876,
  "val_Cat_accuracy": 0.9700706601142883,
  "val_F1_score_class0": 0.9836999773979187,
  "val_F1_score_class1": 0.7200000286102295,
  "val_F1_score_class2": 0.8659242391586304,
  "val_F1_score_class3": 0.7847222089767456,
  "val_F1_score_class4": 0.9803414940834045,
  "val_Precision_class0": 0.9785308837890625,
  "val_Precision_class1": 0.814385175704956,
  "val_Precision_class2": 0.94921875,
  "val_Precision_class3": 0.8496240377426147,
  "val_Precision_class4": 0.9838292598724365,
  "val_Recall_class0": 0.9889242053031921,
  "val_Recall_class1": 0.6452205777168274,
  "val_Recall_class2": 0.7960687875747681,
  "val_Recall_class3": 0.7290322780609131,
  "val_Recall_class4": 0.9768785834312439,
  "epoch": 29,
  "global_step": 480
}