{
  "loss": 0.018743567168712616,
  "Cat_accuracy": 0.9902132749557495,
  "F1_score_class0": 0.9947960376739502,
  "F1_score_class1": 0.8890871405601501,
  "F1_score_class2": 0.9787290692329407,
  "F1_score_class3": 0.8596712350845337,
  "F1_score_class4": 0.9963207244873047,
  "Precision_class0": 0.9957416653633118,
  "Precision_class1": 0.8799293637275696,
  "Precision_class2": 0.9779391884803772,
  "Precision_class3": 0.8994709253311157,
  "Precision_class4": 0.9966351389884949,
  "Recall_class0": 0.9938523173332214,
  "Recall_class1": 0.8984375,
  "Recall_class2": 0.979520320892334,
  "Recall_class3": 0.823244571685791,
  "Recall_class4": 0.9960067272186279,
  "val_loss": 0.05052153393626213,
  "val_Cat_accuracy": 0.9895176291465759,
  "val_F1_score_class0": 0.9945581555366516,
  "val_F1_score_class1": 0.8854667544364929,
  "val_F1_score_class2": 0.9703459143638611,
  "val_F1_score_class3": 0.8619527220726013,
  "val_F1_score_class4": 0.9948552250862122,
  "val_Precision_class0": 0.9925888180732727,
  "val_Precision_class1": 0.9292929172515869,
  "val_Precision_class2": 0.9759734869003296,
  "val_Precision_class3": 0.9014084339141846,
  "val_Precision_class4": 0.996136486530304,
  "val_Recall_class0": 0.9965353012084961,
  "val_Recall_class1": 0.845588207244873,
  "val_Recall_class2": 0.9647829532623291,
  "val_Recall_class3": 0.8258064389228821,
  "val_Recall_class4": 0.9935774207115173,
  "epoch": 19,
  "global_step": 320
}