{
  "loss": 0.010111626237630844,
  "Cat_accuracy": 0.9937864542007446,
  "F1_score_class0": 0.9969878792762756,
  "F1_score_class1": 0.939491331577301,
  "F1_score_class2": 0.9830415844917297,
  "F1_score_class3": 0.89079749584198,
  "F1_score_class4": 0.9970569610595703,
  "Precision_class0": 0.9985344409942627,
  "Precision_class1": 0.914627194404602,
  "Precision_class2": 0.9819843769073486,
  "Precision_class3": 0.9029850959777832,
  "Precision_class4": 0.9972665905952454,
  "Recall_class0": 0.9954462051391602,
  "Recall_class1": 0.965745210647583,
  "Recall_class2": 0.9841012954711914,
  "Recall_class3": 0.8789346218109131,
  "Recall_class4": 0.99684739112854,
  "val_loss": 0.0445171520113945,
  "val_Cat_accuracy": 0.9896599054336548,
  "val_F1_score_class0": 0.9949684739112854,
  "val_F1_score_class1": 0.898181676864624,
  "val_F1_score_class2": 0.9680065512657166,
  "val_F1_score_class3": 0.8401252627372742,
  "val_F1_score_class4": 0.9942046999931335,
  "val_Precision_class0": 0.9959027767181396,
  "val_Precision_class1": 0.8884891867637634,
  "val_Precision_class2": 0.9695973992347717,
  "val_Precision_class3": 0.8170731663703918,
  "val_Precision_class4": 0.9967721104621887,
  "val_Recall_class0": 0.9940361380577087,
  "val_Recall_class1": 0.908088207244873,
  "val_Recall_class2": 0.9664209485054016,
  "val_Recall_class3": 0.8645161390304565,
  "val_Recall_class4": 0.9916505813598633,
  "epoch": 28,
  "global_step": 7192
}