{
  "loss": 0.04248104989528656,
  "Cat_accuracy": 0.9881579279899597,
  "F1_score_class0": 0.9940489530563354,
  "F1_score_class1": 0.8675088286399841,
  "F1_score_class2": 0.9608801007270813,
  "F1_score_class3": 0.8151146173477173,
  "F1_score_class4": 0.9951589107513428,
  "Precision_class0": 0.9913197755813599,
  "Precision_class1": 0.9409697651863098,
  "Precision_class2": 0.9687756896018982,
  "Precision_class3": 0.9207317233085632,
  "Precision_class4": 0.9966273307800293,
  "Recall_class0": 0.9967933297157288,
  "Recall_class1": 0.8046875,
  "Recall_class2": 0.9531123638153076,
  "Recall_class3": 0.7312348484992981,
  "Recall_class4": 0.9936948418617249,
  "val_loss": 0.07449741661548615,
  "val_Cat_accuracy": 0.9832091927528381,
  "val_F1_score_class0": 0.9911177754402161,
  "val_F1_score_class1": 0.8255577087402344,
  "val_F1_score_class2": 0.9421555399894714,
  "val_F1_score_class3": 0.8259384632110596,
  "val_F1_score_class4": 0.9887059330940247,
  "val_Precision_class0": 0.987208366394043,
  "val_Precision_class1": 0.9208144545555115,
  "val_Precision_class2": 0.9576988220214844,
  "val_Precision_class3": 0.8768116235733032,
  "val_Precision_class4": 0.993514895439148,
  "val_Recall_class0": 0.9950584769248962,
  "val_Recall_class1": 0.748161792755127,
  "val_Recall_class2": 0.9271089434623718,
  "val_Recall_class3": 0.7806451320648193,
  "val_Recall_class4": 0.9839434623718262,
  "epoch": 28,
  "global_step": 3596
}