{
  "loss": 0.013968623243272305,
  "Cat_accuracy": 0.9925848841667175,
  "F1_score_class0": 0.9962016940116882,
  "F1_score_class1": 0.9202015995979309,
  "F1_score_class2": 0.9823616147041321,
  "F1_score_class3": 0.8668341040611267,
  "F1_score_class4": 0.9976880550384521,
  "Precision_class0": 0.9970917701721191,
  "Precision_class1": 0.9086115956306458,
  "Precision_class2": 0.9817007780075073,
  "Precision_class3": 0.9007833003997803,
  "Precision_class4": 0.9976881146430969,
  "Recall_class0": 0.9953133463859558,
  "Recall_class1": 0.9320913553237915,
  "Recall_class2": 0.983023464679718,
  "Recall_class3": 0.8353511095046997,
  "Recall_class4": 0.9976881146430969,
  "val_loss": 0.05084921792149544,
  "val_Cat_accuracy": 0.9890432953834534,
  "val_F1_score_class0": 0.9940888285636902,
  "val_F1_score_class1": 0.8911252617835999,
  "val_F1_score_class2": 0.9717790484428406,
  "val_F1_score_class3": 0.8590163588523865,
  "val_F1_score_class4": 0.9939043521881104,
  "val_Precision_class0": 0.9947673678398132,
  "val_Precision_class1": 0.8870673775672913,
  "val_Precision_class2": 0.970588207244873,
  "val_Precision_class3": 0.8733333349227905,
  "val_Precision_class4": 0.9929487109184265,
  "val_Recall_class0": 0.9934113621711731,
  "val_Recall_class1": 0.8952205777168274,
  "val_Recall_class2": 0.9729729890823364,
  "val_Recall_class3": 0.8451613187789917,
  "val_Recall_class4": 0.994861900806427,
  "epoch": 15,
  "global_step": 1984
}