{
  "loss": 0.011287052184343338,
  "Cat_accuracy": 0.9962213039398193,
  "F1_score_class0": 0.9983496069908142,
  "F1_score_class1": 0.9649546146392822,
  "F1_score_class2": 0.9891055226325989,
  "F1_score_class3": 0.879288375377655,
  "F1_score_class4": 0.998317539691925,
  "Precision_class0": 0.9981034994125366,
  "Precision_class1": 0.9702308773994446,
  "Precision_class2": 0.9873791337013245,
  "Precision_class3": 0.9251337051391602,
  "Precision_class4": 0.99894779920578,
  "Recall_class0": 0.9985958933830261,
  "Recall_class1": 0.9597355723381042,
  "Recall_class2": 0.9908380508422852,
  "Recall_class3": 0.8377723693847656,
  "Recall_class4": 0.9976881146430969,
  "val_loss": 0.030533311888575554,
  "val_Cat_accuracy": 0.9927429556846619,
  "val_F1_score_class0": 0.9964766502380371,
  "val_F1_score_class1": 0.9333332777023315,
  "val_F1_score_class2": 0.9786709547042847,
  "val_F1_score_class3": 0.8706623911857605,
  "val_F1_score_class4": 0.9951814413070679,
  "val_Precision_class0": 0.9969865679740906,
  "val_Precision_class1": 0.9274047017097473,
  "val_Precision_class2": 0.9802793860435486,
  "val_Precision_class3": 0.8518518805503845,
  "val_Precision_class4": 0.9955012798309326,
  "val_Recall_class0": 0.9959672689437866,
  "val_Recall_class1": 0.939338207244873,
  "val_Recall_class2": 0.9770679473876953,
  "val_Recall_class3": 0.8903225660324097,
  "val_Recall_class4": 0.994861900806427,
  "epoch": 23,
  "global_step": 5952
}