{
  "loss": 0.03922199085354805,
  "Cat_accuracy": 0.9888219833374023,
  "F1_score_class0": 0.9943235516548157,
  "F1_score_class1": 0.8916506767272949,
  "F1_score_class2": 0.9712892174720764,
  "F1_score_class3": 0.7569060325622559,
  "F1_score_class4": 0.9928375482559204,
  "Precision_class0": 0.9915655851364136,
  "Precision_class1": 0.9491180181503296,
  "Precision_class2": 0.9763136506080627,
  "Precision_class3": 0.881028950214386,
  "Precision_class4": 0.9951435923576355,
  "Recall_class0": 0.9970969557762146,
  "Recall_class1": 0.840745210647583,
  "Recall_class2": 0.9663163423538208,
  "Recall_class3": 0.6634382605552673,
  "Recall_class4": 0.9905422329902649,
  "val_loss": 0.05198175832629204,
  "val_Cat_accuracy": 0.9865768551826477,
  "val_F1_score_class0": 0.9931491017341614,
  "val_F1_score_class1": 0.8684470653533936,
  "val_F1_score_class2": 0.9618382453918457,
  "val_F1_score_class3": 0.7615383863449097,
  "val_F1_score_class4": 0.9913154244422913,
  "val_Precision_class0": 0.990010142326355,
  "val_Precision_class1": 0.9400428533554077,
  "val_Precision_class2": 0.9638158082962036,
  "val_Precision_class3": 0.9428571462631226,
  "val_Precision_class4": 0.9929123520851135,
  "val_Recall_class0": 0.9963080883026123,
  "val_Recall_class1": 0.8069853186607361,
  "val_Recall_class2": 0.9598689675331116,
  "val_Recall_class3": 0.6387096643447876,
  "val_Recall_class4": 0.989723801612854,
  "epoch": 29,
  "global_step": 3720
}