{
  "loss": 0.007852700538933277,
  "Cat_accuracy": 0.9953358769416809,
  "F1_score_class0": 0.9978447556495667,
  "F1_score_class1": 0.9515079259872437,
  "F1_score_class2": 0.9871811866760254,
  "F1_score_class3": 0.8861984610557556,
  "F1_score_class4": 0.9986331462860107,
  "Precision_class0": 0.9985748529434204,
  "Precision_class1": 0.9365541338920593,
  "Precision_class2": 0.9886486530303955,
  "Precision_class3": 0.8861985206604004,
  "Precision_class4": 0.9991584420204163,
  "Recall_class0": 0.9971159100532532,
  "Recall_class1": 0.9669471383094788,
  "Recall_class2": 0.9857181310653687,
  "Recall_class3": 0.8861985206604004,
  "Recall_class4": 0.998108446598053,
  "val_loss": 0.030922969803214073,
  "val_Cat_accuracy": 0.9927429556846619,
  "val_F1_score_class0": 0.9963068962097168,
  "val_F1_score_class1": 0.9294756054878235,
  "val_F1_score_class2": 0.9803920984268188,
  "val_F1_score_class3": 0.8630136251449585,
  "val_F1_score_class4": 0.9964664578437805,
  "val_Precision_class0": 0.9965901374816895,
  "val_Precision_class1": 0.9145907759666443,
  "val_Precision_class2": 0.9779950976371765,
  "val_Precision_class3": 0.9197080135345459,
  "val_Precision_class4": 0.9967866539955139,
  "val_Recall_class0": 0.9960240721702576,
  "val_Recall_class1": 0.9448529481887817,
  "val_Recall_class2": 0.9828009605407715,
  "val_Recall_class3": 0.8129032254219055,
  "val_Recall_class4": 0.9961464405059814,
  "epoch": 21,
  "global_step": 5456
}