{
  "loss": 0.00919414684176445,
  "Cat_accuracy": 0.9943714737892151,
  "F1_score_class0": 0.9971697330474854,
  "F1_score_class1": 0.9390997290611267,
  "F1_score_class2": 0.9870793223381042,
  "F1_score_class3": 0.8918589949607849,
  "F1_score_class4": 0.9987388849258423,
  "Precision_class0": 0.9982695579528809,
  "Precision_class1": 0.9198847413063049,
  "Precision_class2": 0.9860177636146545,
  "Precision_class3": 0.8951219320297241,
  "Precision_class4": 0.9987389445304871,
  "Recall_class0": 0.9960723519325256,
  "Recall_class1": 0.9591346383094788,
  "Recall_class2": 0.9881433844566345,
  "Recall_class3": 0.8886198401451111,
  "Recall_class4": 0.9987389445304871,
  "val_loss": 0.04742416739463806,
  "val_Cat_accuracy": 0.9901816844940186,
  "val_F1_score_class0": 0.9948889017105103,
  "val_F1_score_class1": 0.9034676551818848,
  "val_F1_score_class2": 0.9736093878746033,
  "val_F1_score_class3": 0.8561872243881226,
  "val_F1_score_class4": 0.9945354461669922,
  "val_Precision_class0": 0.9947195053100586,
  "val_Precision_class1": 0.9216061234474182,
  "val_Precision_class2": 0.9653784036636353,
  "val_Precision_class3": 0.8888888955116272,
  "val_Precision_class4": 0.9954954981803894,
  "val_Recall_class0": 0.9950584769248962,
  "val_Recall_class1": 0.8860294222831726,
  "val_Recall_class2": 0.9819819927215576,
  "val_Recall_class3": 0.8258064389228821,
  "val_Recall_class4": 0.9935774207115173,
  "epoch": 12,
  "global_step": 1612
}