{
  "loss": 0.033929552882909775,
  "Cat_accuracy": 0.9836835265159607,
  "F1_score_class0": 0.9915980100631714,
  "F1_score_class1": 0.832978367805481,
  "F1_score_class2": 0.9564743638038635,
  "F1_score_class3": 0.757535994052887,
  "F1_score_class4": 0.9888302683830261,
  "Precision_class0": 0.9922857880592346,
  "Precision_class1": 0.8434997200965881,
  "Precision_class2": 0.965668797492981,
  "Precision_class3": 0.8257142901420593,
  "Precision_class4": 0.9915469288825989,
  "Recall_class0": 0.9909113049507141,
  "Recall_class1": 0.8227163553237915,
  "Recall_class2": 0.947453498840332,
  "Recall_class3": 0.6997578740119934,
  "Recall_class4": 0.9861286282539368,
  "val_loss": 0.06495299190282822,
  "val_Cat_accuracy": 0.9823554754257202,
  "val_F1_score_class0": 0.9911002516746521,
  "val_F1_score_class1": 0.813592255115509,
  "val_F1_score_class2": 0.9502074122428894,
  "val_F1_score_class3": 0.7571427822113037,
  "val_F1_score_class4": 0.9877339601516724,
  "val_Precision_class0": 0.9891378283500671,
  "val_Precision_class1": 0.8621399402618408,
  "val_Precision_class2": 0.9629940986633301,
  "val_Precision_class3": 0.8479999899864197,
  "val_Precision_class4": 0.992861807346344,
  "val_Recall_class0": 0.9930705428123474,
  "val_Recall_class1": 0.7702205777168274,
  "val_Recall_class2": 0.9377559423446655,
  "val_Recall_class3": 0.6838709712028503,
  "val_Recall_class4": 0.9826589822769165,
  "epoch": 29,
  "global_step": 930
}