{
  "loss": 0.030438406392931938,
  "Cat_accuracy": 0.9845847487449646,
  "F1_score_class0": 0.9917139410972595,
  "F1_score_class1": 0.8504922986030579,
  "F1_score_class2": 0.9588409662246704,
  "F1_score_class3": 0.7835325002670288,
  "F1_score_class4": 0.9892901182174683,
  "Precision_class0": 0.9932997226715088,
  "Precision_class1": 0.8446947336196899,
  "Precision_class2": 0.9635373950004578,
  "Precision_class3": 0.8676470518112183,
  "Precision_class4": 0.9884599447250366,
  "Recall_class0": 0.9901334047317505,
  "Recall_class1": 0.856370210647583,
  "Recall_class2": 0.9541902542114258,
  "Recall_class3": 0.7142857313156128,
  "Recall_class4": 0.9901219010353088,
  "val_loss": 0.05355576425790787,
  "val_Cat_accuracy": 0.9851064682006836,
  "val_F1_score_class0": 0.9919235110282898,
  "val_F1_score_class1": 0.8586955666542053,
  "val_F1_score_class2": 0.9587922692298889,
  "val_F1_score_class3": 0.8169013261795044,
  "val_F1_score_class4": 0.9919535517692566,
  "val_Precision_class0": 0.9932793974876404,
  "val_Precision_class1": 0.8464285731315613,
  "val_Precision_class2": 0.9552845358848572,
  "val_Precision_class3": 0.8992248177528381,
  "val_Precision_class4": 0.9941935539245605,
  "val_Recall_class0": 0.9905713796615601,
  "val_Recall_class1": 0.8713235259056091,
  "val_Recall_class2": 0.9623259902000427,
  "val_Recall_class3": 0.7483870983123779,
  "val_Recall_class4": 0.989723801612854,
  "epoch": 34,
  "global_step": 560
}