{
  "loss": 0.020113063976168633,
  "Cat_accuracy": 0.9939603805541992,
  "F1_score_class0": 0.9971570372581482,
  "F1_score_class1": 0.9327964782714844,
  "F1_score_class2": 0.985843300819397,
  "F1_score_class3": 0.8534371256828308,
  "F1_score_class4": 0.998317539691925,
  "Precision_class0": 0.996005654335022,
  "Precision_class1": 0.9623003005981445,
  "Precision_class2": 0.9865083694458008,
  "Precision_class3": 0.9189944267272949,
  "Precision_class4": 0.99894779920578,
  "Recall_class0": 0.9983112812042236,
  "Recall_class1": 0.9050480723381042,
  "Recall_class2": 0.9851791858673096,
  "Recall_class3": 0.7966101765632629,
  "Recall_class4": 0.9976881146430969,
  "val_loss": 0.03421922028064728,
  "val_Cat_accuracy": 0.9917943477630615,
  "val_F1_score_class0": 0.995715856552124,
  "val_F1_score_class1": 0.9160447120666504,
  "val_F1_score_class2": 0.9766296744346619,
  "val_F1_score_class3": 0.8754207491874695,
  "val_F1_score_class4": 0.9958104491233826,
  "val_Precision_class0": 0.9947282075881958,
  "val_Precision_class1": 0.9299242496490479,
  "val_Precision_class2": 0.9778324961662292,
  "val_Precision_class3": 0.9154929518699646,
  "val_Precision_class4": 0.9993531703948975,
  "val_Recall_class0": 0.9967056512832642,
  "val_Recall_class1": 0.9025735259056091,
  "val_Recall_class2": 0.9754299521446228,
  "val_Recall_class3": 0.8387096524238586,
  "val_Recall_class4": 0.9922928810119629,
  "epoch": 31,
  "global_step": 1984
}