{
  "loss": 0.01574142649769783,
  "Cat_accuracy": 0.9913990497589111,
  "F1_score_class0": 0.9957157373428345,
  "F1_score_class1": 0.9161977171897888,
  "F1_score_class2": 0.9754716753959656,
  "F1_score_class3": 0.8358208537101746,
  "F1_score_class4": 0.9960066676139832,
  "Precision_class0": 0.9969943761825562,
  "Precision_class1": 0.9030939936637878,
  "Precision_class2": 0.9757347106933594,
  "Precision_class3": 0.8593350648880005,
  "Precision_class4": 0.9960067272186279,
  "Recall_class0": 0.9944405555725098,
  "Recall_class1": 0.9296875,
  "Recall_class2": 0.9752088189125061,
  "Recall_class3": 0.8135592937469482,
  "Recall_class4": 0.9960067272186279,
  "val_loss": 0.034573908895254135,
  "val_Cat_accuracy": 0.9906559586524963,
  "val_F1_score_class0": 0.9951199889183044,
  "val_F1_score_class1": 0.9107980728149414,
  "val_F1_score_class2": 0.9744855761528015,
  "val_F1_score_class3": 0.8552188277244568,
  "val_F1_score_class4": 0.9932497143745422,
  "val_Precision_class0": 0.9941610097885132,
  "val_Precision_class1": 0.9309021234512329,
  "val_Precision_class2": 0.9793217778205872,
  "val_Precision_class3": 0.8943662047386169,
  "val_Precision_class4": 0.9942085146903992,
  "val_Recall_class0": 0.9960808753967285,
  "val_Recall_class1": 0.8915441036224365,
  "val_Recall_class2": 0.9696969985961914,
  "val_Recall_class3": 0.8193548321723938,
  "val_Recall_class4": 0.9922928810119629,
  "epoch": 35,
  "global_step": 1116
}