{
  "loss": 0.19510513544082642,
  "Cat_accuracy": 0.9042356610298157,
  "F1_score_class0": 0.9348611235618591,
  "F1_score_class1": 0.49203023314476013,
  "F1_score_class2": 0.8501233458518982,
  "F1_score_class3": 0.42369017004966736,
  "F1_score_class4": 0.970805823802948,
  "Precision_class0": 0.9959878325462341,
  "Precision_class1": 0.3360457420349121,
  "Precision_class2": 0.7844611406326294,
  "Precision_class3": 0.2769918143749237,
  "Precision_class4": 0.9501006007194519,
  "Recall_class0": 0.8808037638664246,
  "Recall_class1": 0.9182692170143127,
  "Recall_class2": 0.9277822971343994,
  "Recall_class3": 0.9007263779640198,
  "Recall_class4": 0.9924337863922119,
  "val_loss": 0.16427670419216156,
  "val_Cat_accuracy": 0.9451690912246704,
  "val_F1_score_class0": 0.9654908776283264,
  "val_F1_score_class1": 0.6193707585334778,
  "val_F1_score_class2": 0.8897514939308167,
  "val_F1_score_class3": 0.6730769276618958,
  "val_F1_score_class4": 0.9737755656242371,
  "val_Precision_class0": 0.9960142374038696,
  "val_Precision_class1": 0.46610957384109497,
  "val_Precision_class2": 0.845756471157074,
  "val_Precision_class3": 0.5363984704017639,
  "val_Precision_class4": 0.9583333134651184,
  "val_Recall_class0": 0.9367828965187073,
  "val_Recall_class1": 0.9227941036224365,
  "val_Recall_class2": 0.9385749101638794,
  "val_Recall_class3": 0.9032257795333862,
  "val_Recall_class4": 0.989723801612854,
  "epoch": 25,
  "global_step": 6448
}