{
  "loss": 0.05525463819503784,
  "Cat_accuracy": 0.9842368960380554,
  "F1_score_class0": 0.9920523762702942,
  "F1_score_class1": 0.8192852139472961,
  "F1_score_class2": 0.9481176137924194,
  "F1_score_class3": 0.8043184280395508,
  "F1_score_class4": 0.9932531714439392,
  "Precision_class0": 0.9881956577301025,
  "Precision_class1": 0.9331797361373901,
  "Precision_class2": 0.9635503888130188,
  "Precision_class3": 0.9085366129875183,
  "Precision_class4": 0.9964044094085693,
  "Recall_class0": 0.9959394931793213,
  "Recall_class1": 0.7301682829856873,
  "Recall_class2": 0.9331716299057007,
  "Recall_class3": 0.7215496301651001,
  "Recall_class4": 0.9901219010353088,
  "val_loss": 0.08345477283000946,
  "val_Cat_accuracy": 0.9798890352249146,
  "val_F1_score_class0": 0.9894646406173706,
  "val_F1_score_class1": 0.7950310111045837,
  "val_F1_score_class2": 0.927146852016449,
  "val_F1_score_class3": 0.7971013784408569,
  "val_F1_score_class4": 0.9867954254150391,
  "val_Precision_class0": 0.9867261648178101,
  "val_Precision_class1": 0.9099525809288025,
  "val_Precision_class2": 0.921521008014679,
  "val_Precision_class3": 0.9090909361839294,
  "val_Precision_class4": 0.9896640777587891,
  "val_Recall_class0": 0.992218554019928,
  "val_Recall_class1": 0.7058823704719543,
  "val_Recall_class2": 0.932841956615448,
  "val_Recall_class3": 0.7096773982048035,
  "val_Recall_class4": 0.9839434623718262,
  "epoch": 29,
  "global_step": 1860
}