{
  "loss": 0.02306930534541607,
  "Cat_accuracy": 0.9935492873191833,
  "F1_score_class0": 0.9969196319580078,
  "F1_score_class1": 0.9329625368118286,
  "F1_score_class2": 0.9839816093444824,
  "F1_score_class3": 0.8443270921707153,
  "F1_score_class4": 0.9965310096740723,
  "Precision_class0": 0.9959474205970764,
  "Precision_class1": 0.9599491357803345,
  "Precision_class2": 0.9830554127693176,
  "Precision_class3": 0.9275362491607666,
  "Precision_class4": 0.9968454241752625,
  "Recall_class0": 0.9978938698768616,
  "Recall_class1": 0.9074519276618958,
  "Recall_class2": 0.98490971326828,
  "Recall_class3": 0.7748184204101562,
  "Recall_class4": 0.996216893196106,
  "val_loss": 0.03295417129993439,
  "val_Cat_accuracy": 0.9912725687026978,
  "val_F1_score_class0": 0.9957458972930908,
  "val_F1_score_class1": 0.9191175699234009,
  "val_F1_score_class2": 0.9698221683502197,
  "val_F1_score_class3": 0.8421052098274231,
  "val_F1_score_class4": 0.9964595437049866,
  "val_Precision_class0": 0.9943922162055969,
  "val_Precision_class1": 0.9191176295280457,
  "val_Precision_class2": 0.9791318774223328,
  "val_Precision_class3": 0.9230769276618958,
  "val_Precision_class4": 0.9987096786499023,
  "val_Recall_class0": 0.9971032738685608,
  "val_Recall_class1": 0.9191176295280457,
  "val_Recall_class2": 0.9606879353523254,
  "val_Recall_class3": 0.774193525314331,
  "val_Recall_class4": 0.9942196607589722,
  "epoch": 13,
  "global_step": 3472
}