{
  "loss": 0.017345450818538666,
  "Cat_accuracy": 0.9949089884757996,
  "F1_score_class0": 0.997582197189331,
  "F1_score_class1": 0.9443084001541138,
  "F1_score_class2": 0.9874680042266846,
  "F1_score_class3": 0.8735631704330444,
  "F1_score_class4": 0.9985284805297852,
  "Precision_class0": 0.9969678521156311,
  "Precision_class1": 0.9619700908660889,
  "Precision_class2": 0.987601101398468,
  "Precision_class3": 0.9243243336677551,
  "Precision_class4": 0.9987384080886841,
  "Recall_class0": 0.9981974363327026,
  "Recall_class1": 0.9272836446762085,
  "Recall_class2": 0.9873349666595459,
  "Recall_class3": 0.8280871510505676,
  "Recall_class4": 0.998318612575531,
  "val_loss": 0.030197782441973686,
  "val_Cat_accuracy": 0.9916994571685791,
  "val_F1_score_class0": 0.9957424998283386,
  "val_F1_score_class1": 0.9226414561271667,
  "val_F1_score_class2": 0.9755500555038452,
  "val_F1_score_class3": 0.8668941259384155,
  "val_F1_score_class4": 0.995507001876831,
  "val_Precision_class0": 0.9951775670051575,
  "val_Precision_class1": 0.9476743936538696,
  "val_Precision_class2": 0.970802903175354,
  "val_Precision_class3": 0.9202898740768433,
  "val_Precision_class4": 0.9948685169219971,
  "val_Recall_class0": 0.9963080883026123,
  "val_Recall_class1": 0.8988970518112183,
  "val_Recall_class2": 0.9803439974784851,
  "val_Recall_class3": 0.8193548321723938,
  "val_Recall_class4": 0.9961464405059814,
  "epoch": 18,
  "global_step": 4712
}