{
  "loss": 0.02932417020201683,
  "Cat_accuracy": 0.9914939403533936,
  "F1_score_class0": 0.9958238005638123,
  "F1_score_class1": 0.9098386168479919,
  "F1_score_class2": 0.977963924407959,
  "F1_score_class3": 0.7941175699234009,
  "F1_score_class4": 0.9968460202217102,
  "Precision_class0": 0.9940071105957031,
  "Precision_class1": 0.9605878591537476,
  "Precision_class2": 0.981280505657196,
  "Precision_class3": 0.8865671753883362,
  "Precision_class4": 0.9972654581069946,
  "Recall_class0": 0.9976471662521362,
  "Recall_class1": 0.864182710647583,
  "Recall_class2": 0.974669873714447,
  "Recall_class3": 0.7191283106803894,
  "Recall_class4": 0.996427059173584,
  "val_loss": 0.05197983607649803,
  "val_Cat_accuracy": 0.9876203536987305,
  "val_F1_score_class0": 0.9939087629318237,
  "val_F1_score_class1": 0.8671874403953552,
  "val_F1_score_class2": 0.9651495814323425,
  "val_F1_score_class3": 0.7732341885566711,
  "val_F1_score_class4": 0.9916344285011292,
  "val_Precision_class0": 0.9915211200714111,
  "val_Precision_class1": 0.925000011920929,
  "val_Precision_class2": 0.9663382768630981,
  "val_Precision_class3": 0.9122806787490845,
  "val_Precision_class4": 0.993552565574646,
  "val_Recall_class0": 0.9963080883026123,
  "val_Recall_class1": 0.8161764740943909,
  "val_Recall_class2": 0.9639639854431152,
  "val_Recall_class3": 0.6709677577018738,
  "val_Recall_class4": 0.989723801612854,
  "epoch": 28,
  "global_step": 3596
}