{
  "loss": 0.02416500635445118,
  "Cat_accuracy": 0.9883002042770386,
  "F1_score_class0": 0.9939048290252686,
  "F1_score_class1": 0.881009578704834,
  "F1_score_class2": 0.9699512720108032,
  "F1_score_class3": 0.7902812957763672,
  "F1_score_class4": 0.9941063523292542,
  "Precision_class0": 0.994622528553009,
  "Precision_class1": 0.8810096383094788,
  "Precision_class2": 0.9744356870651245,
  "Precision_class3": 0.8373983502388,
  "Precision_class4": 0.9955733418464661,
  "Recall_class0": 0.9931882619857788,
  "Recall_class1": 0.8810096383094788,
  "Recall_class2": 0.9655079245567322,
  "Recall_class3": 0.7481840252876282,
  "Recall_class4": 0.9926439523696899,
  "val_loss": 0.058637093752622604,
  "val_Cat_accuracy": 0.983920693397522,
  "val_F1_score_class0": 0.9918490648269653,
  "val_F1_score_class1": 0.8393685817718506,
  "val_F1_score_class2": 0.9533551335334778,
  "val_F1_score_class3": 0.7844521999359131,
  "val_F1_score_class4": 0.9900416731834412,
  "val_Precision_class0": 0.9918773174285889,
  "val_Precision_class1": 0.8480300307273865,
  "val_Precision_class2": 0.9525756239891052,
  "val_Precision_class3": 0.8671875,
  "val_Precision_class4": 0.990359902381897,
  "val_Recall_class0": 0.9918209910392761,
  "val_Recall_class1": 0.8308823704719543,
  "val_Recall_class2": 0.9541359543800354,
  "val_Recall_class3": 0.7161290049552917,
  "val_Recall_class4": 0.989723801612854,
  "epoch": 28,
  "global_step": 1798
}