{
  "loss": 0.01402138452976942,
  "Cat_accuracy": 0.9955098032951355,
  "F1_score_class0": 0.9980465173721313,
  "F1_score_class1": 0.9549055099487305,
  "F1_score_class2": 0.9877572059631348,
  "F1_score_class3": 0.8725868463516235,
  "F1_score_class4": 0.9984230995178223,
  "Precision_class0": 0.9975547194480896,
  "Precision_class1": 0.9684796333312988,
  "Precision_class2": 0.9862976670265198,
  "Precision_class3": 0.9313187003135681,
  "Precision_class4": 0.998738169670105,
  "Recall_class0": 0.9985389709472656,
  "Recall_class1": 0.9417067170143127,
  "Recall_class2": 0.9892212152481079,
  "Recall_class3": 0.8208232522010803,
  "Recall_class4": 0.998108446598053,
  "val_loss": 0.03006664849817753,
  "val_Cat_accuracy": 0.9922212362289429,
  "val_F1_score_class0": 0.9960235357284546,
  "val_F1_score_class1": 0.9257884621620178,
  "val_F1_score_class2": 0.9782696962356567,
  "val_F1_score_class3": 0.8903224468231201,
  "val_F1_score_class4": 0.9939160346984863,
  "val_Precision_class0": 0.9961367845535278,
  "val_Precision_class1": 0.9344569444656372,
  "val_Precision_class2": 0.9794745445251465,
  "val_Precision_class3": 0.8903225660324097,
  "val_Precision_class4": 0.9910600185394287,
  "val_Recall_class0": 0.9959104657173157,
  "val_Recall_class1": 0.9172794222831726,
  "val_Recall_class2": 0.9770679473876953,
  "val_Recall_class3": 0.8903225660324097,
  "val_Recall_class4": 0.9967886805534363,
  "epoch": 27,
  "global_step": 3472
}