{
  "Cat_accuracy": 0.9514142274856567,
  "F1_score_class0": 0.9750983119010925,
  "F1_score_class1": 0.5627811551094055,
  "F1_score_class2": 0.7414399981498718,
  "F1_score_class3": 0.07906975597143173,
  "F1_score_class4": 0.9612951278686523,
  "Precision_class0": 0.9588583707809448,
  "Precision_class1": 0.8809219002723694,
  "Precision_class2": 0.9125639796257019,
  "Precision_class3": 1.0,
  "Precision_class4": 0.9811775088310242,
  "Recall_class0": 0.9918980002403259,
  "Recall_class1": 0.4134615361690521,
  "Recall_class2": 0.6243600249290466,
  "Recall_class3": 0.04116222634911537,
  "Recall_class4": 0.942202627658844,
  "loss": 0.18663476407527924,
  "val_Cat_accuracy": 0.9594460129737854,
  "val_F1_score_class0": 0.9787101745605469,
  "val_F1_score_class1": 0.6524316668510437,
  "val_F1_score_class2": 0.7819122672080994,
  "val_F1_score_class3": 0.48039212822914124,
  "val_F1_score_class4": 0.9705110788345337,
  "val_Precision_class0": 0.9643309712409973,
  "val_Precision_class1": 0.9197324514389038,
  "val_Precision_class2": 0.9201774001121521,
  "val_Precision_class3": 1.0,
  "val_Precision_class4": 0.9906354546546936,
  "val_Recall_class0": 0.9935249090194702,
  "val_Recall_class1": 0.5055146813392639,
  "val_Recall_class2": 0.6797707080841064,
  "val_Recall_class3": 0.31612902879714966,
  "val_Recall_class4": 0.9511882066726685,
  "val_loss": 0.16100776195526123,
  "epoch": 3,
  "global_step": 496
}