{
  "loss": 0.0390627384185791,
  "Cat_accuracy": 0.9888219833374023,
  "F1_score_class0": 0.9943467378616333,
  "F1_score_class1": 0.8705427646636963,
  "F1_score_class2": 0.97132807970047,
  "F1_score_class3": 0.7872927784919739,
  "F1_score_class4": 0.9951649308204651,
  "Precision_class0": 0.9924952983856201,
  "Precision_class1": 0.9351276755332947,
  "Precision_class2": 0.9750203490257263,
  "Precision_class3": 0.9163987040519714,
  "Precision_class4": 0.9953742623329163,
  "Recall_class0": 0.9962051510810852,
  "Recall_class1": 0.8143028616905212,
  "Recall_class2": 0.9676637053489685,
  "Recall_class3": 0.6900726556777954,
  "Recall_class4": 0.994955837726593,
  "val_loss": 0.04449888691306114,
  "val_Cat_accuracy": 0.9888061285018921,
  "val_F1_score_class0": 0.9943015575408936,
  "val_F1_score_class1": 0.8851815462112427,
  "val_F1_score_class2": 0.966762363910675,
  "val_F1_score_class3": 0.8199999332427979,
  "val_F1_score_class4": 0.99452143907547,
  "val_Precision_class0": 0.9925850629806519,
  "val_Precision_class1": 0.9494736790657043,
  "val_Precision_class2": 0.96875,
  "val_Precision_class3": 0.8482758402824402,
  "val_Precision_class4": 0.9980595111846924,
  "val_Recall_class0": 0.9960240721702576,
  "val_Recall_class1": 0.8290441036224365,
  "val_Recall_class2": 0.9647829532623291,
  "val_Recall_class3": 0.7935484051704407,
  "val_Recall_class4": 0.9910083413124084,
  "epoch": 29,
  "global_step": 930
}