{
  "loss": 0.013972378335893154,
  "Cat_accuracy": 0.9922053813934326,
  "F1_score_class0": 0.9960108995437622,
  "F1_score_class1": 0.9117127060890198,
  "F1_score_class2": 0.9836992621421814,
  "F1_score_class3": 0.8700979351997375,
  "F1_score_class4": 0.9980026483535767,
  "Precision_class0": 0.9971284866333008,
  "Precision_class1": 0.8933102488517761,
  "Precision_class2": 0.9835668206214905,
  "Precision_class3": 0.8808932900428772,
  "Precision_class4": 0.998317539691925,
  "Recall_class0": 0.9948959350585938,
  "Recall_class1": 0.9308894276618958,
  "Recall_class2": 0.9838318228721619,
  "Recall_class3": 0.8595641851425171,
  "Recall_class4": 0.9976881146430969,
  "val_loss": 0.0476338192820549,
  "val_Cat_accuracy": 0.9895650744438171,
  "val_F1_score_class0": 0.9944371581077576,
  "val_F1_score_class1": 0.8890994787216187,
  "val_F1_score_class2": 0.9718711972236633,
  "val_F1_score_class3": 0.8590602874755859,
  "val_F1_score_class4": 0.9942159056663513,
  "val_Precision_class0": 0.9938166737556458,
  "val_Precision_class1": 0.9178082346916199,
  "val_Precision_class2": 0.9675324559211731,
  "val_Precision_class3": 0.8951048851013184,
  "val_Precision_class4": 0.9948552846908569,
  "val_Recall_class0": 0.9950584769248962,
  "val_Recall_class1": 0.8621323704719543,
  "val_Recall_class2": 0.9762489795684814,
  "val_Recall_class3": 0.8258064389228821,
  "val_Recall_class4": 0.9935774207115173,
  "epoch": 11,
  "global_step": 744
}