{
  "loss": 0.011884720996022224,
  "Cat_accuracy": 0.9927746057510376,
  "F1_score_class0": 0.9965407252311707,
  "F1_score_class1": 0.9267151951789856,
  "F1_score_class2": 0.9796741604804993,
  "F1_score_class3": 0.8733413219451904,
  "F1_score_class4": 0.9965310096740723,
  "Precision_class0": 0.9982483983039856,
  "Precision_class1": 0.9011924862861633,
  "Precision_class2": 0.9787520170211792,
  "Precision_class3": 0.870192289352417,
  "Precision_class4": 0.9968454241752625,
  "Recall_class0": 0.9948390126228333,
  "Recall_class1": 0.9537259340286255,
  "Recall_class2": 0.9805982112884521,
  "Recall_class3": 0.8765133023262024,
  "Recall_class4": 0.996216893196106,
  "val_loss": 0.040204741060733795,
  "val_Cat_accuracy": 0.9905136823654175,
  "val_F1_score_class0": 0.9952318668365479,
  "val_F1_score_class1": 0.903474748134613,
  "val_F1_score_class2": 0.9730170965194702,
  "val_F1_score_class3": 0.8507935404777527,
  "val_F1_score_class4": 0.9942159056663513,
  "val_Precision_class0": 0.9946108460426331,
  "val_Precision_class1": 0.9512194991111755,
  "val_Precision_class2": 0.9714285731315613,
  "val_Precision_class3": 0.8374999761581421,
  "val_Precision_class4": 0.9948552846908569,
  "val_Recall_class0": 0.9958536624908447,
  "val_Recall_class1": 0.8602941036224365,
  "val_Recall_class2": 0.9746109843254089,
  "val_Recall_class3": 0.8645161390304565,
  "val_Recall_class4": 0.9935774207115173,
  "epoch": 28,
  "global_step": 3596
}