{
  "loss": 0.23845955729484558,
  "Cat_accuracy": 0.9123306274414062,
  "F1_score_class0": 0.9352481365203857,
  "F1_score_class1": 0.596335768699646,
  "F1_score_class2": 0.8559149503707886,
  "F1_score_class3": 0.3751284182071686,
  "F1_score_class4": 0.9582865834236145,
  "Precision_class0": 0.9957994818687439,
  "Precision_class1": 0.4483802616596222,
  "Precision_class2": 0.8059985637664795,
  "Precision_class3": 0.2380952388048172,
  "Precision_class4": 0.9308500289916992,
  "Recall_class0": 0.8816386461257935,
  "Recall_class1": 0.8900240659713745,
  "Recall_class2": 0.9124225378036499,
  "Recall_class3": 0.8837772607803345,
  "Recall_class4": 0.9873896837234497,
  "val_loss": 0.28020885586738586,
  "val_Cat_accuracy": 0.9277142882347107,
  "val_F1_score_class0": 0.9498100876808167,
  "val_F1_score_class1": 0.5776172876358032,
  "val_F1_score_class2": 0.8678787350654602,
  "val_F1_score_class3": 0.5392354130744934,
  "val_F1_score_class4": 0.9617314338684082,
  "val_Precision_class0": 0.9940394759178162,
  "val_Precision_class1": 0.42933809757232666,
  "val_Precision_class2": 0.8564593195915222,
  "val_Precision_class3": 0.39181286096572876,
  "val_Precision_class4": 0.9399141669273376,
  "val_Recall_class0": 0.9093490839004517,
  "val_Recall_class1": 0.8823529481887817,
  "val_Recall_class2": 0.8796069025993347,
  "val_Recall_class3": 0.8645161390304565,
  "val_Recall_class4": 0.9845857620239258,
  "epoch": 26,
  "global_step": 837
}