{
  "loss": 0.046146806329488754,
  "Cat_accuracy": 0.9766004085540771,
  "F1_score_class0": 0.9874592423439026,
  "F1_score_class1": 0.7938743233680725,
  "F1_score_class2": 0.9202134013175964,
  "F1_score_class3": 0.756684422492981,
  "F1_score_class4": 0.9803385138511658,
  "Precision_class0": 0.9881065487861633,
  "Precision_class1": 0.8094940781593323,
  "Precision_class2": 0.9349277019500732,
  "Precision_class3": 0.8447760939598083,
  "Precision_class4": 0.9808542132377625,
  "Recall_class0": 0.9868128895759583,
  "Recall_class1": 0.7788461446762085,
  "Recall_class2": 0.9059552550315857,
  "Recall_class3": 0.685230016708374,
  "Recall_class4": 0.9798234701156616,
  "val_loss": 0.08842399716377258,
  "val_Cat_accuracy": 0.9768533706665039,
  "val_F1_score_class0": 0.9881812334060669,
  "val_F1_score_class1": 0.7851561307907104,
  "val_F1_score_class2": 0.9105690121650696,
  "val_F1_score_class3": 0.8054606914520264,
  "val_F1_score_class4": 0.9759845733642578,
  "val_Precision_class0": 0.986196756362915,
  "val_Precision_class1": 0.8374999761581421,
  "val_Precision_class2": 0.9534050226211548,
  "val_Precision_class3": 0.8550724387168884,
  "val_Precision_class4": 0.9731800556182861,
  "val_Recall_class0": 0.9901738166809082,
  "val_Recall_class1": 0.7389705777168274,
  "val_Recall_class2": 0.8714168667793274,
  "val_Recall_class3": 0.7612903118133545,
  "val_Recall_class4": 0.978805422782898,
  "epoch": 29,
  "global_step": 930
}