{
  "loss": 0.02143544703722,
  "Cat_accuracy": 0.9937232136726379,
  "F1_score_class0": 0.997174859046936,
  "F1_score_class1": 0.9299007058143616,
  "F1_score_class2": 0.9831739664077759,
  "F1_score_class3": 0.8534371256828308,
  "F1_score_class4": 0.9978973269462585,
  "Precision_class0": 0.9964193105697632,
  "Precision_class1": 0.9608974456787109,
  "Precision_class2": 0.9822485446929932,
  "Precision_class3": 0.9189944267272949,
  "Precision_class4": 0.9983171820640564,
  "Recall_class0": 0.9979317784309387,
  "Recall_class1": 0.9008413553237915,
  "Recall_class2": 0.9841012954711914,
  "Recall_class3": 0.7966101765632629,
  "Recall_class4": 0.9974779486656189,
  "val_loss": 0.039692047983407974,
  "val_Cat_accuracy": 0.991509735584259,
  "val_F1_score_class0": 0.9956296682357788,
  "val_F1_score_class1": 0.9180951714515686,
  "val_F1_score_class2": 0.9775601029396057,
  "val_F1_score_class3": 0.838487982749939,
  "val_F1_score_class4": 0.9941973090171814,
  "val_Precision_class0": 0.9948956370353699,
  "val_Precision_class1": 0.9525691866874695,
  "val_Precision_class2": 0.9739837646484375,
  "val_Precision_class3": 0.8970588445663452,
  "val_Precision_class4": 0.9980582594871521,
  "val_Recall_class0": 0.9963648915290833,
  "val_Recall_class1": 0.8860294222831726,
  "val_Recall_class2": 0.981162965297699,
  "val_Recall_class3": 0.7870967984199524,
  "val_Recall_class4": 0.9903661012649536,
  "epoch": 25,
  "global_step": 6448
}