{
  "Cat_accuracy": 0.9512561559677124,
  "F1_score_class0": 0.9803282022476196,
  "F1_score_class1": 0.0,
  "F1_score_class2": 0.8484523296356201,
  "F1_score_class3": 0.0,
  "F1_score_class4": 0.9435171484947205,
  "Precision_class0": 0.9681215286254883,
  "Precision_class1": 0.0,
  "Precision_class2": 0.8438166379928589,
  "Precision_class3": 0.0,
  "Precision_class4": 0.9951037764549255,
  "Recall_class0": 0.9928467273712158,
  "Recall_class1": 0.0,
  "Recall_class2": 0.853139340877533,
  "Recall_class3": 0.0,
  "Recall_class4": 0.8970155715942383,
  "loss": 0.1922236680984497,
  "val_Cat_accuracy": 0.9569321274757385,
  "val_F1_score_class0": 0.983014702796936,
  "val_F1_score_class1": 0.0,
  "val_F1_score_class2": 0.8856087327003479,
  "val_F1_score_class3": 0.0,
  "val_F1_score_class4": 0.949848473072052,
  "val_Precision_class0": 0.9703408479690552,
  "val_Precision_class1": 0.0,
  "val_Precision_class2": 0.8866994976997375,
  "val_Precision_class3": 0.0,
  "val_Precision_class4": 0.99787837266922,
  "val_Recall_class0": 0.9960240721702576,
  "val_Recall_class1": 0.0,
  "val_Recall_class2": 0.8845208883285522,
  "val_Recall_class3": 0.0,
  "val_Recall_class4": 0.9062299132347107,
  "val_loss": 0.16992737352848053,
  "epoch": 29,
  "global_step": 480
}