{
  "Cat_accuracy": 0.9832408428192139,
  "F1_score_class0": 0.992301881313324,
  "F1_score_class1": 0.8192852139472961,
  "F1_score_class2": 0.9501633048057556,
  "F1_score_class3": 0.5814695954322815,
  "F1_score_class4": 0.9857157468795776,
  "Precision_class0": 0.9879626631736755,
  "Precision_class1": 0.9331797361373901,
  "Precision_class2": 0.9603633284568787,
  "Precision_class3": 0.8544601202011108,
  "Precision_class4": 0.9925420880317688,
  "Recall_class0": 0.9966794848442078,
  "Recall_class1": 0.7301682829856873,
  "Recall_class2": 0.940177857875824,
  "Recall_class3": 0.4406779706478119,
  "Recall_class4": 0.9789827466011047,
  "loss": 0.06100136414170265,
  "val_Cat_accuracy": 0.9814542531967163,
  "val_F1_score_class0": 0.99115389585495,
  "val_F1_score_class1": 0.7902541756629944,
  "val_F1_score_class2": 0.945199728012085,
  "val_F1_score_class3": 0.615384578704834,
  "val_F1_score_class4": 0.9855165481567383,
  "val_Precision_class0": 0.9863868951797485,
  "val_Precision_class1": 0.9325000047683716,
  "val_Precision_class2": 0.951077938079834,
  "val_Precision_class3": 0.9113923907279968,
  "val_Precision_class4": 0.9877419471740723,
  "val_Recall_class0": 0.9959672689437866,
  "val_Recall_class1": 0.685661792755127,
  "val_Recall_class2": 0.939393937587738,
  "val_Recall_class3": 0.46451613306999207,
  "val_Recall_class4": 0.9833012223243713,
  "val_loss": 0.06904127448797226,
  "epoch": 29,
  "global_step": 930
}