{
  "loss": 0.043540146201848984,
  "Cat_accuracy": 0.9883318543434143,
  "F1_score_class0": 0.9940794706344604,
  "F1_score_class1": 0.8538512587547302,
  "F1_score_class2": 0.9717146158218384,
  "F1_score_class3": 0.781382143497467,
  "F1_score_class4": 0.9956890940666199,
  "Precision_class0": 0.9910052418708801,
  "Precision_class1": 0.9439592361450195,
  "Precision_class2": 0.9760739803314209,
  "Precision_class3": 0.9358108043670654,
  "Precision_class4": 0.996212899684906,
  "Recall_class0": 0.9971728324890137,
  "Recall_class1": 0.7794471383094788,
  "Recall_class2": 0.967394232749939,
  "Recall_class3": 0.6707021594047546,
  "Recall_class4": 0.9951660633087158,
  "val_loss": 0.059240229427814484,
  "val_Cat_accuracy": 0.9862448573112488,
  "val_F1_score_class0": 0.9926717877388,
  "val_F1_score_class1": 0.8411405086517334,
  "val_F1_score_class2": 0.9658856987953186,
  "val_F1_score_class3": 0.7999999523162842,
  "val_F1_score_class4": 0.9919328093528748,
  "val_Precision_class0": 0.9890060424804688,
  "val_Precision_class1": 0.9429223537445068,
  "val_Precision_class2": 0.9694719314575195,
  "val_Precision_class3": 0.8769230842590332,
  "val_Precision_class4": 0.996757447719574,
  "val_Recall_class0": 0.9963648915290833,
  "val_Recall_class1": 0.7591911554336548,
  "val_Recall_class2": 0.9623259902000427,
  "val_Recall_class3": 0.7354838848114014,
  "val_Recall_class4": 0.9871547818183899,
  "epoch": 29,
  "global_step": 480
}