{
  "Cat_accuracy": 0.9991699457168579,
  "F1_score_class0": 0.9997064471244812,
  "F1_score_class1": 0.9927616119384766,
  "F1_score_class2": 0.9967021346092224,
  "F1_score_class3": 0.9725399613380432,
  "F1_score_class4": 0.9997043609619141,
  "Precision_class0": 0.9998399019241333,
  "Precision_class1": 0.9894561767578125,
  "Precision_class2": 0.9972081184387207,
  "Precision_class3": 0.963718831539154,
  "Precision_class4": 1.0,
  "Recall_class0": 0.9995731115341187,
  "Recall_class1": 0.9960893988609314,
  "Recall_class2": 0.9961967468261719,
  "Recall_class3": 0.9815242290496826,
  "Recall_class4": 0.9994089603424072,
  "loss": 0.0014732684940099716,
  "val_Cat_accuracy": 0.9919962286949158,
  "val_F1_score_class0": 0.9958084225654602,
  "val_F1_score_class1": 0.9108203649520874,
  "val_F1_score_class2": 0.9782717823982239,
  "val_F1_score_class3": 0.9071428179740906,
  "val_F1_score_class4": 0.9967688918113708,
  "val_Precision_class0": 0.9965872764587402,
  "val_Precision_class1": 0.9054373502731323,
  "val_Precision_class2": 0.9767911434173584,
  "val_Precision_class3": 0.8758620619773865,
  "val_Precision_class4": 0.9975748062133789,
  "val_Recall_class0": 0.9950308799743652,
  "val_Recall_class1": 0.9162679314613342,
  "val_Recall_class2": 0.9797570705413818,
  "val_Recall_class3": 0.9407407641410828,
  "val_Recall_class4": 0.9959644675254822,
  "val_loss": 0.049992844462394714,
  "epoch": 3,
  "global_step": 132
}