{
  "loss": 0.0375923328101635,
  "Cat_accuracy": 0.9890275001525879,
  "F1_score_class0": 0.9944901466369629,
  "F1_score_class1": 0.882221519947052,
  "F1_score_class2": 0.9627320766448975,
  "F1_score_class3": 0.8282289505004883,
  "F1_score_class4": 0.9972659945487976,
  "Precision_class0": 0.992385745048523,
  "Precision_class1": 0.9407760500907898,
  "Precision_class2": 0.9683751463890076,
  "Precision_class3": 0.9201183319091797,
  "Precision_class4": 0.9978955984115601,
  "Recall_class0": 0.9966036081314087,
  "Recall_class1": 0.8305288553237915,
  "Recall_class2": 0.957154393196106,
  "Recall_class3": 0.7530266046524048,
  "Recall_class4": 0.996637225151062,
  "val_loss": 0.06891738623380661,
  "val_Cat_accuracy": 0.9835412502288818,
  "val_F1_score_class0": 0.9914485216140747,
  "val_F1_score_class1": 0.8264793753623962,
  "val_F1_score_class2": 0.9459793567657471,
  "val_F1_score_class3": 0.8227424025535583,
  "val_F1_score_class4": 0.9900031089782715,
  "val_Precision_class0": 0.9885375499725342,
  "val_Precision_class1": 0.9094922542572021,
  "val_Precision_class2": 0.9526578187942505,
  "val_Precision_class3": 0.8541666865348816,
  "val_Precision_class4": 0.9941709637641907,
  "val_Recall_class0": 0.9943768978118896,
  "val_Recall_class1": 0.7573529481887817,
  "val_Recall_class2": 0.939393937587738,
  "val_Recall_class3": 0.7935484051704407,
  "val_Recall_class4": 0.9858702421188354,
  "epoch": 22,
  "global_step": 5704
}