{
  "Cat_accuracy": 0.9897231459617615,
  "F1_score_class0": 0.9950492978096008,
  "F1_score_class1": 0.887604296207428,
  "F1_score_class2": 0.9726805090904236,
  "F1_score_class3": 0.7768594026565552,
  "F1_score_class4": 0.9948393702507019,
  "Precision_class0": 0.9928220510482788,
  "Precision_class1": 0.9531034231185913,
  "Precision_class2": 0.9763779640197754,
  "Precision_class3": 0.9009584784507751,
  "Precision_class4": 0.997044563293457,
  "Recall_class0": 0.9972866773605347,
  "Recall_class1": 0.8305288553237915,
  "Recall_class2": 0.9690110683441162,
  "Recall_class3": 0.6828086972236633,
  "Recall_class4": 0.9926439523696899,
  "loss": 0.037461113184690475,
  "val_Cat_accuracy": 0.9863396883010864,
  "val_F1_score_class0": 0.9931416511535645,
  "val_F1_score_class1": 0.8602362275123596,
  "val_F1_score_class2": 0.96003258228302,
  "val_F1_score_class3": 0.7527674436569214,
  "val_F1_score_class4": 0.9913322329521179,
  "val_Precision_class0": 0.9910633563995361,
  "val_Precision_class1": 0.9258474707603455,
  "val_Precision_class2": 0.956133246421814,
  "val_Precision_class3": 0.8793103694915771,
  "val_Precision_class4": 0.9910141229629517,
  "val_Recall_class0": 0.9952288866043091,
  "val_Recall_class1": 0.8033088445663452,
  "val_Recall_class2": 0.9639639854431152,
  "val_Recall_class3": 0.6580645442008972,
  "val_Recall_class4": 0.9916505813598633,
  "val_loss": 0.056335486471652985,
  "epoch": 22,
  "global_step": 2852
}