{
  "loss": 0.02565848082304001,
  "Cat_accuracy": 0.9929959177970886,
  "F1_score_class0": 0.9966564774513245,
  "F1_score_class1": 0.9229809641838074,
  "F1_score_class2": 0.9816314578056335,
  "F1_score_class3": 0.8213332891464233,
  "F1_score_class4": 0.9981071949005127,
  "Precision_class0": 0.9950448274612427,
  "Precision_class1": 0.9591704607009888,
  "Precision_class2": 0.9840238094329834,
  "Precision_class3": 0.9139465689659119,
  "Precision_class4": 0.9987373948097229,
  "Recall_class0": 0.9982733726501465,
  "Recall_class1": 0.8894230723381042,
  "Recall_class2": 0.9792508482933044,
  "Recall_class3": 0.7457627058029175,
  "Recall_class4": 0.9974779486656189,
  "val_loss": 0.05338910594582558,
  "val_Cat_accuracy": 0.988616406917572,
  "val_F1_score_class0": 0.9939334988594055,
  "val_F1_score_class1": 0.8850574493408203,
  "val_F1_score_class2": 0.9687756299972534,
  "val_F1_score_class3": 0.8231291770935059,
  "val_F1_score_class4": 0.9916074275970459,
  "val_Precision_class0": 0.9921335577964783,
  "val_Precision_class1": 0.9240000247955322,
  "val_Precision_class2": 0.9719703197479248,
  "val_Precision_class3": 0.8705036044120789,
  "val_Precision_class4": 0.9967553615570068,
  "val_Recall_class0": 0.9957401156425476,
  "val_Recall_class1": 0.8492646813392639,
  "val_Recall_class2": 0.9656019806861877,
  "val_Recall_class3": 0.7806451320648193,
  "val_Recall_class4": 0.9865125417709351,
  "epoch": 29,
  "global_step": 930
}