{
  "loss": 0.15515920519828796,
  "Cat_accuracy": 0.9607266783714294,
  "F1_score_class0": 0.9833582639694214,
  "F1_score_class1": 0.3942180573940277,
  "F1_score_class2": 0.8999863266944885,
  "F1_score_class3": 0.0,
  "F1_score_class4": 0.9478557705879211,
  "Precision_class0": 0.9751660823822021,
  "Precision_class1": 0.7269790172576904,
  "Precision_class2": 0.909015953540802,
  "Precision_class3": 0.0,
  "Precision_class4": 0.996753990650177,
  "Recall_class0": 0.9916892647743225,
  "Recall_class1": 0.2704326808452606,
  "Recall_class2": 0.8911344408988953,
  "Recall_class3": 0.0,
  "Recall_class4": 0.9035308957099915,
  "val_loss": 0.13156986236572266,
  "val_Cat_accuracy": 0.9679836630821228,
  "val_F1_score_class0": 0.9868446588516235,
  "val_F1_score_class1": 0.6417909860610962,
  "val_F1_score_class2": 0.921560525894165,
  "val_F1_score_class3": 0.0,
  "val_F1_score_class4": 0.9519972801208496,
  "val_Precision_class0": 0.9789302945137024,
  "val_Precision_class1": 0.7639594078063965,
  "val_Precision_class2": 0.9242174625396729,
  "val_Precision_class3": 0.0,
  "val_Precision_class4": 0.997187077999115,
  "val_Recall_class0": 0.9948881268501282,
  "val_Recall_class1": 0.5533088445663452,
  "val_Recall_class2": 0.9189189076423645,
  "val_Recall_class3": 0.0,
  "val_Recall_class4": 0.9107257723808289,
  "epoch": 29,
  "global_step": 930
}