{
  "loss": 0.04470326378941536,
  "Cat_accuracy": 0.9784344434738159,
  "F1_score_class0": 0.9891730546951294,
  "F1_score_class1": 0.8049516081809998,
  "F1_score_class2": 0.9488025307655334,
  "F1_score_class3": 0.5538846850395203,
  "F1_score_class4": 0.9824782609939575,
  "Precision_class0": 0.9911044239997864,
  "Precision_class1": 0.8088592290878296,
  "Precision_class2": 0.9696202278137207,
  "Precision_class3": 0.5740259885787964,
  "Precision_class4": 0.9868532419204712,
  "Recall_class0": 0.9872493147850037,
  "Recall_class1": 0.8010817170143127,
  "Recall_class2": 0.9288601279258728,
  "Recall_class3": 0.5351089835166931,
  "Recall_class4": 0.9781420826911926,
  "val_loss": 0.06008637323975563,
  "val_Cat_accuracy": 0.9840155839920044,
  "val_F1_score_class0": 0.992513120174408,
  "val_F1_score_class1": 0.8295565843582153,
  "val_F1_score_class2": 0.9570295214653015,
  "val_F1_score_class3": 0.6666666269302368,
  "val_F1_score_class4": 0.9938886761665344,
  "val_Precision_class0": 0.9911078214645386,
  "val_Precision_class1": 0.893842875957489,
  "val_Precision_class2": 0.9753401279449463,
  "val_Precision_class3": 0.6337209343910217,
  "val_Precision_class4": 0.9954897165298462,
  "val_Recall_class0": 0.9939225316047668,
  "val_Recall_class1": 0.7738970518112183,
  "val_Recall_class2": 0.939393937587738,
  "val_Recall_class3": 0.7032257914543152,
  "val_Recall_class4": 0.9922928810119629,
  "epoch": 26,
  "global_step": 3348
}