{
  "loss": 0.03415870666503906,
  "Cat_accuracy": 0.990497887134552,
  "F1_score_class0": 0.9954471588134766,
  "F1_score_class1": 0.8964420557022095,
  "F1_score_class2": 0.976756751537323,
  "F1_score_class3": 0.7727890014648438,
  "F1_score_class4": 0.9954750537872314,
  "Precision_class0": 0.9931628704071045,
  "Precision_class1": 0.9508086442947388,
  "Precision_class2": 0.9796692728996277,
  "Precision_class3": 0.8819875717163086,
  "Precision_class4": 0.9968387484550476,
  "Recall_class0": 0.9977420568466187,
  "Recall_class1": 0.8479567170143127,
  "Recall_class2": 0.9738615155220032,
  "Recall_class3": 0.6876513361930847,
  "Recall_class4": 0.9941151738166809,
  "val_loss": 0.053029321134090424,
  "val_Cat_accuracy": 0.9868614673614502,
  "val_F1_score_class0": 0.9933292865753174,
  "val_F1_score_class1": 0.8702289462089539,
  "val_F1_score_class2": 0.9614604115486145,
  "val_F1_score_class3": 0.7769783735275269,
  "val_F1_score_class4": 0.9907079935073853,
  "val_Precision_class0": 0.9928502440452576,
  "val_Precision_class1": 0.9047619104385376,
  "val_Precision_class2": 0.9525723457336426,
  "val_Precision_class3": 0.8780487775802612,
  "val_Precision_class4": 0.9884910583496094,
  "val_Recall_class0": 0.993808925151825,
  "val_Recall_class1": 0.8382353186607361,
  "val_Recall_class2": 0.9705159664154053,
  "val_Recall_class3": 0.6967741847038269,
  "val_Recall_class4": 0.9929351210594177,
  "epoch": 29,
  "global_step": 480
}