{
  "loss": 0.07005433738231659,
  "Cat_accuracy": 0.9810906052589417,
  "F1_score_class0": 0.9907207489013672,
  "F1_score_class1": 0.7705982327461243,
  "F1_score_class2": 0.9436945915222168,
  "F1_score_class3": 0.6356589198112488,
  "F1_score_class4": 0.990203320980072,
  "Precision_class0": 0.986785888671875,
  "Precision_class1": 0.8937351107597351,
  "Precision_class2": 0.9550220966339111,
  "Precision_class3": 0.8836206793785095,
  "Precision_class4": 0.9926082491874695,
  "Recall_class0": 0.9946871995925903,
  "Recall_class1": 0.6772836446762085,
  "Recall_class2": 0.9326326847076416,
  "Recall_class3": 0.49636805057525635,
  "Recall_class4": 0.9878100156784058,
  "val_loss": 0.061867374926805496,
  "val_Cat_accuracy": 0.9827349185943604,
  "val_F1_score_class0": 0.9910686016082764,
  "val_F1_score_class1": 0.7968126535415649,
  "val_F1_score_class2": 0.9568788409233093,
  "val_F1_score_class3": 0.7265917062759399,
  "val_F1_score_class4": 0.9887350797653198,
  "val_Precision_class0": 0.9894695281982422,
  "val_Precision_class1": 0.8695651888847351,
  "val_Precision_class2": 0.9596375823020935,
  "val_Precision_class3": 0.8660714030265808,
  "val_Precision_class4": 0.9909677505493164,
  "val_Recall_class0": 0.9926729798316956,
  "val_Recall_class1": 0.7352941036224365,
  "val_Recall_class2": 0.9541359543800354,
  "val_Recall_class3": 0.625806450843811,
  "val_Recall_class4": 0.9865125417709351,
  "epoch": 29,
  "global_step": 480
}