{
  "loss": 0.07942433655261993,
  "Cat_accuracy": 0.9569004774093628,
  "F1_score_class0": 0.9779384732246399,
  "F1_score_class1": 0.6208741664886475,
  "F1_score_class2": 0.8442057967185974,
  "F1_score_class3": 0.5402297973632812,
  "F1_score_class4": 0.9716460704803467,
  "Precision_class0": 0.9840729832649231,
  "Precision_class1": 0.614479124546051,
  "Precision_class2": 0.8627285361289978,
  "Precision_class3": 0.6643109321594238,
  "Precision_class4": 0.9782701134681702,
  "Recall_class0": 0.9718801379203796,
  "Recall_class1": 0.6274038553237915,
  "Recall_class2": 0.8264618515968323,
  "Recall_class3": 0.4552057981491089,
  "Recall_class4": 0.9651113748550415,
  "val_loss": 0.10875819623470306,
  "val_Cat_accuracy": 0.9698809385299683,
  "val_F1_score_class0": 0.9847931861877441,
  "val_F1_score_class1": 0.706225574016571,
  "val_F1_score_class2": 0.8838950991630554,
  "val_F1_score_class3": 0.6978417038917542,
  "val_F1_score_class4": 0.9768487811088562,
  "val_Precision_class0": 0.9874928593635559,
  "val_Precision_class1": 0.75,
  "val_Precision_class2": 0.8984771370887756,
  "val_Precision_class3": 0.7886179089546204,
  "val_Precision_class4": 0.9781069159507751,
  "val_Recall_class0": 0.9821083545684814,
  "val_Recall_class1": 0.6672794222831726,
  "val_Recall_class2": 0.8697788715362549,
  "val_Recall_class3": 0.625806450843811,
  "val_Recall_class4": 0.9755941033363342,
  "epoch": 28,
  "global_step": 899
}