{
  "loss": 0.027506250888109207,
  "Cat_accuracy": 0.9851539134979248,
  "F1_score_class0": 0.9919891953468323,
  "F1_score_class1": 0.8513673543930054,
  "F1_score_class2": 0.9546430110931396,
  "F1_score_class3": 0.8320801258087158,
  "F1_score_class4": 0.9936974048614502,
  "Precision_class0": 0.9936227202415466,
  "Precision_class1": 0.8423529267311096,
  "Precision_class2": 0.9508152604103088,
  "Precision_class3": 0.8623376488685608,
  "Precision_class4": 0.9932801127433777,
  "Recall_class0": 0.9903610944747925,
  "Recall_class1": 0.8605769276618958,
  "Recall_class2": 0.9585017561912537,
  "Recall_class3": 0.8038740754127502,
  "Recall_class4": 0.9941151738166809,
  "val_loss": 0.06654173880815506,
  "val_Cat_accuracy": 0.9832091927528381,
  "val_F1_score_class0": 0.9908084869384766,
  "val_F1_score_class1": 0.8515769839286804,
  "val_F1_score_class2": 0.9377350211143494,
  "val_F1_score_class3": 0.8410595655441284,
  "val_F1_score_class4": 0.9890393018722534,
  "val_Precision_class0": 0.9897415637969971,
  "val_Precision_class1": 0.8595505356788635,
  "val_Precision_class2": 0.9573378562927246,
  "val_Precision_class3": 0.8639456033706665,
  "val_Precision_class4": 0.9928802847862244,
  "val_Recall_class0": 0.9918777942657471,
  "val_Recall_class1": 0.84375,
  "val_Recall_class2": 0.9189189076423645,
  "val_Recall_class3": 0.8193548321723938,
  "val_Recall_class4": 0.9852280020713806,
  "epoch": 7,
  "global_step": 1984
}