{
  "loss": 0.010404831729829311,
  "Cat_accuracy": 0.9940394163131714,
  "F1_score_class0": 0.9971612095832825,
  "F1_score_class1": 0.9427728056907654,
  "F1_score_class2": 0.9843496680259705,
  "F1_score_class3": 0.8567869663238525,
  "F1_score_class4": 0.9974778890609741,
  "Precision_class0": 0.9979097247123718,
  "Precision_class1": 0.9258400797843933,
  "Precision_class2": 0.985679566860199,
  "Precision_class3": 0.8820512890815735,
  "Precision_class4": 0.9974779486656189,
  "Recall_class0": 0.9964138865470886,
  "Recall_class1": 0.9603365659713745,
  "Recall_class2": 0.983023464679718,
  "Recall_class3": 0.832929790019989,
  "Recall_class4": 0.9974779486656189,
  "val_loss": 0.03608718141913414,
  "val_Cat_accuracy": 0.9904662370681763,
  "val_F1_score_class0": 0.9952525496482849,
  "val_F1_score_class1": 0.9113923907279968,
  "val_F1_score_class2": 0.9697465300559998,
  "val_F1_score_class3": 0.8589742183685303,
  "val_F1_score_class4": 0.9955012202262878,
  "val_Precision_class0": 0.9962438344955444,
  "val_Precision_class1": 0.8967971801757812,
  "val_Precision_class2": 0.968163251876831,
  "val_Precision_class3": 0.8535031676292419,
  "val_Precision_class4": 0.9961414933204651,
  "val_Recall_class0": 0.9942632913589478,
  "val_Recall_class1": 0.9264705777168274,
  "val_Recall_class2": 0.9713349938392639,
  "val_Recall_class3": 0.8645161390304565,
  "val_Recall_class4": 0.994861900806427,
  "epoch": 29,
  "global_step": 1860
}