{
  "Cat_accuracy": 0.9918575882911682,
  "F1_score_class0": 0.9960787296295166,
  "F1_score_class1": 0.9180843830108643,
  "F1_score_class2": 0.9770641326904297,
  "F1_score_class3": 0.8149133920669556,
  "F1_score_class4": 0.9960058331489563,
  "Precision_class0": 0.9944398999214172,
  "Precision_class1": 0.9649006724357605,
  "Precision_class2": 0.9783841967582703,
  "Precision_class3": 0.9053254723548889,
  "Precision_class4": 0.996215283870697,
  "Recall_class0": 0.9977231025695801,
  "Recall_class1": 0.8756009340286255,
  "Recall_class2": 0.9757477641105652,
  "Recall_class3": 0.7409201264381409,
  "Recall_class4": 0.9957965612411499,
  "loss": 0.029234277084469795,
  "val_Cat_accuracy": 0.9878575205802917,
  "val_F1_score_class0": 0.9939056634902954,
  "val_F1_score_class1": 0.8766859173774719,
  "val_F1_score_class2": 0.9648404717445374,
  "val_F1_score_class3": 0.7915193438529968,
  "val_F1_score_class4": 0.9919432401657104,
  "val_Precision_class0": 0.9920217394828796,
  "val_Precision_class1": 0.9210526347160339,
  "val_Precision_class2": 0.9632652997970581,
  "val_Precision_class3": 0.875,
  "val_Precision_class4": 0.9954721927642822,
  "val_Recall_class0": 0.9957968592643738,
  "val_Recall_class1": 0.8363970518112183,
  "val_Recall_class2": 0.9664209485054016,
  "val_Recall_class3": 0.7225806713104248,
  "val_Recall_class4": 0.9884393215179443,
  "val_loss": 0.051072858273983,
  "epoch": 21,
  "global_step": 682
}