{
  "Cat_accuracy": 0.9708769917488098,
  "F1_score_class0": 0.9865469336509705,
  "F1_score_class1": 0.6831830739974976,
  "F1_score_class2": 0.9153280258178711,
  "F1_score_class3": 0.0,
  "F1_score_class4": 0.967464804649353,
  "Precision_class0": 0.9783554077148438,
  "Precision_class1": 0.9100000262260437,
  "Precision_class2": 0.9248968362808228,
  "Precision_class3": 0.0,
  "Precision_class4": 0.9890230298042297,
  "Recall_class0": 0.9948769807815552,
  "Recall_class1": 0.546875,
  "Recall_class2": 0.9059552550315857,
  "Recall_class3": 0.0,
  "Recall_class4": 0.9468263983726501,
  "loss": 0.10607604682445526,
  "val_Cat_accuracy": 0.9704501032829285,
  "val_F1_score_class0": 0.9867784380912781,
  "val_F1_score_class1": 0.688147246837616,
  "val_F1_score_class2": 0.9112571477890015,
  "val_F1_score_class3": 0.0,
  "val_F1_score_class4": 0.9653578996658325,
  "val_Precision_class0": 0.9775387644767761,
  "val_Precision_class1": 0.9200000166893005,
  "val_Precision_class2": 0.9142621755599976,
  "val_Precision_class3": 0.0,
  "val_Precision_class4": 0.9925373196601868,
  "val_Recall_class0": 0.9961944818496704,
  "val_Recall_class1": 0.5496323704719543,
  "val_Recall_class2": 0.9082719087600708,
  "val_Recall_class3": 0.0,
  "val_Recall_class4": 0.939627468585968,
  "val_loss": 0.10305947810411453,
  "epoch": 24,
  "global_step": 400
}