{
  "loss": 0.018119029700756073,
  "Cat_accuracy": 0.9899761080741882,
  "F1_score_class0": 0.9947723150253296,
  "F1_score_class1": 0.8899242281913757,
  "F1_score_class2": 0.9775265455245972,
  "F1_score_class3": 0.8443337082862854,
  "F1_score_class4": 0.9960041642189026,
  "Precision_class0": 0.996628999710083,
  "Precision_class1": 0.8632768392562866,
  "Precision_class2": 0.976344108581543,
  "Precision_class3": 0.8692307472229004,
  "Precision_class4": 0.996632993221283,
  "Recall_class0": 0.9929226040840149,
  "Recall_class1": 0.9182692170143127,
  "Recall_class2": 0.9787119626998901,
  "Recall_class3": 0.8208232522010803,
  "Recall_class4": 0.9953762292861938,
  "val_loss": 0.044727664440870285,
  "val_Cat_accuracy": 0.9872409105300903,
  "val_F1_score_class0": 0.9929977655410767,
  "val_F1_score_class1": 0.8604239225387573,
  "val_F1_score_class2": 0.9744213819503784,
  "val_F1_score_class3": 0.8496731519699097,
  "val_F1_score_class4": 0.9926020503044128,
  "val_Precision_class0": 0.9952641725540161,
  "val_Precision_class1": 0.8282312750816345,
  "val_Precision_class2": 0.966183602809906,
  "val_Precision_class3": 0.860927164554596,
  "val_Precision_class4": 0.9942010045051575,
  "val_Recall_class0": 0.9907417893409729,
  "val_Recall_class1": 0.8952205777168274,
  "val_Recall_class2": 0.9828009605407715,
  "val_Recall_class3": 0.8387096524238586,
  "val_Recall_class4": 0.9910083413124084,
  "epoch": 29,
  "global_step": 1860
}