{
  "Cat_accuracy": 0.9949159026145935,
  "F1_score_class0": 0.9972982406616211,
  "F1_score_class1": 0.943256676197052,
  "F1_score_class2": 0.990858256816864,
  "F1_score_class3": 0.9220917820930481,
  "F1_score_class4": 0.9985239505767822,
  "Precision_class0": 0.9999105930328369,
  "Precision_class1": 0.8939469456672668,
  "Precision_class2": 0.9923703074455261,
  "Precision_class3": 0.8571428656578064,
  "Precision_class4": 0.9974444508552551,
  "Recall_class0": 0.9946995973587036,
  "Recall_class1": 0.9983240365982056,
  "Recall_class2": 0.9893509149551392,
  "Recall_class3": 0.9976905584335327,
  "Recall_class4": 0.9996060132980347,
  "loss": 0.01346292719244957,
  "val_Cat_accuracy": 0.989683985710144,
  "val_F1_score_class0": 0.9944479465484619,
  "val_F1_score_class1": 0.8830873370170593,
  "val_F1_score_class2": 0.9752399921417236,
  "val_F1_score_class3": 0.8843536972999573,
  "val_F1_score_class4": 0.9967688918113708,
  "val_Precision_class0": 0.9971451163291931,
  "val_Precision_class1": 0.8401727676391602,
  "val_Precision_class2": 0.9737638831138611,
  "val_Precision_class3": 0.8176100850105286,
  "val_Precision_class4": 0.9975748062133789,
  "val_Recall_class0": 0.9917654395103455,
  "val_Recall_class1": 0.9306219816207886,
  "val_Recall_class2": 0.9767206311225891,
  "val_Recall_class3": 0.9629629850387573,
  "val_Recall_class4": 0.9959644675254822,
  "val_loss": 0.05314267426729202,
  "epoch": 12,
  "global_step": 429
}