{
  "loss": 0.09667930006980896,
  "Cat_accuracy": 0.9464972019195557,
  "F1_score_class0": 0.9661197066307068,
  "F1_score_class1": 0.6498473882675171,
  "F1_score_class2": 0.9481343626976013,
  "F1_score_class3": 0.4284948706626892,
  "F1_score_class4": 0.9857276082038879,
  "Precision_class0": 0.9985017776489258,
  "Precision_class1": 0.4912334680557251,
  "Precision_class2": 0.9313750863075256,
  "Precision_class3": 0.2751031517982483,
  "Precision_class4": 0.977277398109436,
  "Recall_class0": 0.935772180557251,
  "Recall_class1": 0.9597355723381042,
  "Recall_class2": 0.9655079245567322,
  "Recall_class3": 0.9685230255126953,
  "Recall_class4": 0.9943253397941589,
  "val_loss": 0.12490702420473099,
  "val_Cat_accuracy": 0.9621021747589111,
  "val_F1_score_class0": 0.9778560400009155,
  "val_F1_score_class1": 0.6510720252990723,
  "val_F1_score_class2": 0.9419821500778198,
  "val_F1_score_class3": 0.7102271914482117,
  "val_F1_score_class4": 0.9862310886383057,
  "val_Precision_class0": 0.99570232629776,
  "val_Precision_class1": 0.5035175681114197,
  "val_Precision_class2": 0.9270420074462891,
  "val_Precision_class3": 0.6345177888870239,
  "val_Precision_class4": 0.9833971858024597,
  "val_Recall_class0": 0.9606384038925171,
  "val_Recall_class1": 0.9209558963775635,
  "val_Recall_class2": 0.9574119448661804,
  "val_Recall_class3": 0.8064516186714172,
  "val_Recall_class4": 0.9890815615653992,
  "epoch": 23,
  "global_step": 5952
}