{
  "loss": 0.026524795219302177,
  "Cat_accuracy": 0.9923477172851562,
  "F1_score_class0": 0.9963626861572266,
  "F1_score_class1": 0.9183608889579773,
  "F1_score_class2": 0.980810821056366,
  "F1_score_class3": 0.7999999523162842,
  "F1_score_class4": 0.9969521164894104,
  "Precision_class0": 0.994761049747467,
  "Precision_class1": 0.9575994610786438,
  "Precision_class2": 0.9837354421615601,
  "Precision_class3": 0.8830409646034241,
  "Precision_class4": 0.9970569610595703,
  "Recall_class0": 0.9979697465896606,
  "Recall_class1": 0.8822115659713745,
  "Recall_class2": 0.9779035449028015,
  "Recall_class3": 0.7312348484992981,
  "Recall_class4": 0.99684739112854,
  "val_loss": 0.050709523260593414,
  "val_Cat_accuracy": 0.9879997968673706,
  "val_F1_score_class0": 0.9936182498931885,
  "val_F1_score_class1": 0.8726235032081604,
  "val_F1_score_class2": 0.9674796462059021,
  "val_F1_score_class3": 0.804427981376648,
  "val_F1_score_class4": 0.9935649633407593,
  "val_Precision_class0": 0.9923517107963562,
  "val_Precision_class1": 0.9035432934761047,
  "val_Precision_class2": 0.9604519605636597,
  "val_Precision_class3": 0.9396551847457886,
  "val_Precision_class4": 0.9954867959022522,
  "val_Recall_class0": 0.9948881268501282,
  "val_Recall_class1": 0.84375,
  "val_Recall_class2": 0.9746109843254089,
  "val_Recall_class3": 0.7032257914543152,
  "val_Recall_class4": 0.9916505813598633,
  "epoch": 23,
  "global_step": 744
}