{
  "Cat_accuracy": 0.9979544878005981,
  "F1_score_class0": 0.9990922212600708,
  "F1_score_class1": 0.9844960570335388,
  "F1_score_class2": 0.9930140972137451,
  "F1_score_class3": 0.942477822303772,
  "F1_score_class4": 0.9988188743591309,
  "Precision_class0": 0.9997150301933289,
  "Precision_class1": 0.9758507013320923,
  "Precision_class2": 0.9949096441268921,
  "Precision_class3": 0.9044585824012756,
  "Precision_class4": 0.9980330467224121,
  "Recall_class0": 0.9984703660011292,
  "Recall_class1": 0.9932960867881775,
  "Recall_class2": 0.991125762462616,
  "Recall_class3": 0.9838337302207947,
  "Recall_class4": 0.9996060132980347,
  "loss": 0.0028998067136853933,
  "val_Cat_accuracy": 0.9919962286949158,
  "val_F1_score_class0": 0.9959176778793335,
  "val_F1_score_class1": 0.91103196144104,
  "val_F1_score_class2": 0.979674756526947,
  "val_F1_score_class3": 0.8992805480957031,
  "val_F1_score_class4": 0.9955518841743469,
  "val_Precision_class0": 0.9960238337516785,
  "val_Precision_class1": 0.9035294055938721,
  "val_Precision_class2": 0.9836734533309937,
  "val_Precision_class3": 0.8741258978843689,
  "val_Precision_class4": 0.9975689053535461,
  "val_Recall_class0": 0.9958117604255676,
  "val_Recall_class1": 0.9186602830886841,
  "val_Recall_class2": 0.9757084846496582,
  "val_Recall_class3": 0.9259259104728699,
  "val_Recall_class4": 0.9935432076454163,
  "val_loss": 0.044288408011198044,
  "epoch": 3,
  "global_step": 528
}