{
  "loss": 0.13215620815753937,
  "Cat_accuracy": 0.9402520060539246,
  "F1_score_class0": 0.9626675844192505,
  "F1_score_class1": 0.5830708742141724,
  "F1_score_class2": 0.940910279750824,
  "F1_score_class3": 0.4676434099674225,
  "F1_score_class4": 0.9824052453041077,
  "Precision_class0": 0.9975783228874207,
  "Precision_class1": 0.4214189946651459,
  "Precision_class2": 0.9295293092727661,
  "Precision_class3": 0.3126530647277832,
  "Precision_class4": 0.9677814245223999,
  "Recall_class0": 0.9301178455352783,
  "Recall_class1": 0.9459134340286255,
  "Recall_class2": 0.9525734186172485,
  "Recall_class3": 0.9273607730865479,
  "Recall_class4": 0.9974779486656189,
  "val_loss": 0.1011432483792305,
  "val_Cat_accuracy": 0.9705449938774109,
  "val_F1_score_class0": 0.9834469556808472,
  "val_F1_score_class1": 0.7299786806106567,
  "val_F1_score_class2": 0.9503486752510071,
  "val_F1_score_class3": 0.7336682677268982,
  "val_F1_score_class4": 0.9868799448013306,
  "val_Precision_class0": 0.9970813393592834,
  "val_Precision_class1": 0.5940023064613342,
  "val_Precision_class2": 0.9523026347160339,
  "val_Precision_class3": 0.6008230447769165,
  "val_Precision_class4": 0.983418345451355,
  "val_Recall_class0": 0.9701806306838989,
  "val_Recall_class1": 0.9466911554336548,
  "val_Recall_class2": 0.9484029412269592,
  "val_Recall_class3": 0.9419354796409607,
  "val_Recall_class4": 0.9903661012649536,
  "epoch": 27,
  "global_step": 3472
}