{
  "loss": 0.018226787447929382,
  "Cat_accuracy": 0.9947192668914795,
  "F1_score_class0": 0.9975447654724121,
  "F1_score_class1": 0.944240152835846,
  "F1_score_class2": 0.9865337014198303,
  "F1_score_class3": 0.860495388507843,
  "F1_score_class4": 0.9981076121330261,
  "Precision_class0": 0.9967417120933533,
  "Precision_class1": 0.9631249904632568,
  "Precision_class2": 0.9860026836395264,
  "Precision_class3": 0.9322034120559692,
  "Precision_class4": 0.9985275268554688,
  "Recall_class0": 0.9983492493629456,
  "Recall_class1": 0.9260817170143127,
  "Recall_class2": 0.9870654940605164,
  "Recall_class3": 0.7990314960479736,
  "Recall_class4": 0.9976881146430969,
  "val_loss": 0.030255906283855438,
  "val_Cat_accuracy": 0.9920315146446228,
  "val_F1_score_class0": 0.9958562850952148,
  "val_F1_score_class1": 0.9275634288787842,
  "val_F1_score_class2": 0.9771800637245178,
  "val_F1_score_class3": 0.8491227626800537,
  "val_F1_score_class4": 0.9948750138282776,
  "val_Precision_class0": 0.9952348470687866,
  "val_Precision_class1": 0.949903666973114,
  "val_Precision_class2": 0.9724249839782715,
  "val_Precision_class3": 0.9307692050933838,
  "val_Precision_class4": 0.9923322796821594,
  "val_Recall_class0": 0.9964784979820251,
  "val_Recall_class1": 0.90625,
  "val_Recall_class2": 0.9819819927215576,
  "val_Recall_class3": 0.7806451320648193,
  "val_Recall_class4": 0.9974309802055359,
  "epoch": 30,
  "global_step": 1922
}