{
  "loss": 0.07476910948753357,
  "Cat_accuracy": 0.9796518683433533,
  "F1_score_class0": 0.9904866814613342,
  "F1_score_class1": 0.7647461891174316,
  "F1_score_class2": 0.9285027980804443,
  "F1_score_class3": 0.5814306735992432,
  "F1_score_class4": 0.9910477995872498,
  "Precision_class0": 0.986321747303009,
  "Precision_class1": 0.8905750513076782,
  "Precision_class2": 0.9460290670394897,
  "Precision_class3": 0.7827869057655334,
  "Precision_class4": 0.9932446479797363,
  "Recall_class0": 0.9946871995925903,
  "Recall_class1": 0.6700721383094788,
  "Recall_class2": 0.9116141200065613,
  "Recall_class3": 0.4624697268009186,
  "Recall_class4": 0.9888608455657959,
  "val_loss": 0.06659401953220367,
  "val_Cat_accuracy": 0.9825451970100403,
  "val_F1_score_class0": 0.9910998940467834,
  "val_F1_score_class1": 0.802534282207489,
  "val_F1_score_class2": 0.9434120655059814,
  "val_F1_score_class3": 0.7758006453514099,
  "val_F1_score_class4": 0.9896906614303589,
  "val_Precision_class0": 0.9860572218894958,
  "val_Precision_class1": 0.9429280161857605,
  "val_Precision_class2": 0.9738448262214661,
  "val_Precision_class3": 0.8650793433189392,
  "val_Precision_class4": 0.9928894639015198,
  "val_Recall_class0": 0.9961944818496704,
  "val_Recall_class1": 0.6985294222831726,
  "val_Recall_class2": 0.9148238897323608,
  "val_Recall_class3": 0.7032257914543152,
  "val_Recall_class4": 0.9865125417709351,
  "epoch": 28,
  "global_step": 3596
}