{
  "loss": 0.008739977143704891,
  "Cat_accuracy": 0.9970592260360718,
  "F1_score_class0": 0.9988427758216858,
  "F1_score_class1": 0.9724659323692322,
  "F1_score_class2": 0.9904505610466003,
  "F1_score_class3": 0.913857638835907,
  "F1_score_class4": 0.9987388849258423,
  "Precision_class0": 0.9985966086387634,
  "Precision_class1": 0.979280948638916,
  "Precision_class2": 0.9887217879295349,
  "Precision_class3": 0.9432989954948425,
  "Precision_class4": 0.9987389445304871,
  "Recall_class0": 0.999089241027832,
  "Recall_class1": 0.965745210647583,
  "Recall_class2": 0.9921854138374329,
  "Recall_class3": 0.8861985206604004,
  "Recall_class4": 0.9987389445304871,
  "val_loss": 0.028931552544236183,
  "val_Cat_accuracy": 0.9930750131607056,
  "val_F1_score_class0": 0.996478796005249,
  "val_F1_score_class1": 0.9381347298622131,
  "val_F1_score_class2": 0.9784814119338989,
  "val_F1_score_class3": 0.8631578087806702,
  "val_F1_score_class4": 0.9964640736579895,
  "val_Precision_class0": 0.9963657259941101,
  "val_Precision_class1": 0.9424861073493958,
  "val_Precision_class2": 0.9702093601226807,
  "val_Precision_class3": 0.9461538195610046,
  "val_Precision_class4": 0.9974259734153748,
  "val_Recall_class0": 0.9965920448303223,
  "val_Recall_class1": 0.9338235259056091,
  "val_Recall_class2": 0.9868959784507751,
  "val_Recall_class3": 0.7935484051704407,
  "val_Recall_class4": 0.9955042004585266,
  "epoch": 29,
  "global_step": 7440
}