{
  "loss": 0.031219827011227608,
  "Cat_accuracy": 0.9841420650482178,
  "F1_score_class0": 0.9914217591285706,
  "F1_score_class1": 0.8404222130775452,
  "F1_score_class2": 0.9485898613929749,
  "F1_score_class3": 0.8206450939178467,
  "F1_score_class4": 0.9942110776901245,
  "Precision_class0": 0.9927326440811157,
  "Precision_class1": 0.8437310457229614,
  "Precision_class2": 0.949999988079071,
  "Precision_class3": 0.8784530162811279,
  "Precision_class4": 0.995783269405365,
  "Recall_class0": 0.9901143908500671,
  "Recall_class1": 0.8371394276618958,
  "Recall_class2": 0.9471840262413025,
  "Recall_class3": 0.7699757814407349,
  "Recall_class4": 0.9926439523696899,
  "val_loss": 0.07851285487413406,
  "val_Cat_accuracy": 0.980505645275116,
  "val_F1_score_class0": 0.9897344708442688,
  "val_F1_score_class1": 0.8072865605354309,
  "val_F1_score_class2": 0.933556079864502,
  "val_F1_score_class3": 0.8160534501075745,
  "val_F1_score_class4": 0.9880913496017456,
  "val_Precision_class0": 0.9882772564888,
  "val_Precision_class1": 0.8436873555183411,
  "val_Precision_class2": 0.953071653842926,
  "val_Precision_class3": 0.8472222089767456,
  "val_Precision_class4": 0.9903225898742676,
  "val_Recall_class0": 0.9911961555480957,
  "val_Recall_class1": 0.7738970518112183,
  "val_Recall_class2": 0.9148238897323608,
  "val_Recall_class3": 0.7870967984199524,
  "val_Recall_class4": 0.9858702421188354,
  "epoch": 29,
  "global_step": 1860
}