{
  "loss": 0.06257496029138565,
  "Cat_accuracy": 0.9710034728050232,
  "F1_score_class0": 0.9859365224838257,
  "F1_score_class1": 0.7460219860076904,
  "F1_score_class2": 0.9242047071456909,
  "F1_score_class3": 0.018957342952489853,
  "F1_score_class4": 0.9697942733764648,
  "Precision_class0": 0.9875130653381348,
  "Precision_class1": 0.7599750757217407,
  "Precision_class2": 0.9494174718856812,
  "Precision_class3": 0.4444444477558136,
  "Precision_class4": 0.9888597726821899,
  "Recall_class0": 0.9843652248382568,
  "Recall_class1": 0.7325721383094788,
  "Recall_class2": 0.9002963900566101,
  "Recall_class3": 0.009685230441391468,
  "Recall_class4": 0.9514501690864563,
  "val_loss": 0.0826590359210968,
  "val_Cat_accuracy": 0.9782289266586304,
  "val_F1_score_class0": 0.9899798035621643,
  "val_F1_score_class1": 0.7954759001731873,
  "val_F1_score_class2": 0.9450271725654602,
  "val_F1_score_class3": 0.0,
  "val_F1_score_class4": 0.9794049263000488,
  "val_Precision_class0": 0.9895023703575134,
  "val_Precision_class1": 0.8162475824356079,
  "val_Precision_class2": 0.9690189361572266,
  "val_Precision_class3": 0.0,
  "val_Precision_class4": 0.9973368644714355,
  "val_Recall_class0": 0.9904577732086182,
  "val_Recall_class1": 0.7757353186607361,
  "val_Recall_class2": 0.9221948981285095,
  "val_Recall_class3": 0.0,
  "val_Recall_class4": 0.9621065855026245,
  "epoch": 29,
  "global_step": 1860
}