{
  "loss": 0.022791001945734024,
  "Cat_accuracy": 0.987904965877533,
  "F1_score_class0": 0.9936838746070862,
  "F1_score_class1": 0.8898782730102539,
  "F1_score_class2": 0.9591808915138245,
  "F1_score_class3": 0.829896867275238,
  "F1_score_class4": 0.9935930371284485,
  "Precision_class0": 0.9948083162307739,
  "Precision_class1": 0.8791788816452026,
  "Precision_class2": 0.9590517282485962,
  "Precision_class3": 0.8870523571968079,
  "Precision_class4": 0.9930716156959534,
  "Recall_class0": 0.9925621151924133,
  "Recall_class1": 0.9008413553237915,
  "Recall_class2": 0.9593101739883423,
  "Recall_class3": 0.7796609997749329,
  "Recall_class4": 0.9941151738166809,
  "val_loss": 0.05717253312468529,
  "val_Cat_accuracy": 0.9855808019638062,
  "val_F1_score_class0": 0.9926720857620239,
  "val_F1_score_class1": 0.879406213760376,
  "val_F1_score_class2": 0.9425193071365356,
  "val_F1_score_class3": 0.8482757806777954,
  "val_F1_score_class4": 0.9890463352203369,
  "val_Precision_class0": 0.9927849173545837,
  "val_Precision_class1": 0.8876404762268066,
  "val_Precision_class2": 0.9383116960525513,
  "val_Precision_class3": 0.9111111164093018,
  "val_Precision_class4": 0.9922430515289307,
  "val_Recall_class0": 0.9925593733787537,
  "val_Recall_class1": 0.8713235259056091,
  "val_Recall_class2": 0.9467649459838867,
  "val_Recall_class3": 0.7935484051704407,
  "val_Recall_class4": 0.9858702421188354,
  "epoch": 28,
  "global_step": 3596
}