{
  "loss": 0.15087802708148956,
  "Cat_accuracy": 0.9435089826583862,
  "F1_score_class0": 0.9633904099464417,
  "F1_score_class1": 0.712857723236084,
  "F1_score_class2": 0.8953142166137695,
  "F1_score_class3": 0.41371798515319824,
  "F1_score_class4": 0.9761829972267151,
  "Precision_class0": 0.9978651404380798,
  "Precision_class1": 0.5730460286140442,
  "Precision_class2": 0.8592665791511536,
  "Precision_class3": 0.266853928565979,
  "Precision_class4": 0.9581056237220764,
  "Recall_class0": 0.9312183260917664,
  "Recall_class1": 0.9429086446762085,
  "Recall_class2": 0.9345189929008484,
  "Recall_class3": 0.9200968742370605,
  "Recall_class4": 0.994955837726593,
  "val_loss": 0.15596693754196167,
  "val_Cat_accuracy": 0.9587819576263428,
  "val_F1_score_class0": 0.9736444354057312,
  "val_F1_score_class1": 0.6985241770744324,
  "val_F1_score_class2": 0.9013751745223999,
  "val_F1_score_class3": 0.7499999403953552,
  "val_F1_score_class4": 0.9787368774414062,
  "val_Precision_class0": 0.9956072568893433,
  "val_Precision_class1": 0.5654152631759644,
  "val_Precision_class2": 0.866314172744751,
  "val_Precision_class3": 0.6585366129875183,
  "val_Precision_class4": 0.9673776626586914,
  "val_Recall_class0": 0.952629804611206,
  "val_Recall_class1": 0.9136029481887817,
  "val_Recall_class2": 0.939393937587738,
  "val_Recall_class3": 0.8709677457809448,
  "val_Recall_class4": 0.9903661012649536,
  "epoch": 23,
  "global_step": 2976
}