{
  "loss": 0.03046282008290291,
  "Cat_accuracy": 0.9916994571685791,
  "F1_score_class0": 0.9958239197731018,
  "F1_score_class1": 0.9035115242004395,
  "F1_score_class2": 0.9799891114234924,
  "F1_score_class3": 0.819892406463623,
  "F1_score_class4": 0.9974768161773682,
  "Precision_class0": 0.993969738483429,
  "Precision_class1": 0.9539077877998352,
  "Precision_class2": 0.9834464192390442,
  "Precision_class3": 0.921450138092041,
  "Precision_class4": 0.9978964924812317,
  "Recall_class0": 0.9976851344108582,
  "Recall_class1": 0.8581730723381042,
  "Recall_class2": 0.9765561819076538,
  "Recall_class3": 0.7384988069534302,
  "Recall_class4": 0.9970576167106628,
  "val_loss": 0.05243895202875137,
  "val_Cat_accuracy": 0.9881895184516907,
  "val_F1_score_class0": 0.9936438798904419,
  "val_F1_score_class1": 0.8816168904304504,
  "val_F1_score_class2": 0.9678991436958313,
  "val_F1_score_class3": 0.8163264393806458,
  "val_F1_score_class4": 0.9938846826553345,
  "val_Precision_class0": 0.9927988052368164,
  "val_Precision_class1": 0.9252524971961975,
  "val_Precision_class2": 0.9604838490486145,
  "val_Precision_class3": 0.8633093237876892,
  "val_Precision_class4": 0.996129035949707,
  "val_Recall_class0": 0.9944905042648315,
  "val_Recall_class1": 0.841911792755127,
  "val_Recall_class2": 0.9754299521446228,
  "val_Recall_class3": 0.774193525314331,
  "val_Recall_class4": 0.9916505813598633,
  "epoch": 12,
  "global_step": 1612
}