{
  "Cat_accuracy": 0.9860223531723022,
  "F1_score_class0": 0.9920063018798828,
  "F1_score_class1": 0.8917900323867798,
  "F1_score_class2": 0.9797569513320923,
  "F1_score_class3": 0.7068676352500916,
  "F1_score_class4": 0.9965553879737854,
  "Precision_class0": 0.999674916267395,
  "Precision_class1": 0.8098495006561279,
  "Precision_class2": 0.9777777791023254,
  "Precision_class3": 0.5545334815979004,
  "Precision_class4": 0.9956735372543335,
  "Recall_class0": 0.9844545125961304,
  "Recall_class1": 0.9921787977218628,
  "Recall_class2": 0.9817444086074829,
  "Recall_class3": 0.974595844745636,
  "Recall_class4": 0.997438907623291,
  "loss": 0.041917525231838226,
  "val_Cat_accuracy": 0.9861267805099487,
  "val_F1_score_class0": 0.9926210641860962,
  "val_F1_score_class1": 0.8484187126159668,
  "val_F1_score_class2": 0.9699438810348511,
  "val_F1_score_class3": 0.8431372046470642,
  "val_F1_score_class4": 0.9951533675193787,
  "val_Precision_class0": 0.9969211220741272,
  "val_Precision_class1": 0.7795591354370117,
  "val_Precision_class2": 0.9764102697372437,
  "val_Precision_class3": 0.7543859481811523,
  "val_Precision_class4": 0.9959579706192017,
  "val_Recall_class0": 0.9883580803871155,
  "val_Recall_class1": 0.9306219816207886,
  "val_Recall_class2": 0.9635627269744873,
  "val_Recall_class3": 0.9555555582046509,
  "val_Recall_class4": 0.994350254535675,
  "val_loss": 0.0551791675388813,
  "epoch": 14,
  "global_step": 1980
}