{
  "loss": 0.015288976952433586,
  "Cat_accuracy": 0.9952252507209778,
  "F1_score_class0": 0.9978376030921936,
  "F1_score_class1": 0.949924111366272,
  "F1_score_class2": 0.9865337014198303,
  "F1_score_class3": 0.8732393383979797,
  "F1_score_class4": 0.9984241127967834,
  "Precision_class0": 0.9975159764289856,
  "Precision_class1": 0.9595340490341187,
  "Precision_class2": 0.9860026836395264,
  "Precision_class3": 0.926630437374115,
  "Precision_class4": 0.9981096386909485,
  "Recall_class0": 0.9981594681739807,
  "Recall_class1": 0.940504789352417,
  "Recall_class2": 0.9870654940605164,
  "Recall_class3": 0.8256658315658569,
  "Recall_class4": 0.9987389445304871,
  "val_loss": 0.03352886065840721,
  "val_Cat_accuracy": 0.9919366240501404,
  "val_F1_score_class0": 0.9959152936935425,
  "val_F1_score_class1": 0.923800528049469,
  "val_F1_score_class2": 0.9753693342208862,
  "val_F1_score_class3": 0.8677965998649597,
  "val_F1_score_class4": 0.9948486089706421,
  "val_Precision_class0": 0.9947302937507629,
  "val_Precision_class1": 0.9460501074790955,
  "val_Precision_class2": 0.9777777791023254,
  "val_Precision_class3": 0.9142857193946838,
  "val_Precision_class4": 0.997417688369751,
  "val_Recall_class0": 0.9971032738685608,
  "val_Recall_class1": 0.9025735259056091,
  "val_Recall_class2": 0.9729729890823364,
  "val_Recall_class3": 0.8258064389228821,
  "val_Recall_class4": 0.9922928810119629,
  "epoch": 30,
  "global_step": 3844
}