{
  "loss": 0.010743826627731323,
  "Cat_accuracy": 0.9937232136726379,
  "F1_score_class0": 0.9969995021820068,
  "F1_score_class1": 0.9340431094169617,
  "F1_score_class2": 0.9853079319000244,
  "F1_score_class3": 0.8652656674385071,
  "F1_score_class4": 0.9976894855499268,
  "Precision_class0": 0.9978522658348083,
  "Precision_class1": 0.9196272492408752,
  "Precision_class2": 0.9857065677642822,
  "Precision_class3": 0.8838383555412292,
  "Precision_class4": 0.9970613121986389,
  "Recall_class0": 0.9961482286453247,
  "Recall_class1": 0.9489182829856873,
  "Recall_class2": 0.98490971326828,
  "Recall_class3": 0.8474576473236084,
  "Recall_class4": 0.998318612575531,
  "val_loss": 0.029832856729626656,
  "val_Cat_accuracy": 0.9919366240501404,
  "val_F1_score_class0": 0.9960511922836304,
  "val_F1_score_class1": 0.9216417670249939,
  "val_F1_score_class2": 0.9739412665367126,
  "val_F1_score_class3": 0.887417197227478,
  "val_F1_score_class4": 0.9958292245864868,
  "val_Precision_class0": 0.9963626265525818,
  "val_Precision_class1": 0.935606062412262,
  "val_Precision_class2": 0.9684210419654846,
  "val_Precision_class3": 0.9115646481513977,
  "val_Precision_class4": 0.9948717951774597,
  "val_Recall_class0": 0.9957401156425476,
  "val_Recall_class1": 0.908088207244873,
  "val_Recall_class2": 0.9795249700546265,
  "val_Recall_class3": 0.8645161390304565,
  "val_Recall_class4": 0.9967886805534363,
  "epoch": 24,
  "global_step": 3100
}