{
  "loss": 0.06285930424928665,
  "Cat_accuracy": 0.9587661623954773,
  "F1_score_class0": 0.9746918082237244,
  "F1_score_class1": 0.6962645649909973,
  "F1_score_class2": 0.9597234129905701,
  "F1_score_class3": 0.5049999952316284,
  "F1_score_class4": 0.9909195303916931,
  "Precision_class0": 0.9991033673286438,
  "Precision_class1": 0.5398874282836914,
  "Precision_class2": 0.9470094442367554,
  "Precision_class3": 0.3403538465499878,
  "Precision_class4": 0.9842422008514404,
  "Recall_class0": 0.9514448642730713,
  "Recall_class1": 0.9801682829856873,
  "Recall_class2": 0.972783625125885,
  "Recall_class3": 0.9782082438468933,
  "Recall_class4": 0.9976881146430969,
  "val_loss": 0.10575259476900101,
  "val_Cat_accuracy": 0.9657069444656372,
  "val_F1_score_class0": 0.9803796410560608,
  "val_F1_score_class1": 0.7481259107589722,
  "val_F1_score_class2": 0.9408925771713257,
  "val_F1_score_class3": 0.5205991864204407,
  "val_F1_score_class4": 0.9916612505912781,
  "val_Precision_class0": 0.9963054060935974,
  "val_Precision_class1": 0.6316455602645874,
  "val_Precision_class2": 0.9241706132888794,
  "val_Precision_class3": 0.3667546212673187,
  "val_Precision_class4": 0.9903907775878906,
  "val_Recall_class0": 0.9649551510810852,
  "val_Recall_class1": 0.9172794222831726,
  "val_Recall_class2": 0.9582309722900391,
  "val_Recall_class3": 0.896774172782898,
  "val_Recall_class4": 0.9929351210594177,
  "epoch": 24,
  "global_step": 1550
}