{
  "loss": 0.014151681214571,
  "Cat_accuracy": 0.99549400806427,
  "F1_score_class0": 0.9980088472366333,
  "F1_score_class1": 0.9512491822242737,
  "F1_score_class2": 0.9872087240219116,
  "F1_score_class3": 0.8740359544754028,
  "F1_score_class4": 0.9986328482627869,
  "Precision_class0": 0.9974036812782288,
  "Precision_class1": 0.9647713303565979,
  "Precision_class2": 0.986544668674469,
  "Precision_class3": 0.931506872177124,
  "Precision_class4": 0.9993685483932495,
  "Recall_class0": 0.9986149072647095,
  "Recall_class1": 0.9381009340286255,
  "Recall_class2": 0.987873911857605,
  "Recall_class3": 0.823244571685791,
  "Recall_class4": 0.997898280620575,
  "val_loss": 0.03209647163748741,
  "val_Cat_accuracy": 0.9929326772689819,
  "val_F1_score_class0": 0.9965369701385498,
  "val_F1_score_class1": 0.937207043170929,
  "val_F1_score_class2": 0.9768761992454529,
  "val_F1_score_class3": 0.8661971092224121,
  "val_F1_score_class4": 0.9967886209487915,
  "val_Precision_class0": 0.9960281252861023,
  "val_Precision_class1": 0.9560229182243347,
  "val_Precision_class2": 0.9678456783294678,
  "val_Precision_class3": 0.9534883499145508,
  "val_Precision_class4": 0.9967886805534363,
  "val_Recall_class0": 0.9970464706420898,
  "val_Recall_class1": 0.9191176295280457,
  "val_Recall_class2": 0.9860770106315613,
  "val_Recall_class3": 0.7935484051704407,
  "val_Recall_class4": 0.9967886805534363,
  "epoch": 27,
  "global_step": 3472
}