{
  "loss": 0.06737963855266571,
  "Cat_accuracy": 0.972537100315094,
  "F1_score_class0": 0.9830864667892456,
  "F1_score_class1": 0.7267024517059326,
  "F1_score_class2": 0.9683366417884827,
  "F1_score_class3": 0.8230452537536621,
  "F1_score_class4": 0.9875103831291199,
  "Precision_class0": 0.9989032745361328,
  "Precision_class1": 0.579285740852356,
  "Precision_class2": 0.9602543711662292,
  "Precision_class3": 0.7155635356903076,
  "Precision_class4": 0.9781443476676941,
  "Recall_class0": 0.9677627682685852,
  "Recall_class1": 0.9747596383094788,
  "Recall_class2": 0.9765561819076538,
  "Recall_class3": 0.9685230255126953,
  "Recall_class4": 0.9970576167106628,
  "val_loss": 0.07946476340293884,
  "val_Cat_accuracy": 0.9808850884437561,
  "val_F1_score_class0": 0.9891396164894104,
  "val_F1_score_class1": 0.8192566633224487,
  "val_F1_score_class2": 0.9572235345840454,
  "val_F1_score_class3": 0.803418755531311,
  "val_F1_score_class4": 0.9907079935073853,
  "val_Precision_class0": 0.9954555630683899,
  "val_Precision_class1": 0.7578125,
  "val_Precision_class2": 0.9435163140296936,
  "val_Precision_class3": 0.7193877696990967,
  "val_Precision_class4": 0.9884910583496094,
  "val_Recall_class0": 0.9829035401344299,
  "val_Recall_class1": 0.8915441036224365,
  "val_Recall_class2": 0.9713349938392639,
  "val_Recall_class3": 0.9096774458885193,
  "val_Recall_class4": 0.9929351210594177,
  "epoch": 29,
  "global_step": 930
}