{
  "loss": 0.016372838988900185,
  "Cat_accuracy": 0.9913990497589111,
  "F1_score_class0": 0.995536744594574,
  "F1_score_class1": 0.9173603057861328,
  "F1_score_class2": 0.9789813756942749,
  "F1_score_class3": 0.8476311564445496,
  "F1_score_class4": 0.9950624704360962,
  "Precision_class0": 0.9964830875396729,
  "Precision_class1": 0.9076470732688904,
  "Precision_class2": 0.9789814352989197,
  "Precision_class3": 0.8994565010070801,
  "Precision_class4": 0.9947490096092224,
  "Recall_class0": 0.9945923089981079,
  "Recall_class1": 0.9272836446762085,
  "Recall_class2": 0.9789814352989197,
  "Recall_class3": 0.8014527559280396,
  "Recall_class4": 0.9953762292861938,
  "val_loss": 0.034847356379032135,
  "val_Cat_accuracy": 0.9906085729598999,
  "val_F1_score_class0": 0.9952858686447144,
  "val_F1_score_class1": 0.9146004915237427,
  "val_F1_score_class2": 0.9732398986816406,
  "val_F1_score_class3": 0.8523489236831665,
  "val_F1_score_class4": 0.9945424795150757,
  "val_Precision_class0": 0.9952294230461121,
  "val_Precision_class1": 0.9137614965438843,
  "val_Precision_class2": 0.9784768223762512,
  "val_Precision_class3": 0.8881118893623352,
  "val_Precision_class4": 0.9942233562469482,
  "val_Recall_class0": 0.995342493057251,
  "val_Recall_class1": 0.9154411554336548,
  "val_Recall_class2": 0.9680589437484741,
  "val_Recall_class3": 0.8193548321723938,
  "val_Recall_class4": 0.994861900806427,
  "epoch": 22,
  "global_step": 1426
}