{
  "loss": 0.20580917596817017,
  "Cat_accuracy": 0.9184651374816895,
  "F1_score_class0": 0.9422943592071533,
  "F1_score_class1": 0.5083948373794556,
  "F1_score_class2": 0.9297729730606079,
  "F1_score_class3": 0.5055555105209351,
  "F1_score_class4": 0.9649445414543152,
  "Precision_class0": 0.9964459538459778,
  "Precision_class1": 0.3527492880821228,
  "Precision_class2": 0.9214077591896057,
  "Precision_class3": 0.3544303774833679,
  "Precision_class4": 0.941776692867279,
  "Recall_class0": 0.8937252163887024,
  "Recall_class1": 0.9098557829856873,
  "Recall_class2": 0.9382915496826172,
  "Recall_class3": 0.8813559412956238,
  "Recall_class4": 0.9892812371253967,
  "val_loss": 0.1817244589328766,
  "val_Cat_accuracy": 0.944552481174469,
  "val_F1_score_class0": 0.9651539921760559,
  "val_F1_score_class1": 0.568985104560852,
  "val_F1_score_class2": 0.9424520134925842,
  "val_F1_score_class3": 0.6945169568061829,
  "val_F1_score_class4": 0.9725118279457092,
  "val_Precision_class0": 0.9952332377433777,
  "val_Precision_class1": 0.41239669919013977,
  "val_Precision_class2": 0.9600679874420166,
  "val_Precision_class3": 0.5833333134651184,
  "val_Precision_class4": 0.9570895433425903,
  "val_Recall_class0": 0.9368396997451782,
  "val_Recall_class1": 0.9172794222831726,
  "val_Recall_class2": 0.9254709482192993,
  "val_Recall_class3": 0.8580645322799683,
  "val_Recall_class4": 0.9884393215179443,
  "epoch": 27,
  "global_step": 448
}