{
  "loss": 0.0344291515648365,
  "Cat_accuracy": 0.9830511212348938,
  "F1_score_class0": 0.991163432598114,
  "F1_score_class1": 0.8054216504096985,
  "F1_score_class2": 0.9578677415847778,
  "F1_score_class3": 0.795727550983429,
  "F1_score_class4": 0.9901052117347717,
  "Precision_class0": 0.9926726818084717,
  "Precision_class1": 0.8073671460151672,
  "Precision_class2": 0.9569661021232605,
  "Precision_class3": 0.886904776096344,
  "Precision_class4": 0.991775631904602,
  "Recall_class0": 0.9896590113639832,
  "Recall_class1": 0.8034855723381042,
  "Recall_class2": 0.9587712287902832,
  "Recall_class3": 0.7215496301651001,
  "Recall_class4": 0.9884405136108398,
  "val_loss": 0.05779512599110603,
  "val_Cat_accuracy": 0.9844898581504822,
  "val_F1_score_class0": 0.9917261004447937,
  "val_F1_score_class1": 0.8246445059776306,
  "val_F1_score_class2": 0.9601300954818726,
  "val_F1_score_class3": 0.8108107447624207,
  "val_F1_score_class4": 0.9922977089881897,
  "val_Precision_class0": 0.992883563041687,
  "val_Precision_class1": 0.8512719869613647,
  "val_Precision_class2": 0.9539207816123962,
  "val_Precision_class3": 0.8510638475418091,
  "val_Precision_class4": 0.9916613101959229,
  "val_Recall_class0": 0.9905713796615601,
  "val_Recall_class1": 0.7996323704719543,
  "val_Recall_class2": 0.9664209485054016,
  "val_Recall_class3": 0.774193525314331,
  "val_Recall_class4": 0.9929351210594177,
  "epoch": 29,
  "global_step": 480
}