{
  "loss": 0.034509435296058655,
  "Cat_accuracy": 0.9877152442932129,
  "F1_score_class0": 0.9934505224227905,
  "F1_score_class1": 0.8717138767242432,
  "F1_score_class2": 0.9786312580108643,
  "F1_score_class3": 0.8306121826171875,
  "F1_score_class4": 0.9948728680610657,
  "Precision_class0": 0.9997886419296265,
  "Precision_class1": 0.7747663259506226,
  "Precision_class2": 0.9823513627052307,
  "Precision_class3": 0.7178130745887756,
  "Precision_class4": 0.9906230568885803,
  "Recall_class0": 0.9871923923492432,
  "Recall_class1": 0.9963942170143127,
  "Recall_class2": 0.9749393463134766,
  "Recall_class3": 0.9854721426963806,
  "Recall_class4": 0.9991593360900879,
  "val_loss": 0.06242537871003151,
  "val_Cat_accuracy": 0.9871934652328491,
  "val_F1_score_class0": 0.9929953813552856,
  "val_F1_score_class1": 0.8637930750846863,
  "val_F1_score_class2": 0.971169650554657,
  "val_F1_score_class3": 0.8742514252662659,
  "val_F1_score_class4": 0.992302656173706,
  "val_Precision_class0": 0.9956035017967224,
  "val_Precision_class1": 0.8133116960525513,
  "val_Precision_class2": 0.9768019914627075,
  "val_Precision_class3": 0.8156424760818481,
  "val_Precision_class4": 0.9910314083099365,
  "val_Recall_class0": 0.9904009699821472,
  "val_Recall_class1": 0.9209558963775635,
  "val_Recall_class2": 0.9656019806861877,
  "val_Recall_class3": 0.9419354796409607,
  "val_Recall_class4": 0.9935774207115173,
  "epoch": 26,
  "global_step": 6696
}