{
  "loss": 0.05170468986034393,
  "Cat_accuracy": 0.9777071475982666,
  "F1_score_class0": 0.9866750240325928,
  "F1_score_class1": 0.7976624369621277,
  "F1_score_class2": 0.9663011431694031,
  "F1_score_class3": 0.770103931427002,
  "F1_score_class4": 0.9918512105941772,
  "Precision_class0": 0.9992994666099548,
  "Precision_class1": 0.670487105846405,
  "Precision_class2": 0.959118664264679,
  "Precision_class3": 0.6319875717163086,
  "Precision_class4": 0.9860822558403015,
  "Recall_class0": 0.974365770816803,
  "Recall_class1": 0.984375,
  "Recall_class2": 0.9735920429229736,
  "Recall_class3": 0.9854721426963806,
  "Recall_class4": 0.9976881146430969,
  "val_loss": 0.047385841608047485,
  "val_Cat_accuracy": 0.9866717457771301,
  "val_F1_score_class0": 0.992769718170166,
  "val_F1_score_class1": 0.8747762441635132,
  "val_F1_score_class2": 0.9663382172584534,
  "val_F1_score_class3": 0.8545993566513062,
  "val_F1_score_class4": 0.991337776184082,
  "val_Precision_class0": 0.9950924515724182,
  "val_Precision_class1": 0.8519163727760315,
  "val_Precision_class2": 0.968724250793457,
  "val_Precision_class3": 0.791208803653717,
  "val_Precision_class4": 0.9903846383094788,
  "val_Recall_class0": 0.9904577732086182,
  "val_Recall_class1": 0.8988970518112183,
  "val_Recall_class2": 0.9639639854431152,
  "val_Recall_class3": 0.9290322661399841,
  "val_Recall_class4": 0.9922928810119629,
  "epoch": 28,
  "global_step": 3596
}