{
  "loss": 0.024886544793844223,
  "Cat_accuracy": 0.9925532341003418,
  "F1_score_class0": 0.9966822266578674,
  "F1_score_class1": 0.913165271282196,
  "F1_score_class2": 0.9812389612197876,
  "F1_score_class3": 0.8346665501594543,
  "F1_score_class4": 0.9965310096740723,
  "Precision_class0": 0.9958328008651733,
  "Precision_class1": 0.947062611579895,
  "Precision_class2": 0.9829637408256531,
  "Precision_class3": 0.9287833571434021,
  "Precision_class4": 0.9968454241752625,
  "Recall_class0": 0.9975333213806152,
  "Recall_class1": 0.8816105723381042,
  "Recall_class2": 0.979520320892334,
  "Recall_class3": 0.7578692436218262,
  "Recall_class4": 0.996216893196106,
  "val_loss": 0.047742411494255066,
  "val_Cat_accuracy": 0.9881895184516907,
  "val_F1_score_class0": 0.9942638874053955,
  "val_F1_score_class1": 0.8735849261283875,
  "val_F1_score_class2": 0.9700450897216797,
  "val_F1_score_class3": 0.8124999403953552,
  "val_F1_score_class4": 0.9945390224456787,
  "val_Precision_class0": 0.9941510558128357,
  "val_Precision_class1": 0.8972868323326111,
  "val_Precision_class2": 0.9720394611358643,
  "val_Precision_class3": 0.8796992301940918,
  "val_Precision_class4": 0.9948586225509644,
  "val_Recall_class0": 0.9943768978118896,
  "val_Recall_class1": 0.8511029481887817,
  "val_Recall_class2": 0.9680589437484741,
  "val_Recall_class3": 0.7548387050628662,
  "val_Recall_class4": 0.9942196607589722,
  "epoch": 25,
  "global_step": 6448
}