{
  "Cat_accuracy": 0.9905927181243896,
  "F1_score_class0": 0.995437502861023,
  "F1_score_class1": 0.8982995748519897,
  "F1_score_class2": 0.9768574237823486,
  "F1_score_class3": 0.7898935675621033,
  "F1_score_class4": 0.9960024952888489,
  "Precision_class0": 0.9931813478469849,
  "Precision_class1": 0.9635237455368042,
  "Precision_class2": 0.9812397956848145,
  "Precision_class3": 0.8761062026023865,
  "Precision_class4": 0.9970514178276062,
  "Recall_class0": 0.9977040886878967,
  "Recall_class1": 0.8413461446762085,
  "Recall_class2": 0.9725141525268555,
  "Recall_class3": 0.7191283106803894,
  "Recall_class4": 0.994955837726593,
  "loss": 0.035299766808748245,
  "val_Cat_accuracy": 0.9870986342430115,
  "val_F1_score_class0": 0.9935885667800903,
  "val_F1_score_class1": 0.862003743648529,
  "val_F1_score_class2": 0.966707706451416,
  "val_F1_score_class3": 0.7900354862213135,
  "val_F1_score_class4": 0.9919845461845398,
  "val_Precision_class0": 0.9925187230110168,
  "val_Precision_class1": 0.887159526348114,
  "val_Precision_class2": 0.9702970385551453,
  "val_Precision_class3": 0.8809523582458496,
  "val_Precision_class4": 0.9903969168663025,
  "val_Recall_class0": 0.9946609139442444,
  "val_Recall_class1": 0.8382353186607361,
  "val_Recall_class2": 0.9631449580192566,
  "val_Recall_class3": 0.7161290049552917,
  "val_Recall_class4": 0.9935774207115173,
  "val_loss": 0.05328523367643356,
  "epoch": 28,
  "global_step": 464
}