{
  "loss": 0.018759191036224365,
  "Cat_accuracy": 0.9944347143173218,
  "F1_score_class0": 0.9974597692489624,
  "F1_score_class1": 0.937731146812439,
  "F1_score_class2": 0.9854485988616943,
  "F1_score_class3": 0.8530926704406738,
  "F1_score_class4": 0.9987378120422363,
  "Precision_class0": 0.9965341687202454,
  "Precision_class1": 0.9626582264900208,
  "Precision_class2": 0.9854486584663391,
  "Precision_class3": 0.9118457436561584,
  "Precision_class4": 0.9995789527893066,
  "Recall_class0": 0.9983872175216675,
  "Recall_class1": 0.9140625,
  "Recall_class2": 0.9854486584663391,
  "Recall_class3": 0.8014527559280396,
  "Recall_class4": 0.997898280620575,
  "val_loss": 0.03324740752577782,
  "val_Cat_accuracy": 0.9926481246948242,
  "val_F1_score_class0": 0.9963109493255615,
  "val_F1_score_class1": 0.9303200840950012,
  "val_F1_score_class2": 0.9745901226997375,
  "val_F1_score_class3": 0.8770763278007507,
  "val_F1_score_class4": 0.9971051812171936,
  "val_Precision_class0": 0.9955199956893921,
  "val_Precision_class1": 0.953667938709259,
  "val_Precision_class2": 0.9753896594047546,
  "val_Precision_class3": 0.9041095972061157,
  "val_Precision_class4": 0.998711347579956,
  "val_Recall_class0": 0.9971032738685608,
  "val_Recall_class1": 0.908088207244873,
  "val_Recall_class2": 0.9737919569015503,
  "val_Recall_class3": 0.85161292552948,
  "val_Recall_class4": 0.9955042004585266,
  "epoch": 28,
  "global_step": 1798
}