{
  "loss": 0.10149174183607101,
  "Cat_accuracy": 0.9483311772346497,
  "F1_score_class0": 0.9671896696090698,
  "F1_score_class1": 0.6633539199829102,
  "F1_score_class2": 0.938076376914978,
  "F1_score_class3": 0.4637167751789093,
  "F1_score_class4": 0.9848011136054993,
  "Precision_class0": 0.9982633590698242,
  "Precision_class1": 0.5060012340545654,
  "Precision_class2": 0.9177623391151428,
  "Precision_class3": 0.3065522611141205,
  "Precision_class4": 0.9756600856781006,
  "Recall_class0": 0.9379921555519104,
  "Recall_class1": 0.9627403616905212,
  "Recall_class2": 0.9593101739883423,
  "Recall_class3": 0.9515738487243652,
  "Recall_class4": 0.9941151738166809,
  "val_loss": 0.1260460615158081,
  "val_Cat_accuracy": 0.9635725617408752,
  "val_F1_score_class0": 0.9785218834877014,
  "val_F1_score_class1": 0.729893684387207,
  "val_F1_score_class2": 0.9411763548851013,
  "val_F1_score_class3": 0.5495867729187012,
  "val_F1_score_class4": 0.9843500256538391,
  "val_Precision_class0": 0.9949512481689453,
  "val_Precision_class1": 0.6214470267295837,
  "val_Precision_class2": 0.9324758648872375,
  "val_Precision_class3": 0.40425533056259155,
  "val_Precision_class4": 0.9790343046188354,
  "val_Recall_class0": 0.9626263976097107,
  "val_Recall_class1": 0.8841911554336548,
  "val_Recall_class2": 0.9500409364700317,
  "val_Recall_class3": 0.8580645322799683,
  "val_Recall_class4": 0.989723801612854,
  "epoch": 27,
  "global_step": 3472
}