{
  "loss": 0.2946104407310486,
  "Cat_accuracy": 0.8728833794593811,
  "F1_score_class0": 0.8890170454978943,
  "F1_score_class1": 0.47288212180137634,
  "F1_score_class2": 0.7462475299835205,
  "F1_score_class3": 0.4626197814941406,
  "F1_score_class4": 0.9626341462135315,
  "Precision_class0": 0.9942043423652649,
  "Precision_class1": 0.3250732123851776,
  "Precision_class2": 0.660577118396759,
  "Precision_class3": 0.3142361044883728,
  "Precision_class4": 0.9458417892456055,
  "Recall_class0": 0.8039580583572388,
  "Recall_class1": 0.8671875,
  "Recall_class2": 0.8574508428573608,
  "Recall_class3": 0.8765133023262024,
  "Recall_class4": 0.9800336360931396,
  "val_loss": 0.38501307368278503,
  "val_Cat_accuracy": 0.8944172859191895,
  "val_F1_score_class0": 0.9120692610740662,
  "val_F1_score_class1": 0.4941301643848419,
  "val_F1_score_class2": 0.7659878134727478,
  "val_F1_score_class3": 0.5958428978919983,
  "val_F1_score_class4": 0.9614056348800659,
  "val_Precision_class0": 0.9937713742256165,
  "val_Precision_class1": 0.3481203019618988,
  "val_Precision_class2": 0.6793409585952759,
  "val_Precision_class3": 0.4640287756919861,
  "val_Precision_class4": 0.9398772716522217,
  "val_Recall_class0": 0.8427808880805969,
  "val_Recall_class1": 0.8511029481887817,
  "val_Recall_class2": 0.8779689073562622,
  "val_Recall_class3": 0.8322580456733704,
  "val_Recall_class4": 0.9839434623718262,
  "epoch": 29,
  "global_step": 480
}