{
  "loss": 0.05609206110239029,
  "Cat_accuracy": 0.9855808019638062,
  "F1_score_class0": 0.9927138090133667,
  "F1_score_class1": 0.8376753330230713,
  "F1_score_class2": 0.9596412181854248,
  "F1_score_class3": 0.7317783832550049,
  "F1_score_class4": 0.9920994639396667,
  "Precision_class0": 0.9888730049133301,
  "Precision_class1": 0.9428571462631226,
  "Precision_class2": 0.9679276347160339,
  "Precision_class3": 0.9194139242172241,
  "Precision_class4": 0.9945089817047119,
  "Recall_class0": 0.9965846538543701,
  "Recall_class1": 0.7536057829856873,
  "Recall_class2": 0.9514955282211304,
  "Recall_class3": 0.6077482104301453,
  "Recall_class4": 0.9897015690803528,
  "val_loss": 0.05407200753688812,
  "val_Cat_accuracy": 0.9865768551826477,
  "val_F1_score_class0": 0.9928905367851257,
  "val_F1_score_class1": 0.8557311296463013,
  "val_F1_score_class2": 0.9650349020957947,
  "val_F1_score_class3": 0.7941176295280457,
  "val_F1_score_class4": 0.9922530055046082,
  "val_Precision_class0": 0.9902819395065308,
  "val_Precision_class1": 0.9252136945724487,
  "val_Precision_class2": 0.9694215059280396,
  "val_Precision_class3": 0.9230769276618958,
  "val_Precision_class4": 0.9974042773246765,
  "val_Recall_class0": 0.9955129027366638,
  "val_Recall_class1": 0.7959558963775635,
  "val_Recall_class2": 0.9606879353523254,
  "val_Recall_class3": 0.6967741847038269,
  "val_Recall_class4": 0.9871547818183899,
  "epoch": 34,
  "global_step": 560
}