{
  "loss": 0.08660151809453964,
  "Cat_accuracy": 0.9774858355522156,
  "F1_score_class0": 0.9877794981002808,
  "F1_score_class1": 0.7296011447906494,
  "F1_score_class2": 0.9400082230567932,
  "F1_score_class3": 0.6850997805595398,
  "F1_score_class4": 0.9838419556617737,
  "Precision_class0": 0.9803038239479065,
  "Precision_class1": 0.9326473474502563,
  "Precision_class2": 0.9627118706703186,
  "Precision_class3": 0.9369747638702393,
  "Precision_class4": 0.9887497425079346,
  "Recall_class0": 0.9953702688217163,
  "Recall_class1": 0.5991586446762085,
  "Recall_class2": 0.918350875377655,
  "Recall_class3": 0.5399515628814697,
  "Recall_class4": 0.9789827466011047,
  "val_loss": 0.08535022288560867,
  "val_Cat_accuracy": 0.9791300892829895,
  "val_F1_score_class0": 0.9888032674789429,
  "val_F1_score_class1": 0.7592996954917908,
  "val_F1_score_class2": 0.9408356547355652,
  "val_F1_score_class3": 0.71074378490448,
  "val_F1_score_class4": 0.985074520111084,
  "val_Precision_class0": 0.9820178151130676,
  "val_Precision_class1": 0.9378378391265869,
  "val_Precision_class2": 0.9506688714027405,
  "val_Precision_class3": 0.9885057210922241,
  "val_Precision_class4": 0.9954098463058472,
  "val_Recall_class0": 0.9956833124160767,
  "val_Recall_class1": 0.6378676295280457,
  "val_Recall_class2": 0.9312039017677307,
  "val_Recall_class3": 0.5548387169837952,
  "val_Recall_class4": 0.9749518036842346,
  "epoch": 29,
  "global_step": 480
}