{
  "loss": 0.015317206270992756,
  "Cat_accuracy": 0.9916678667068481,
  "F1_score_class0": 0.9958391189575195,
  "F1_score_class1": 0.921989917755127,
  "F1_score_class2": 0.9769572019577026,
  "F1_score_class3": 0.8241205811500549,
  "F1_score_class4": 0.9969521164894104,
  "Precision_class0": 0.9971463680267334,
  "Precision_class1": 0.9036353230476379,
  "Precision_class2": 0.9770889282226562,
  "Precision_class3": 0.8563968539237976,
  "Precision_class4": 0.9970569610595703,
  "Recall_class0": 0.9945353865623474,
  "Recall_class1": 0.9411057829856873,
  "Recall_class2": 0.9768256545066833,
  "Recall_class3": 0.7941888570785522,
  "Recall_class4": 0.99684739112854,
  "val_loss": 0.0356941819190979,
  "val_Cat_accuracy": 0.9912251830101013,
  "val_F1_score_class0": 0.9952867031097412,
  "val_F1_score_class1": 0.9153487682342529,
  "val_F1_score_class2": 0.972131073474884,
  "val_F1_score_class3": 0.8802587985992432,
  "val_F1_score_class4": 0.9961389303207397,
  "val_Precision_class0": 0.9950607419013977,
  "val_Precision_class1": 0.9265536665916443,
  "val_Precision_class2": 0.9729286432266235,
  "val_Precision_class3": 0.8831169009208679,
  "val_Precision_class4": 0.9980657696723938,
  "val_Recall_class0": 0.9955129027366638,
  "val_Recall_class1": 0.904411792755127,
  "val_Recall_class2": 0.9713349938392639,
  "val_Recall_class3": 0.8774193525314331,
  "val_Recall_class4": 0.9942196607589722,
  "epoch": 21,
  "global_step": 1364
}