{
  "loss": 0.024331755936145782,
  "Cat_accuracy": 0.9932805299758911,
  "F1_score_class0": 0.996721088886261,
  "F1_score_class1": 0.9203100204467773,
  "F1_score_class2": 0.9853079319000244,
  "F1_score_class3": 0.8512288928031921,
  "F1_score_class4": 0.9977924227714539,
  "Precision_class0": 0.9956077933311462,
  "Precision_class1": 0.9506726264953613,
  "Precision_class2": 0.9857065677642822,
  "Precision_class3": 0.9138888716697693,
  "Precision_class4": 0.9981072545051575,
  "Recall_class0": 0.9978369474411011,
  "Recall_class1": 0.8918269276618958,
  "Recall_class2": 0.98490971326828,
  "Recall_class3": 0.7966101765632629,
  "Recall_class4": 0.9974779486656189,
  "val_loss": 0.03402472287416458,
  "val_Cat_accuracy": 0.991509735584259,
  "val_F1_score_class0": 0.9958567023277283,
  "val_F1_score_class1": 0.9095991849899292,
  "val_F1_score_class2": 0.974190890789032,
  "val_F1_score_class3": 0.8829430937767029,
  "val_F1_score_class4": 0.9958130717277527,
  "val_Precision_class0": 0.995122492313385,
  "val_Precision_class1": 0.9224952459335327,
  "val_Precision_class2": 0.9745901823043823,
  "val_Precision_class3": 0.9166666865348816,
  "val_Precision_class4": 0.9987080097198486,
  "val_Recall_class0": 0.9965920448303223,
  "val_Recall_class1": 0.8970588445663452,
  "val_Recall_class2": 0.9737919569015503,
  "val_Recall_class3": 0.85161292552948,
  "val_Recall_class4": 0.9929351210594177,
  "epoch": 29,
  "global_step": 7440
}