{
  "loss": 0.015491202473640442,
  "Cat_accuracy": 0.9921421408653259,
  "F1_score_class0": 0.995937705039978,
  "F1_score_class1": 0.9214690327644348,
  "F1_score_class2": 0.9811422228813171,
  "F1_score_class3": 0.8542712926864624,
  "F1_score_class4": 0.9955872297286987,
  "Precision_class0": 0.9963727593421936,
  "Precision_class1": 0.9157270193099976,
  "Precision_class2": 0.9808779954910278,
  "Precision_class3": 0.8877284526824951,
  "Precision_class4": 0.9953781366348267,
  "Recall_class0": 0.9955031275749207,
  "Recall_class1": 0.9272836446762085,
  "Recall_class2": 0.9814066290855408,
  "Recall_class3": 0.823244571685791,
  "Recall_class4": 0.9957965612411499,
  "val_loss": 0.04450705274939537,
  "val_Cat_accuracy": 0.989707350730896,
  "val_F1_score_class0": 0.994583785533905,
  "val_F1_score_class1": 0.9060149788856506,
  "val_F1_score_class2": 0.9707456827163696,
  "val_F1_score_class3": 0.8243727087974548,
  "val_F1_score_class4": 0.9939043521881104,
  "val_Precision_class0": 0.993091344833374,
  "val_Precision_class1": 0.9269230961799622,
  "val_Precision_class2": 0.9767827391624451,
  "val_Precision_class3": 0.9274193644523621,
  "val_Precision_class4": 0.9929487109184265,
  "val_Recall_class0": 0.9960808753967285,
  "val_Recall_class1": 0.8860294222831726,
  "val_Recall_class2": 0.9647829532623291,
  "val_Recall_class3": 0.7419354915618896,
  "val_Recall_class4": 0.994861900806427,
  "epoch": 23,
  "global_step": 1488
}