{
  "loss": 0.17793071269989014,
  "Cat_accuracy": 0.89969801902771,
  "F1_score_class0": 0.9321915507316589,
  "F1_score_class1": 0.604290783405304,
  "F1_score_class2": 0.911580502986908,
  "F1_score_class3": 0.24571609497070312,
  "F1_score_class4": 0.9132562279701233,
  "Precision_class0": 0.996351957321167,
  "Precision_class1": 0.4513353109359741,
  "Precision_class2": 0.8832448720932007,
  "Precision_class3": 0.14179104566574097,
  "Precision_class4": 0.8548387289047241,
  "Recall_class0": 0.875794529914856,
  "Recall_class1": 0.9140625,
  "Recall_class2": 0.9417946934700012,
  "Recall_class3": 0.9200968742370605,
  "Recall_class4": 0.9802438020706177,
  "val_loss": 0.1887001246213913,
  "val_Cat_accuracy": 0.935350775718689,
  "val_F1_score_class0": 0.9579939842224121,
  "val_F1_score_class1": 0.6721876263618469,
  "val_F1_score_class2": 0.9264705777168274,
  "val_F1_score_class3": 0.39517343044281006,
  "val_F1_score_class4": 0.9239693880081177,
  "val_Precision_class0": 0.9928105473518372,
  "val_Precision_class1": 0.5381215214729309,
  "val_Precision_class2": 0.9242053627967834,
  "val_Precision_class3": 0.2578740119934082,
  "val_Precision_class4": 0.880675196647644,
  "val_Recall_class0": 0.9255367517471313,
  "val_Recall_class1": 0.8952205777168274,
  "val_Recall_class2": 0.9287469387054443,
  "val_Recall_class3": 0.8451613187789917,
  "val_Recall_class4": 0.9717405438423157,
  "epoch": 29,
  "global_step": 930
}