{
  "loss": 0.03999032825231552,
  "Cat_accuracy": 0.9796834588050842,
  "F1_score_class0": 0.988940954208374,
  "F1_score_class1": 0.8351308703422546,
  "F1_score_class2": 0.9498026967048645,
  "F1_score_class3": 0.6835106015205383,
  "F1_score_class4": 0.9732641577720642,
  "Precision_class0": 0.9878270626068115,
  "Precision_class1": 0.8570525050163269,
  "Precision_class2": 0.9590659141540527,
  "Precision_class3": 0.7581120729446411,
  "Precision_class4": 0.9787459969520569,
  "Recall_class0": 0.9900574684143066,
  "Recall_class1": 0.8143028616905212,
  "Recall_class2": 0.9407168030738831,
  "Recall_class3": 0.6222760081291199,
  "Recall_class4": 0.9678436517715454,
  "val_loss": 0.07329420000314713,
  "val_Cat_accuracy": 0.9811222553253174,
  "val_F1_score_class0": 0.9896994233131409,
  "val_F1_score_class1": 0.8419999480247498,
  "val_F1_score_class2": 0.954356849193573,
  "val_F1_score_class3": 0.7181206941604614,
  "val_F1_score_class4": 0.9736927151679993,
  "val_Precision_class0": 0.9861831665039062,
  "val_Precision_class1": 0.9232456088066101,
  "val_Precision_class2": 0.9671993255615234,
  "val_Precision_class3": 0.748251736164093,
  "val_Precision_class4": 0.9848883152008057,
  "val_Recall_class0": 0.9932409524917603,
  "val_Recall_class1": 0.7738970518112183,
  "val_Recall_class2": 0.9418509602546692,
  "val_Recall_class3": 0.6903225779533386,
  "val_Recall_class4": 0.9627488851547241,
  "epoch": 28,
  "global_step": 899
}