{
  "loss": 0.09037759155035019,
  "Cat_accuracy": 0.960331380367279,
  "F1_score_class0": 0.9751169681549072,
  "F1_score_class1": 0.7143809199333191,
  "F1_score_class2": 0.9505712985992432,
  "F1_score_class3": 0.549723744392395,
  "F1_score_class4": 0.988953709602356,
  "Precision_class0": 0.9988260865211487,
  "Precision_class1": 0.5668430328369141,
  "Precision_class2": 0.9376146793365479,
  "Precision_class3": 0.3845410645008087,
  "Precision_class4": 0.9807772040367126,
  "Recall_class0": 0.9525074362754822,
  "Recall_class1": 0.965745210647583,
  "Recall_class2": 0.9638911485671997,
  "Recall_class3": 0.9636803865432739,
  "Recall_class4": 0.9972677826881409,
  "val_loss": 0.08961166441440582,
  "val_Cat_accuracy": 0.9730588793754578,
  "val_F1_score_class0": 0.9844543933868408,
  "val_F1_score_class1": 0.7893500328063965,
  "val_F1_score_class2": 0.9561951756477356,
  "val_F1_score_class3": 0.6078028678894043,
  "val_F1_score_class4": 0.991031289100647,
  "val_Precision_class0": 0.9962198138237,
  "val_Precision_class1": 0.6875852942466736,
  "val_Precision_class2": 0.9744898080825806,
  "val_Precision_class3": 0.4457831382751465,
  "val_Precision_class4": 0.9884983897209167,
  "val_Recall_class0": 0.9729637503623962,
  "val_Recall_class1": 0.9264705777168274,
  "val_Recall_class2": 0.9385749101638794,
  "val_Recall_class3": 0.9548386931419373,
  "val_Recall_class4": 0.9935774207115173,
  "epoch": 34,
  "global_step": 1085
}