{
  "loss": 0.12553226947784424,
  "Cat_accuracy": 0.9668769240379333,
  "F1_score_class0": 0.9828395247459412,
  "F1_score_class1": 0.6502878665924072,
  "F1_score_class2": 0.8529843091964722,
  "F1_score_class3": 0.534031331539154,
  "F1_score_class4": 0.9802630543708801,
  "Precision_class0": 0.9726315140724182,
  "Precision_class1": 0.9001062512397766,
  "Precision_class2": 0.938531219959259,
  "Precision_class3": 0.956250011920929,
  "Precision_class4": 0.9899271130561829,
  "Recall_class0": 0.9932641386985779,
  "Recall_class1": 0.5090144276618958,
  "Recall_class2": 0.7817299962043762,
  "Recall_class3": 0.37046006321907043,
  "Recall_class4": 0.9707860350608826,
  "val_loss": 0.12654024362564087,
  "val_Cat_accuracy": 0.9691694974899292,
  "val_F1_score_class0": 0.9840518832206726,
  "val_F1_score_class1": 0.675990641117096,
  "val_F1_score_class2": 0.8601863384246826,
  "val_F1_score_class3": 0.666666567325592,
  "val_F1_score_class4": 0.9822407364845276,
  "val_Precision_class0": 0.974703311920166,
  "val_Precision_class1": 0.9235668778419495,
  "val_Precision_class2": 0.9389534592628479,
  "val_Precision_class3": 0.9634146094322205,
  "val_Precision_class4": 0.9876623153686523,
  "val_Recall_class0": 0.9935817122459412,
  "val_Recall_class1": 0.533088207244873,
  "val_Recall_class2": 0.7936117649078369,
  "val_Recall_class3": 0.5096774101257324,
  "val_Recall_class4": 0.9768785834312439,
  "epoch": 28,
  "global_step": 464
}