{
  "Cat_accuracy": 0.9647108912467957,
  "F1_score_class0": 0.981795608997345,
  "F1_score_class1": 0.5643359422683716,
  "F1_score_class2": 0.9078308939933777,
  "F1_score_class3": 0.30268195271492004,
  "F1_score_class4": 0.9526395201683044,
  "Precision_class0": 0.9687661528587341,
  "Precision_class1": 0.9057105183601379,
  "Precision_class2": 0.9346461296081543,
  "Precision_class3": 0.7247706651687622,
  "Precision_class4": 0.9858363270759583,
  "Recall_class0": 0.9951805472373962,
  "Recall_class1": 0.40985578298568726,
  "Recall_class2": 0.8825114369392395,
  "Recall_class3": 0.19128328561782837,
  "Recall_class4": 0.9216057062149048,
  "loss": 0.1375415325164795,
  "val_Cat_accuracy": 0.9660864472389221,
  "val_F1_score_class0": 0.9825672507286072,
  "val_F1_score_class1": 0.5882352590560913,
  "val_F1_score_class2": 0.9090152978897095,
  "val_F1_score_class3": 0.42211049795150757,
  "val_F1_score_class4": 0.9528899788856506,
  "val_Precision_class0": 0.9698461890220642,
  "val_Precision_class1": 0.9215686321258545,
  "val_Precision_class2": 0.92242830991745,
  "val_Precision_class3": 0.9545454382896423,
  "val_Precision_class4": 0.9930362105369568,
  "val_Recall_class0": 0.9956265091896057,
  "val_Recall_class1": 0.4319852888584137,
  "val_Recall_class2": 0.8959869146347046,
  "val_Recall_class3": 0.2709677517414093,
  "val_Recall_class4": 0.9158638119697571,
  "val_loss": 0.13331441581249237,
  "epoch": 29,
  "global_step": 480
}