{
  "loss": 0.018321439623832703,
  "Cat_accuracy": 0.9946402311325073,
  "F1_score_class0": 0.9976206421852112,
  "F1_score_class1": 0.9431642889976501,
  "F1_score_class2": 0.9851990938186646,
  "F1_score_class3": 0.8549018502235413,
  "F1_score_class4": 0.9981071949005127,
  "Precision_class0": 0.9967986345291138,
  "Precision_class1": 0.9648020267486572,
  "Precision_class2": 0.9838752746582031,
  "Precision_class3": 0.9289772510528564,
  "Precision_class4": 0.9987373948097229,
  "Recall_class0": 0.998444139957428,
  "Recall_class1": 0.9224759340286255,
  "Recall_class2": 0.9865265488624573,
  "Recall_class3": 0.7917675375938416,
  "Recall_class4": 0.9974779486656189,
  "val_loss": 0.035660166293382645,
  "val_Cat_accuracy": 0.9916520714759827,
  "val_F1_score_class0": 0.9958274960517883,
  "val_F1_score_class1": 0.918867826461792,
  "val_F1_score_class2": 0.9752132296562195,
  "val_F1_score_class3": 0.8619527220726013,
  "val_F1_score_class4": 0.9958158731460571,
  "val_Precision_class0": 0.9952907562255859,
  "val_Precision_class1": 0.9437984228134155,
  "val_Precision_class2": 0.9677419066429138,
  "val_Precision_class3": 0.9014084339141846,
  "val_Precision_class4": 0.9980645179748535,
  "val_Recall_class0": 0.9963648915290833,
  "val_Recall_class1": 0.8952205777168274,
  "val_Recall_class2": 0.9828009605407715,
  "val_Recall_class3": 0.8258064389228821,
  "val_Recall_class4": 0.9935774207115173,
  "epoch": 33,
  "global_step": 2108
}