{
  "loss": 0.11564964056015015,
  "Cat_accuracy": 0.9662603139877319,
  "F1_score_class0": 0.9876760244369507,
  "F1_score_class1": 0.5027163624763489,
  "F1_score_class2": 0.8800110220909119,
  "F1_score_class3": 0.0,
  "F1_score_class4": 0.9815481901168823,
  "Precision_class0": 0.9846678972244263,
  "Precision_class1": 0.6326344609260559,
  "Precision_class2": 0.9034913182258606,
  "Precision_class3": 0.0,
  "Precision_class4": 0.9905821681022644,
  "Recall_class0": 0.9907026290893555,
  "Recall_class1": 0.4170673191547394,
  "Recall_class2": 0.8577203154563904,
  "Recall_class3": 0.0,
  "Recall_class4": 0.9726775884628296,
  "val_loss": 0.09810423105955124,
  "val_Cat_accuracy": 0.9735805988311768,
  "val_F1_score_class0": 0.9909420013427734,
  "val_F1_score_class1": 0.686626672744751,
  "val_F1_score_class2": 0.9098427891731262,
  "val_F1_score_class3": 0.0,
  "val_F1_score_class4": 0.9857696890830994,
  "val_Precision_class0": 0.9876989126205444,
  "val_Precision_class1": 0.751091718673706,
  "val_Precision_class2": 0.9189640879631042,
  "val_Precision_class3": 0.0,
  "val_Precision_class4": 0.9928338527679443,
  "val_Recall_class0": 0.9942065477371216,
  "val_Recall_class1": 0.6323529481887817,
  "val_Recall_class2": 0.9009009003639221,
  "val_Recall_class3": 0.0,
  "val_Recall_class4": 0.978805422782898,
  "epoch": 28,
  "global_step": 1798
}