{
  "loss": 0.04641808196902275,
  "Cat_accuracy": 0.9709876775741577,
  "F1_score_class0": 0.9827035069465637,
  "F1_score_class1": 0.7936431169509888,
  "F1_score_class2": 0.9640957117080688,
  "F1_score_class3": 0.5493910312652588,
  "F1_score_class4": 0.9933137893676758,
  "Precision_class0": 0.9995093941688538,
  "Precision_class1": 0.6621133089065552,
  "Precision_class2": 0.9516933560371399,
  "Precision_class3": 0.38122066855430603,
  "Precision_class4": 0.9875363707542419,
  "Recall_class0": 0.9664535522460938,
  "Recall_class1": 0.9903846383094788,
  "Recall_class2": 0.9768256545066833,
  "Recall_class3": 0.9830508232116699,
  "Recall_class4": 0.9991593360900879,
  "val_loss": 0.08624223619699478,
  "val_Cat_accuracy": 0.976521372795105,
  "val_F1_score_class0": 0.9865573048591614,
  "val_F1_score_class1": 0.7692307233810425,
  "val_F1_score_class2": 0.9629930257797241,
  "val_F1_score_class3": 0.6992287635803223,
  "val_F1_score_class4": 0.9945424795150757,
  "val_Precision_class0": 0.9957761764526367,
  "val_Precision_class1": 0.6613756418228149,
  "val_Precision_class2": 0.9563812613487244,
  "val_Precision_class3": 0.5811966061592102,
  "val_Precision_class4": 0.9942233562469482,
  "val_Recall_class0": 0.9775076508522034,
  "val_Recall_class1": 0.9191176295280457,
  "val_Recall_class2": 0.9696969985961914,
  "val_Recall_class3": 0.8774193525314331,
  "val_Recall_class4": 0.994861900806427,
  "epoch": 29,
  "global_step": 3720
}