{
  "loss": 0.0205600094050169,
  "Cat_accuracy": 0.9940078258514404,
  "F1_score_class0": 0.9971843957901001,
  "F1_score_class1": 0.937538206577301,
  "F1_score_class2": 0.9839730262756348,
  "F1_score_class3": 0.8364115953445435,
  "F1_score_class4": 0.9985278844833374,
  "Precision_class0": 0.996419370174408,
  "Precision_class1": 0.9556803703308105,
  "Precision_class2": 0.9835756421089172,
  "Precision_class3": 0.9188405871391296,
  "Precision_class4": 0.9991582632064819,
  "Recall_class0": 0.9979507923126221,
  "Recall_class1": 0.9200721383094788,
  "Recall_class2": 0.984370768070221,
  "Recall_class3": 0.7675544619560242,
  "Recall_class4": 0.997898280620575,
  "val_loss": 0.03178967535495758,
  "val_Cat_accuracy": 0.9921737909317017,
  "val_F1_score_class0": 0.9960545301437378,
  "val_F1_score_class1": 0.9255120158195496,
  "val_F1_score_class2": 0.9757898449897766,
  "val_F1_score_class3": 0.873333215713501,
  "val_F1_score_class4": 0.9967845678329468,
  "val_Precision_class0": 0.9955177307128906,
  "val_Precision_class1": 0.9377358555793762,
  "val_Precision_class2": 0.9777960777282715,
  "val_Precision_class3": 0.9034482836723328,
  "val_Precision_class4": 0.9980682730674744,
  "val_Recall_class0": 0.9965920448303223,
  "val_Recall_class1": 0.9136029481887817,
  "val_Recall_class2": 0.9737919569015503,
  "val_Recall_class3": 0.8451613187789917,
  "val_Recall_class4": 0.9955042004585266,
  "epoch": 13,
  "global_step": 3472
}