{
  "loss": 0.056742168962955475,
  "Cat_accuracy": 0.9840946197509766,
  "F1_score_class0": 0.9919085502624512,
  "F1_score_class1": 0.8304247260093689,
  "F1_score_class2": 0.9558582305908203,
  "F1_score_class3": 0.7256893515586853,
  "F1_score_class4": 0.9878780841827393,
  "Precision_class0": 0.9883026480674744,
  "Precision_class1": 0.9184268116950989,
  "Precision_class2": 0.9666574597358704,
  "Precision_class3": 0.9057971239089966,
  "Precision_class4": 0.9909071922302246,
  "Recall_class0": 0.9955410361289978,
  "Recall_class1": 0.7578125,
  "Recall_class2": 0.9452977776527405,
  "Recall_class3": 0.6053268909454346,
  "Recall_class4": 0.9848675727844238,
  "val_loss": 0.05261903256177902,
  "val_Cat_accuracy": 0.9856282472610474,
  "val_F1_score_class0": 0.9925406575202942,
  "val_F1_score_class1": 0.8472504615783691,
  "val_F1_score_class2": 0.9600996375083923,
  "val_F1_score_class3": 0.7744360566139221,
  "val_F1_score_class4": 0.99031001329422,
  "val_Precision_class0": 0.9875182509422302,
  "val_Precision_class1": 0.9497717022895813,
  "val_Precision_class2": 0.9746835231781006,
  "val_Precision_class3": 0.9279279112815857,
  "val_Precision_class4": 0.9961013793945312,
  "val_Recall_class0": 0.9976144433021545,
  "val_Recall_class1": 0.7647058963775635,
  "val_Recall_class2": 0.9459459185600281,
  "val_Recall_class3": 0.6645161509513855,
  "val_Recall_class4": 0.9845857620239258,
  "epoch": 34,
  "global_step": 560
}