{
  "loss": 0.09435174614191055,
  "Cat_accuracy": 0.9592088460922241,
  "F1_score_class0": 0.9739406108856201,
  "F1_score_class1": 0.7837902903556824,
  "F1_score_class2": 0.9317383766174316,
  "F1_score_class3": 0.499362975358963,
  "F1_score_class4": 0.9779334664344788,
  "Precision_class0": 0.9988431930541992,
  "Precision_class1": 0.6573056578636169,
  "Precision_class2": 0.9002512693405151,
  "Precision_class3": 0.33880725502967834,
  "Precision_class4": 0.9599190354347229,
  "Recall_class0": 0.9502494931221008,
  "Recall_class1": 0.9705528616905212,
  "Recall_class2": 0.9655079245567322,
  "Recall_class3": 0.9491525292396545,
  "Recall_class4": 0.996637225151062,
  "val_loss": 0.09761981666088104,
  "val_Cat_accuracy": 0.9734383225440979,
  "val_F1_score_class0": 0.9839955568313599,
  "val_F1_score_class1": 0.79432612657547,
  "val_F1_score_class2": 0.9489464163780212,
  "val_F1_score_class3": 0.6917293071746826,
  "val_F1_score_class4": 0.9824895858764648,
  "val_Precision_class0": 0.9956969022750854,
  "val_Precision_class1": 0.6951724290847778,
  "val_Precision_class2": 0.9390537142753601,
  "val_Precision_class3": 0.5655737519264221,
  "val_Precision_class4": 0.9741161465644836,
  "val_Recall_class0": 0.9725661873817444,
  "val_Recall_class1": 0.9264705777168274,
  "val_Recall_class2": 0.9590499401092529,
  "val_Recall_class3": 0.8903225660324097,
  "val_Recall_class4": 0.9910083413124084,
  "epoch": 24,
  "global_step": 1550
}