{
  "loss": 0.01780012622475624,
  "Cat_accuracy": 0.9945769906044006,
  "F1_score_class0": 0.99742192029953,
  "F1_score_class1": 0.9438132047653198,
  "F1_score_class2": 0.9855891466140747,
  "F1_score_class3": 0.8582574129104614,
  "F1_score_class4": 0.9983171820640564,
  "Precision_class0": 0.996477484703064,
  "Precision_class1": 0.9648461937904358,
  "Precision_class2": 0.9851911664009094,
  "Precision_class3": 0.9269663095474243,
  "Precision_class4": 0.9991579055786133,
  "Recall_class0": 0.9983682036399841,
  "Recall_class1": 0.9236778616905212,
  "Recall_class2": 0.9859876036643982,
  "Recall_class3": 0.7990314960479736,
  "Recall_class4": 0.9974779486656189,
  "val_loss": 0.031247541308403015,
  "val_Cat_accuracy": 0.9921737909317017,
  "val_F1_score_class0": 0.9959973692893982,
  "val_F1_score_class1": 0.9269661903381348,
  "val_F1_score_class2": 0.9763070940971375,
  "val_F1_score_class3": 0.8695651888847351,
  "val_F1_score_class4": 0.995175302028656,
  "val_Precision_class0": 0.9955734610557556,
  "val_Precision_class1": 0.944656491279602,
  "val_Precision_class2": 0.9739201068878174,
  "val_Precision_class3": 0.9027777910232544,
  "val_Precision_class4": 0.9967783689498901,
  "val_Recall_class0": 0.9964216947555542,
  "val_Recall_class1": 0.9099264740943909,
  "val_Recall_class2": 0.9787060022354126,
  "val_Recall_class3": 0.8387096524238586,
  "val_Recall_class4": 0.9935774207115173,
  "epoch": 16,
  "global_step": 4216
}