{
  "loss": 0.16728807985782623,
  "Cat_accuracy": 0.9208999276161194,
  "F1_score_class0": 0.9454360008239746,
  "F1_score_class1": 0.5815867185592651,
  "F1_score_class2": 0.9116771817207336,
  "F1_score_class3": 0.36665040254592896,
  "F1_score_class4": 0.9680122137069702,
  "Precision_class0": 0.9975143671035767,
  "Precision_class1": 0.4222826063632965,
  "Precision_class2": 0.8764296174049377,
  "Precision_class3": 0.22954823076725006,
  "Precision_class4": 0.9421125650405884,
  "Recall_class0": 0.8985257148742676,
  "Recall_class1": 0.9338942170143127,
  "Recall_class2": 0.9498787522315979,
  "Recall_class3": 0.9104115962982178,
  "Recall_class4": 0.9953762292861938,
  "val_loss": 0.20150478184223175,
  "val_Cat_accuracy": 0.9341175556182861,
  "val_F1_score_class0": 0.956192672252655,
  "val_F1_score_class1": 0.607913613319397,
  "val_F1_score_class2": 0.9105817675590515,
  "val_F1_score_class3": 0.4516128897666931,
  "val_F1_score_class4": 0.9745041728019714,
  "val_Precision_class0": 0.9969181418418884,
  "val_Precision_class1": 0.45106762647628784,
  "val_Precision_class2": 0.8701492547988892,
  "val_Precision_class3": 0.301075279712677,
  "val_Precision_class4": 0.9555555582046509,
  "val_Recall_class0": 0.9186640977859497,
  "val_Recall_class1": 0.9319853186607361,
  "val_Recall_class2": 0.954954981803894,
  "val_Recall_class3": 0.9032257795333862,
  "val_Recall_class4": 0.9942196607589722,
  "epoch": 34,
  "global_step": 560
}