{
  "Cat_accuracy": 0.9962350726127625,
  "F1_score_class0": 0.9983195066452026,
  "F1_score_class1": 0.9665635228157043,
  "F1_score_class2": 0.989111065864563,
  "F1_score_class3": 0.8766788244247437,
  "F1_score_class4": 0.9987186789512634,
  "Precision_class0": 0.99813312292099,
  "Precision_class1": 0.9723007082939148,
  "Precision_class2": 0.987860381603241,
  "Precision_class3": 0.9300518035888672,
  "Precision_class4": 0.9992111921310425,
  "Recall_class0": 0.9985059499740601,
  "Recall_class1": 0.9608938694000244,
  "Recall_class2": 0.9903650879859924,
  "Recall_class3": 0.8290992975234985,
  "Recall_class4": 0.9982269406318665,
  "loss": 0.012066531926393509,
  "val_Cat_accuracy": 0.9917590618133545,
  "val_F1_score_class0": 0.995564341545105,
  "val_F1_score_class1": 0.9040096998214722,
  "val_F1_score_class2": 0.980769157409668,
  "val_F1_score_class3": 0.9037036299705505,
  "val_F1_score_class4": 0.9959611296653748,
  "val_Precision_class0": 0.9953171610832214,
  "val_Precision_class1": 0.9185185432434082,
  "val_Precision_class2": 0.9807692170143127,
  "val_Precision_class3": 0.9037036895751953,
  "val_Precision_class4": 0.9967663884162903,
  "val_Recall_class0": 0.9958117604255676,
  "val_Recall_class1": 0.8899521827697754,
  "val_Recall_class2": 0.9807692170143127,
  "val_Recall_class3": 0.9037036895751953,
  "val_Recall_class4": 0.9951573610305786,
  "val_loss": 0.036248061805963516,
  "epoch": 11,
  "global_step": 396
}