{
  "Cat_accuracy": 0.9792882204055786,
  "F1_score_class0": 0.9890813231468201,
  "F1_score_class1": 0.8069695830345154,
  "F1_score_class2": 0.946850597858429,
  "F1_score_class3": 0.6224961280822754,
  "F1_score_class4": 0.9737770557403564,
  "Precision_class0": 0.9822063446044922,
  "Precision_class1": 0.9350752234458923,
  "Precision_class2": 0.9603658318519592,
  "Precision_class3": 0.8559321761131287,
  "Precision_class4": 0.9921482801437378,
  "Recall_class0": 0.9960533380508423,
  "Recall_class1": 0.7097355723381042,
  "Recall_class2": 0.9337105751037598,
  "Recall_class3": 0.48910412192344666,
  "Recall_class4": 0.9560739994049072,
  "loss": 0.07366754114627838,
  "val_Cat_accuracy": 0.9798890352249146,
  "val_F1_score_class0": 0.9892855286598206,
  "val_F1_score_class1": 0.8037774562835693,
  "val_F1_score_class2": 0.948802649974823,
  "val_F1_score_class3": 0.6581196188926697,
  "val_F1_score_class4": 0.9734686017036438,
  "val_Precision_class0": 0.9822508692741394,
  "val_Precision_class1": 0.9364303350448608,
  "val_Precision_class2": 0.9567027688026428,
  "val_Precision_class3": 0.9746835231781006,
  "val_Precision_class4": 0.9933155179023743,
  "val_Recall_class0": 0.9964216947555542,
  "val_Recall_class1": 0.7040441036224365,
  "val_Recall_class2": 0.9410319328308105,
  "val_Recall_class3": 0.49677419662475586,
  "val_Recall_class4": 0.9543994665145874,
  "val_loss": 0.07466290891170502,
  "epoch": 29,
  "global_step": 930
}