{
  "loss": 0.12401819229125977,
  "Cat_accuracy": 0.9457699060440063,
  "F1_score_class0": 0.9650439620018005,
  "F1_score_class1": 0.600189208984375,
  "F1_score_class2": 0.9475500583648682,
  "F1_score_class3": 0.6219311952590942,
  "F1_score_class4": 0.9734294414520264,
  "Precision_class0": 0.9982357025146484,
  "Precision_class1": 0.43800055980682373,
  "Precision_class2": 0.9340314269065857,
  "Precision_class3": 0.4697156846523285,
  "Precision_class4": 0.9543618559837341,
  "Recall_class0": 0.9339885711669922,
  "Recall_class1": 0.953125,
  "Recall_class2": 0.9614658951759338,
  "Recall_class3": 0.9200968742370605,
  "Recall_class4": 0.9932745099067688,
  "val_loss": 0.13057030737400055,
  "val_Cat_accuracy": 0.9588768482208252,
  "val_F1_score_class0": 0.9753067493438721,
  "val_F1_score_class1": 0.6317102909088135,
  "val_F1_score_class2": 0.9560617804527283,
  "val_F1_score_class3": 0.7454068064689636,
  "val_F1_score_class4": 0.9828134179115295,
  "val_Precision_class0": 0.996974527835846,
  "val_Precision_class1": 0.47826087474823,
  "val_Precision_class2": 0.9498787522315979,
  "val_Precision_class3": 0.6283186078071594,
  "val_Precision_class4": 0.9741324782371521,
  "val_Recall_class0": 0.9545609354972839,
  "val_Recall_class1": 0.9301470518112183,
  "val_Recall_class2": 0.9623259902000427,
  "val_Recall_class3": 0.9161290526390076,
  "val_Recall_class4": 0.9916505813598633,
  "epoch": 25,
  "global_step": 1612
}