{
  "loss": 0.05549217388033867,
  "Cat_accuracy": 0.9848693013191223,
  "F1_score_class0": 0.9925996661186218,
  "F1_score_class1": 0.8201248645782471,
  "F1_score_class2": 0.9517824649810791,
  "F1_score_class3": 0.7466666102409363,
  "F1_score_class4": 0.9947301745414734,
  "Precision_class0": 0.9901074171066284,
  "Precision_class1": 0.9055918455123901,
  "Precision_class2": 0.9650969505310059,
  "Precision_class3": 0.8308605551719666,
  "Precision_class4": 0.9976744055747986,
  "Recall_class0": 0.9951046705245972,
  "Recall_class1": 0.7493990659713745,
  "Recall_class2": 0.9388304948806763,
  "Recall_class3": 0.6779661178588867,
  "Recall_class4": 0.9918032884597778,
  "val_loss": 0.058108601719141006,
  "val_Cat_accuracy": 0.985201358795166,
  "val_F1_score_class0": 0.992777943611145,
  "val_F1_score_class1": 0.8440366983413696,
  "val_F1_score_class2": 0.9527720212936401,
  "val_F1_score_class3": 0.7958476543426514,
  "val_F1_score_class4": 0.9916290044784546,
  "val_Precision_class0": 0.990058183670044,
  "val_Precision_class1": 0.9473684430122375,
  "val_Precision_class2": 0.9555189609527588,
  "val_Precision_class3": 0.858208954334259,
  "val_Precision_class4": 0.9941897988319397,
  "val_Recall_class0": 0.9955129027366638,
  "val_Recall_class1": 0.7610294222831726,
  "val_Recall_class2": 0.9500409364700317,
  "val_Recall_class3": 0.7419354915618896,
  "val_Recall_class4": 0.9890815615653992,
  "epoch": 28,
  "global_step": 7192
}