{
  "loss": 0.04889266565442085,
  "Cat_accuracy": 0.9738019704818726,
  "F1_score_class0": 0.98463374376297,
  "F1_score_class1": 0.8088452219963074,
  "F1_score_class2": 0.9655910134315491,
  "F1_score_class3": 0.564673125743866,
  "F1_score_class4": 0.9960184097290039,
  "Precision_class0": 0.9994722604751587,
  "Precision_class1": 0.6841230392456055,
  "Precision_class2": 0.9595529437065125,
  "Precision_class3": 0.3960975706577301,
  "Precision_class4": 0.993104875087738,
  "Recall_class0": 0.9702293872833252,
  "Recall_class1": 0.989182710647583,
  "Recall_class2": 0.9717057347297668,
  "Recall_class3": 0.9830508232116699,
  "Recall_class4": 0.9989491105079651,
  "val_loss": 0.09003204852342606,
  "val_Cat_accuracy": 0.9758098721504211,
  "val_F1_score_class0": 0.9865680932998657,
  "val_F1_score_class1": 0.817133367061615,
  "val_F1_score_class2": 0.9620774388313293,
  "val_F1_score_class3": 0.563785970211029,
  "val_F1_score_class4": 0.9938925504684448,
  "val_Precision_class0": 0.9949743151664734,
  "val_Precision_class1": 0.7402985095977783,
  "val_Precision_class2": 0.968464732170105,
  "val_Precision_class3": 0.4138972759246826,
  "val_Precision_class4": 0.9948520064353943,
  "val_Recall_class0": 0.9783028364181519,
  "val_Recall_class1": 0.9117646813392639,
  "val_Recall_class2": 0.9557739496231079,
  "val_Recall_class3": 0.8838709592819214,
  "val_Recall_class4": 0.9929351210594177,
  "epoch": 27,
  "global_step": 6944
}