{
  "loss": 0.05297302454710007,
  "Cat_accuracy": 0.9746715426445007,
  "F1_score_class0": 0.9865735173225403,
  "F1_score_class1": 0.7589585781097412,
  "F1_score_class2": 0.9367642402648926,
  "F1_score_class3": 0.5892856121063232,
  "F1_score_class4": 0.9722872376441956,
  "Precision_class0": 0.9867327213287354,
  "Precision_class1": 0.7738913297653198,
  "Precision_class2": 0.9518775939941406,
  "Precision_class3": 0.7644787430763245,
  "Precision_class4": 0.9863754510879517,
  "Recall_class0": 0.9864144325256348,
  "Recall_class1": 0.7445913553237915,
  "Recall_class2": 0.9221234321594238,
  "Recall_class3": 0.47941887378692627,
  "Recall_class4": 0.9585960507392883,
  "val_loss": 0.08769166469573975,
  "val_Cat_accuracy": 0.9761419296264648,
  "val_F1_score_class0": 0.9879927039146423,
  "val_F1_score_class1": 0.7536799907684326,
  "val_F1_score_class2": 0.9386401176452637,
  "val_F1_score_class3": 0.6451612114906311,
  "val_F1_score_class4": 0.9732201099395752,
  "val_Precision_class0": 0.9852027297019958,
  "val_Precision_class1": 0.8084210753440857,
  "val_Precision_class2": 0.9504618048667908,
  "val_Precision_class3": 0.8602150678634644,
  "val_Precision_class4": 0.9900332093238831,
  "val_Recall_class0": 0.9907985925674438,
  "val_Recall_class1": 0.7058823704719543,
  "val_Recall_class2": 0.9271089434623718,
  "val_Recall_class3": 0.5161290168762207,
  "val_Recall_class4": 0.9569685459136963,
  "epoch": 28,
  "global_step": 464
}