{
  "loss": 0.015019147656857967,
  "Cat_accuracy": 0.9921895861625671,
  "F1_score_class0": 0.9960106015205383,
  "F1_score_class1": 0.9073745608329773,
  "F1_score_class2": 0.9828863143920898,
  "F1_score_class3": 0.867235004901886,
  "F1_score_class4": 0.9978969097137451,
  "Precision_class0": 0.9972041249275208,
  "Precision_class1": 0.8910776376724243,
  "Precision_class2": 0.9830188751220703,
  "Precision_class3": 0.8725489974021912,
  "Precision_class4": 0.998526930809021,
  "Recall_class0": 0.9948200583457947,
  "Recall_class1": 0.9242788553237915,
  "Recall_class2": 0.9827539920806885,
  "Recall_class3": 0.861985445022583,
  "Recall_class4": 0.9972677826881409,
  "val_loss": 0.033127132803201675,
  "val_Cat_accuracy": 0.9911777377128601,
  "val_F1_score_class0": 0.9956514835357666,
  "val_F1_score_class1": 0.9167429208755493,
  "val_F1_score_class2": 0.9729729294776917,
  "val_F1_score_class3": 0.8668729662895203,
  "val_F1_score_class4": 0.9967803359031677,
  "val_Precision_class0": 0.9964161515235901,
  "val_Precision_class1": 0.9125683307647705,
  "val_Precision_class2": 0.9729729890823364,
  "val_Precision_class3": 0.8333333134651184,
  "val_Precision_class4": 0.9993544220924377,
  "val_Recall_class0": 0.9948881268501282,
  "val_Recall_class1": 0.9209558963775635,
  "val_Recall_class2": 0.9729729890823364,
  "val_Recall_class3": 0.9032257795333862,
  "val_Recall_class4": 0.9942196607589722,
  "epoch": 29,
  "global_step": 7440
}