{
  "loss": 0.08854614943265915,
  "Cat_accuracy": 0.9760628342628479,
  "F1_score_class0": 0.9874433279037476,
  "F1_score_class1": 0.7378004193305969,
  "F1_score_class2": 0.9398516416549683,
  "F1_score_class3": 0.5806450843811035,
  "F1_score_class4": 0.9736645221710205,
  "Precision_class0": 0.9790360927581787,
  "Precision_class1": 0.9362292289733887,
  "Precision_class2": 0.9582750201225281,
  "Precision_class3": 0.8695651888847351,
  "Precision_class4": 0.9880977869033813,
  "Recall_class0": 0.9959964156150818,
  "Recall_class1": 0.6087740659713745,
  "Recall_class2": 0.9221234321594238,
  "Recall_class3": 0.4358353614807129,
  "Recall_class4": 0.9596469402313232,
  "val_loss": 0.09013292193412781,
  "val_Cat_accuracy": 0.9757150411605835,
  "val_F1_score_class0": 0.9872590899467468,
  "val_F1_score_class1": 0.7174163460731506,
  "val_F1_score_class2": 0.9375519752502441,
  "val_F1_score_class3": 0.6639003157615662,
  "val_F1_score_class4": 0.9737876057624817,
  "val_Precision_class0": 0.9778260588645935,
  "val_Precision_class1": 0.9628483057022095,
  "val_Precision_class2": 0.9534292817115784,
  "val_Precision_class3": 0.930232584476471,
  "val_Precision_class4": 0.9939799308776855,
  "val_Recall_class0": 0.996876060962677,
  "val_Recall_class1": 0.5716911554336548,
  "val_Recall_class2": 0.9221948981285095,
  "val_Recall_class3": 0.5161290168762207,
  "val_Recall_class4": 0.9543994665145874,
  "epoch": 29,
  "global_step": 930
}