{
  "loss": 0.07904724776744843,
  "Cat_accuracy": 0.9628136157989502,
  "F1_score_class0": 0.9766083359718323,
  "F1_score_class1": 0.736291229724884,
  "F1_score_class2": 0.9490402936935425,
  "F1_score_class3": 0.5950412750244141,
  "F1_score_class4": 0.983215868473053,
  "Precision_class0": 0.9988097548484802,
  "Precision_class1": 0.5924569964408875,
  "Precision_class2": 0.9326222538948059,
  "Precision_class3": 0.4313725531101227,
  "Precision_class4": 0.9695545434951782,
  "Recall_class0": 0.9553725719451904,
  "Recall_class1": 0.9723557829856873,
  "Recall_class2": 0.9660468697547913,
  "Recall_class3": 0.9588377475738525,
  "Recall_class4": 0.9972677826881409,
  "val_loss": 0.07917656749486923,
  "val_Cat_accuracy": 0.9741023778915405,
  "val_F1_score_class0": 0.984298586845398,
  "val_F1_score_class1": 0.7609828114509583,
  "val_F1_score_class2": 0.951696515083313,
  "val_F1_score_class3": 0.828220784664154,
  "val_F1_score_class4": 0.9869218468666077,
  "val_Precision_class0": 0.9968546032905579,
  "val_Precision_class1": 0.6395494341850281,
  "val_Precision_class2": 0.9283488988876343,
  "val_Precision_class3": 0.7894737124443054,
  "val_Precision_class4": 0.980354905128479,
  "val_Recall_class0": 0.9720549583435059,
  "val_Recall_class1": 0.939338207244873,
  "val_Recall_class2": 0.9762489795684814,
  "val_Recall_class3": 0.8709677457809448,
  "val_Recall_class4": 0.9935774207115173,
  "epoch": 28,
  "global_step": 1798
}