{
  "loss": 0.1864626556634903,
  "Cat_accuracy": 0.9147496223449707,
  "F1_score_class0": 0.9407767057418823,
  "F1_score_class1": 0.6038922071456909,
  "F1_score_class2": 0.9124087691307068,
  "F1_score_class3": 0.28352487087249756,
  "F1_score_class4": 0.9653971791267395,
  "Precision_class0": 0.9970470666885376,
  "Precision_class1": 0.44872918725013733,
  "Precision_class2": 0.883615255355835,
  "Precision_class3": 0.1684114634990692,
  "Precision_class4": 0.9411177635192871,
  "Recall_class0": 0.8905185461044312,
  "Recall_class1": 0.9230769276618958,
  "Recall_class2": 0.9431419968605042,
  "Recall_class3": 0.8958837985992432,
  "Recall_class4": 0.990962564945221,
  "val_loss": 0.16937844455242157,
  "val_Cat_accuracy": 0.9516672492027283,
  "val_F1_score_class0": 0.9697586894035339,
  "val_F1_score_class1": 0.7166787981987,
  "val_F1_score_class2": 0.9265490174293518,
  "val_F1_score_class3": 0.4740259349346161,
  "val_F1_score_class4": 0.9762882590293884,
  "val_Precision_class0": 0.9955137968063354,
  "val_Precision_class1": 0.5934861302375793,
  "val_Precision_class2": 0.9284539222717285,
  "val_Precision_class3": 0.31670281291007996,
  "val_Precision_class4": 0.9613947868347168,
  "val_Recall_class0": 0.9453027248382568,
  "val_Recall_class1": 0.904411792755127,
  "val_Recall_class2": 0.9246519207954407,
  "val_Recall_class3": 0.9419354796409607,
  "val_Recall_class4": 0.9916505813598633,
  "epoch": 33,
  "global_step": 544
}