{
  "Cat_accuracy": 0.9919840693473816,
  "F1_score_class0": 0.9960217475891113,
  "F1_score_class1": 0.9063481688499451,
  "F1_score_class2": 0.9809895753860474,
  "F1_score_class3": 0.8121692538261414,
  "F1_score_class4": 0.9977933764457703,
  "Precision_class0": 0.9944393038749695,
  "Precision_class1": 0.9499341249465942,
  "Precision_class2": 0.9816513657569885,
  "Precision_class3": 0.8950437307357788,
  "Precision_class4": 0.9976885914802551,
  "Recall_class0": 0.9976092576980591,
  "Recall_class1": 0.8665865659713745,
  "Recall_class2": 0.9803287386894226,
  "Recall_class3": 0.7433413863182068,
  "Recall_class4": 0.997898280620575,
  "loss": 0.02847691997885704,
  "val_Cat_accuracy": 0.9882844090461731,
  "val_F1_score_class0": 0.9938976764678955,
  "val_F1_score_class1": 0.8770949244499207,
  "val_F1_score_class2": 0.9675297737121582,
  "val_F1_score_class3": 0.8194444179534912,
  "val_F1_score_class4": 0.9935855865478516,
  "val_Precision_class0": 0.9933057427406311,
  "val_Precision_class1": 0.8886792659759521,
  "val_Precision_class2": 0.9711220860481262,
  "val_Precision_class3": 0.8872180581092834,
  "val_Precision_class4": 0.9923126101493835,
  "val_Recall_class0": 0.9944905042648315,
  "val_Recall_class1": 0.8658088445663452,
  "val_Recall_class2": 0.9639639854431152,
  "val_Recall_class3": 0.7612903118133545,
  "val_Recall_class4": 0.994861900806427,
  "val_loss": 0.04927987605333328,
  "epoch": 16,
  "global_step": 1054
}