{
  "loss": 0.014792701229453087,
  "Cat_accuracy": 0.9952568411827087,
  "F1_score_class0": 0.9978100657463074,
  "F1_score_class1": 0.9553242921829224,
  "F1_score_class2": 0.9873484969139099,
  "F1_score_class3": 0.8618924617767334,
  "F1_score_class4": 0.9983185529708862,
  "Precision_class0": 0.9970822334289551,
  "Precision_class1": 0.973192036151886,
  "Precision_class2": 0.9862866401672363,
  "Precision_class3": 0.913279116153717,
  "Precision_class4": 0.998318612575531,
  "Recall_class0": 0.9985389709472656,
  "Recall_class1": 0.9381009340286255,
  "Recall_class2": 0.9884127974510193,
  "Recall_class3": 0.8159806132316589,
  "Recall_class4": 0.998318612575531,
  "val_loss": 0.047865770757198334,
  "val_Cat_accuracy": 0.988094687461853,
  "val_F1_score_class0": 0.9939197897911072,
  "val_F1_score_class1": 0.8860293626785278,
  "val_F1_score_class2": 0.9661834836006165,
  "val_F1_score_class3": 0.7883210778236389,
  "val_F1_score_class4": 0.9945424795150757,
  "val_Precision_class0": 0.9943718314170837,
  "val_Precision_class1": 0.8860294222831726,
  "val_Precision_class2": 0.9501187801361084,
  "val_Precision_class3": 0.9075630307197571,
  "val_Precision_class4": 0.9942233562469482,
  "val_Recall_class0": 0.993468165397644,
  "val_Recall_class1": 0.8860294222831726,
  "val_Recall_class2": 0.9828009605407715,
  "val_Recall_class3": 0.6967741847038269,
  "val_Recall_class4": 0.994861900806427,
  "epoch": 18,
  "global_step": 4712
}