{
  "loss": 0.031239280477166176,
  "Cat_accuracy": 0.9913516640663147,
  "F1_score_class0": 0.9958041310310364,
  "F1_score_class1": 0.9226931929588318,
  "F1_score_class2": 0.9665175080299377,
  "F1_score_class3": 0.8359788060188293,
  "F1_score_class4": 0.9963207244873047,
  "Precision_class0": 0.9941376447677612,
  "Precision_class1": 0.9585492014884949,
  "Precision_class2": 0.972449541091919,
  "Precision_class3": 0.9212828278541565,
  "Precision_class4": 0.9966351389884949,
  "Recall_class0": 0.9974763989448547,
  "Recall_class1": 0.8894230723381042,
  "Recall_class2": 0.9606574773788452,
  "Recall_class3": 0.7651331424713135,
  "Recall_class4": 0.9960067272186279,
  "val_loss": 0.053830817341804504,
  "val_Cat_accuracy": 0.9872883558273315,
  "val_F1_score_class0": 0.9937929511070251,
  "val_F1_score_class1": 0.8969465494155884,
  "val_F1_score_class2": 0.9474988579750061,
  "val_F1_score_class3": 0.831080973148346,
  "val_F1_score_class4": 0.9900031089782715,
  "val_Precision_class0": 0.9917972683906555,
  "val_Precision_class1": 0.932539701461792,
  "val_Precision_class2": 0.9565943479537964,
  "val_Precision_class3": 0.8723404407501221,
  "val_Precision_class4": 0.9941709637641907,
  "val_Recall_class0": 0.9957968592643738,
  "val_Recall_class1": 0.8639705777168274,
  "val_Recall_class2": 0.9385749101638794,
  "val_Recall_class3": 0.7935484051704407,
  "val_Recall_class4": 0.9858702421188354,
  "epoch": 24,
  "global_step": 6200
}