{
  "loss": 0.07796330004930496,
  "Cat_accuracy": 0.953833281993866,
  "F1_score_class0": 0.9711021184921265,
  "F1_score_class1": 0.6541261672973633,
  "F1_score_class2": 0.9016557335853577,
  "F1_score_class3": 0.7516278624534607,
  "F1_score_class4": 0.9905000329017639,
  "Precision_class0": 0.998376727104187,
  "Precision_class1": 0.49298781156539917,
  "Precision_class2": 0.8434639573097229,
  "Precision_class3": 0.6102719306945801,
  "Precision_class4": 0.9840282201766968,
  "Recall_class0": 0.9452782869338989,
  "Recall_class1": 0.971754789352417,
  "Recall_class2": 0.9684721231460571,
  "Recall_class3": 0.9782082438468933,
  "Recall_class4": 0.9970576167106628,
  "val_loss": 0.12333802878856659,
  "val_Cat_accuracy": 0.9625290632247925,
  "val_F1_score_class0": 0.9777185916900635,
  "val_F1_score_class1": 0.7155296206474304,
  "val_F1_score_class2": 0.8922609686851501,
  "val_F1_score_class3": 0.7762039303779602,
  "val_F1_score_class4": 0.9843500256538391,
  "val_Precision_class0": 0.9952344298362732,
  "val_Precision_class1": 0.5911270976066589,
  "val_Precision_class2": 0.8310953974723816,
  "val_Precision_class3": 0.691919207572937,
  "val_Precision_class4": 0.9790343046188354,
  "val_Recall_class0": 0.9608088135719299,
  "val_Recall_class1": 0.90625,
  "val_Recall_class2": 0.9631449580192566,
  "val_Recall_class3": 0.8838709592819214,
  "val_Recall_class4": 0.989723801612854,
  "epoch": 28,
  "global_step": 899
}