{
  "loss": 0.011185243725776672,
  "Cat_accuracy": 0.9934386610984802,
  "F1_score_class0": 0.9966851472854614,
  "F1_score_class1": 0.9346673488616943,
  "F1_score_class2": 0.9835357069969177,
  "F1_score_class3": 0.8784118294715881,
  "F1_score_class4": 0.9960092306137085,
  "Precision_class0": 0.9978319406509399,
  "Precision_class1": 0.9158016443252563,
  "Precision_class2": 0.9851311445236206,
  "Precision_class3": 0.9007633328437805,
  "Precision_class4": 0.9953820109367371,
  "Recall_class0": 0.9955410361289978,
  "Recall_class1": 0.9543269276618958,
  "Recall_class2": 0.9819455742835999,
  "Recall_class3": 0.8571428656578064,
  "Recall_class4": 0.996637225151062,
  "val_loss": 0.032802581787109375,
  "val_Cat_accuracy": 0.9910828471183777,
  "val_F1_score_class0": 0.9953109622001648,
  "val_F1_score_class1": 0.916128933429718,
  "val_F1_score_class2": 0.974631667137146,
  "val_F1_score_class3": 0.8589742183685303,
  "val_F1_score_class4": 0.9942196011543274,
  "val_Precision_class0": 0.9959620237350464,
  "val_Precision_class1": 0.9186691045761108,
  "val_Precision_class2": 0.9738348126411438,
  "val_Precision_class3": 0.8535031676292419,
  "val_Precision_class4": 0.9942196607589722,
  "val_Recall_class0": 0.9946609139442444,
  "val_Recall_class1": 0.9136029481887817,
  "val_Recall_class2": 0.9754299521446228,
  "val_Recall_class3": 0.8645161390304565,
  "val_Recall_class4": 0.9942196607589722,
  "epoch": 17,
  "global_step": 4464
}