{
  "Cat_accuracy": 0.993201494216919,
  "F1_score_class0": 0.9967501759529114,
  "F1_score_class1": 0.9269959926605225,
  "F1_score_class2": 0.9828909635543823,
  "F1_score_class3": 0.826315701007843,
  "F1_score_class4": 0.9980026483535767,
  "Precision_class0": 0.9954204559326172,
  "Precision_class1": 0.9594855308532715,
  "Precision_class2": 0.982758641242981,
  "Precision_class3": 0.9048991203308105,
  "Precision_class4": 0.998317539691925,
  "Recall_class0": 0.9980835914611816,
  "Recall_class1": 0.8966346383094788,
  "Recall_class2": 0.983023464679718,
  "Recall_class3": 0.7602905631065369,
  "Recall_class4": 0.9976881146430969,
  "loss": 0.023579752072691917,
  "val_Cat_accuracy": 0.988616406917572,
  "val_F1_score_class0": 0.9941562414169312,
  "val_F1_score_class1": 0.8846518993377686,
  "val_F1_score_class2": 0.967951238155365,
  "val_F1_score_class3": 0.8172042369842529,
  "val_F1_score_class4": 0.9938925504684448,
  "val_Precision_class0": 0.9930295944213867,
  "val_Precision_class1": 0.9188118577003479,
  "val_Precision_class2": 0.959003210067749,
  "val_Precision_class3": 0.9193548560142517,
  "val_Precision_class4": 0.9948520064353943,
  "val_Recall_class0": 0.99528568983078,
  "val_Recall_class1": 0.8529411554336548,
  "val_Recall_class2": 0.9770679473876953,
  "val_Recall_class3": 0.7354838848114014,
  "val_Recall_class4": 0.9929351210594177,
  "val_loss": 0.04845835641026497,
  "epoch": 18,
  "global_step": 1178
}