{
  "loss": 0.03921819478273392,
  "Cat_accuracy": 0.9784186482429504,
  "F1_score_class0": 0.9884971380233765,
  "F1_score_class1": 0.791776716709137,
  "F1_score_class2": 0.9321364760398865,
  "F1_score_class3": 0.7556674480438232,
  "F1_score_class4": 0.9906345009803772,
  "Precision_class0": 0.9913362264633179,
  "Precision_class1": 0.7742676734924316,
  "Precision_class2": 0.9409664869308472,
  "Precision_class3": 0.787401556968689,
  "Precision_class4": 0.9919915795326233,
  "Recall_class0": 0.9856744408607483,
  "Recall_class1": 0.8100961446762085,
  "Recall_class2": 0.9234707355499268,
  "Recall_class3": 0.7263922691345215,
  "Recall_class4": 0.9892812371253967,
  "val_loss": 0.05931554734706879,
  "val_Cat_accuracy": 0.9834938049316406,
  "val_F1_score_class0": 0.9918399453163147,
  "val_F1_score_class1": 0.8356435298919678,
  "val_F1_score_class2": 0.9416666030883789,
  "val_F1_score_class3": 0.8129031658172607,
  "val_F1_score_class4": 0.9877655506134033,
  "val_Precision_class0": 0.9895409345626831,
  "val_Precision_class1": 0.9055793881416321,
  "val_Precision_class2": 0.9584393501281738,
  "val_Precision_class3": 0.8129032254219055,
  "val_Precision_class4": 0.9903163313865662,
  "val_Recall_class0": 0.9941497445106506,
  "val_Recall_class1": 0.7757353186607361,
  "val_Recall_class2": 0.9254709482192993,
  "val_Recall_class3": 0.8129032254219055,
  "val_Recall_class4": 0.9852280020713806,
  "epoch": 26,
  "global_step": 3348
}