{
  "loss": 0.03279576450586319,
  "Cat_accuracy": 0.9840788245201111,
  "F1_score_class0": 0.9919256567955017,
  "F1_score_class1": 0.8485395312309265,
  "F1_score_class2": 0.9620356559753418,
  "F1_score_class3": 0.6730082631111145,
  "F1_score_class4": 0.990096926689148,
  "Precision_class0": 0.9931899309158325,
  "Precision_class1": 0.8503319025039673,
  "Precision_class2": 0.9716877341270447,
  "Precision_class3": 0.6612149477005005,
  "Precision_class4": 0.9926066994667053,
  "Recall_class0": 0.9906646609306335,
  "Recall_class1": 0.846754789352417,
  "Recall_class2": 0.9525734186172485,
  "Recall_class3": 0.685230016708374,
  "Recall_class4": 0.9875998497009277,
  "val_loss": 0.05344454199075699,
  "val_Cat_accuracy": 0.985723078250885,
  "val_F1_score_class0": 0.9927247166633606,
  "val_F1_score_class1": 0.8383658528327942,
  "val_F1_score_class2": 0.9685689806938171,
  "val_F1_score_class3": 0.7770269513130188,
  "val_F1_score_class4": 0.9932323098182678,
  "val_Precision_class0": 0.993402361869812,
  "val_Precision_class1": 0.8109965920448303,
  "val_Precision_class2": 0.9782790541648865,
  "val_Precision_class3": 0.8156028389930725,
  "val_Precision_class4": 0.9967658519744873,
  "val_Recall_class0": 0.9920481443405151,
  "val_Recall_class1": 0.8676470518112183,
  "val_Recall_class2": 0.9590499401092529,
  "val_Recall_class3": 0.7419354915618896,
  "val_Recall_class4": 0.989723801612854,
  "epoch": 29,
  "global_step": 7440
}