{
  "loss": 0.1888272911310196,
  "Cat_accuracy": 0.9197773933410645,
  "F1_score_class0": 0.9452589750289917,
  "F1_score_class1": 0.5052252411842346,
  "F1_score_class2": 0.9130265712738037,
  "F1_score_class3": 0.5284132361412048,
  "F1_score_class4": 0.9680147171020508,
  "Precision_class0": 0.9964669346809387,
  "Precision_class1": 0.34686097502708435,
  "Precision_class2": 0.8748148083686829,
  "Precision_class3": 0.3800424635410309,
  "Precision_class4": 0.9507498741149902,
  "Recall_class0": 0.8990569710731506,
  "Recall_class1": 0.9296875,
  "Recall_class2": 0.9547291994094849,
  "Recall_class3": 0.8668280839920044,
  "Recall_class4": 0.9859184622764587,
  "val_loss": 0.20413470268249512,
  "val_Cat_accuracy": 0.9401887655258179,
  "val_F1_score_class0": 0.9609755873680115,
  "val_F1_score_class1": 0.5650429129600525,
  "val_F1_score_class2": 0.9384484887123108,
  "val_F1_score_class3": 0.5504950284957886,
  "val_F1_score_class4": 0.9743751287460327,
  "val_Precision_class0": 0.9955552816390991,
  "val_Precision_class1": 0.4104912579059601,
  "val_Precision_class2": 0.9669852256774902,
  "val_Precision_class3": 0.39714285731315613,
  "val_Precision_class4": 0.9600997567176819,
  "val_Recall_class0": 0.9287174940109253,
  "val_Recall_class1": 0.90625,
  "val_Recall_class2": 0.9115478992462158,
  "val_Recall_class3": 0.896774172782898,
  "val_Recall_class4": 0.9890815615653992,
  "epoch": 27,
  "global_step": 448
}