{
  "loss": 0.014479167759418488,
  "Cat_accuracy": 0.9919050335884094,
  "F1_score_class0": 0.9960182309150696,
  "F1_score_class1": 0.9203280210494995,
  "F1_score_class2": 0.9801074862480164,
  "F1_score_class3": 0.8557335734367371,
  "F1_score_class4": 0.9962159991264343,
  "Precision_class0": 0.9976774454116821,
  "Precision_class1": 0.8977142572402954,
  "Precision_class2": 0.9777420163154602,
  "Precision_class3": 0.8718593120574951,
  "Precision_class4": 0.9964255690574646,
  "Recall_class0": 0.9943646192550659,
  "Recall_class1": 0.9441105723381042,
  "Recall_class2": 0.9824845194816589,
  "Recall_class3": 0.8401936888694763,
  "Recall_class4": 0.9960067272186279,
  "val_loss": 0.04120538756251335,
  "val_Cat_accuracy": 0.9898496270179749,
  "val_F1_score_class0": 0.9946303963661194,
  "val_F1_score_class1": 0.9037579894065857,
  "val_F1_score_class2": 0.9750102162361145,
  "val_F1_score_class3": 0.8506492972373962,
  "val_F1_score_class4": 0.9929031729698181,
  "val_Precision_class0": 0.994998037815094,
  "val_Precision_class1": 0.9012796878814697,
  "val_Precision_class2": 0.9754098653793335,
  "val_Precision_class3": 0.8562091588973999,
  "val_Precision_class4": 0.9974076747894287,
  "val_Recall_class0": 0.9942632913589478,
  "val_Recall_class1": 0.90625,
  "val_Recall_class2": 0.9746109843254089,
  "val_Recall_class3": 0.8451613187789917,
  "val_Recall_class4": 0.9884393215179443,
  "epoch": 26,
  "global_step": 3348
}