{
  "loss": 0.017114076763391495,
  "Cat_accuracy": 0.9949089884757996,
  "F1_score_class0": 0.9979234933853149,
  "F1_score_class1": 0.9458217620849609,
  "F1_score_class2": 0.9845200181007385,
  "F1_score_class3": 0.8656330108642578,
  "F1_score_class4": 0.9988428950309753,
  "Precision_class0": 0.9973278045654297,
  "Precision_class1": 0.963817834854126,
  "Precision_class2": 0.9835933446884155,
  "Precision_class3": 0.9279778599739075,
  "Precision_class4": 0.9997894167900085,
  "Recall_class0": 0.998520016670227,
  "Recall_class1": 0.9284855723381042,
  "Recall_class2": 0.9854486584663391,
  "Recall_class3": 0.8111380338668823,
  "Recall_class4": 0.997898280620575,
  "val_loss": 0.0368732325732708,
  "val_Cat_accuracy": 0.99079829454422,
  "val_F1_score_class0": 0.9953432083129883,
  "val_F1_score_class1": 0.9134883284568787,
  "val_F1_score_class2": 0.972335159778595,
  "val_F1_score_class3": 0.8493150472640991,
  "val_F1_score_class4": 0.9948586225509644,
  "val_Precision_class0": 0.9951737523078918,
  "val_Precision_class1": 0.9246704578399658,
  "val_Precision_class2": 0.9660468697547913,
  "val_Precision_class3": 0.9051094651222229,
  "val_Precision_class4": 0.9954984188079834,
  "val_Recall_class0": 0.9955129027366638,
  "val_Recall_class1": 0.9025735259056091,
  "val_Recall_class2": 0.9787060022354126,
  "val_Recall_class3": 0.800000011920929,
  "val_Recall_class4": 0.9942196607589722,
  "epoch": 31,
  "global_step": 1984
}