{
  "loss": 0.015399783849716187,
  "Cat_accuracy": 0.9913516640663147,
  "F1_score_class0": 0.9954969882965088,
  "F1_score_class1": 0.9110193848609924,
  "F1_score_class2": 0.9795258045196533,
  "F1_score_class3": 0.834134578704834,
  "F1_score_class4": 0.9969540238380432,
  "Precision_class0": 0.9968417882919312,
  "Precision_class1": 0.8936415910720825,
  "Precision_class2": 0.9792620539665222,
  "Precision_class3": 0.8281623125076294,
  "Precision_class4": 0.9964308142662048,
  "Recall_class0": 0.9941559433937073,
  "Recall_class1": 0.9290865659713745,
  "Recall_class2": 0.9797897934913635,
  "Recall_class3": 0.8401936888694763,
  "Recall_class4": 0.9974779486656189,
  "val_loss": 0.047071244567632675,
  "val_Cat_accuracy": 0.988426685333252,
  "val_F1_score_class0": 0.9939884543418884,
  "val_F1_score_class1": 0.8844316601753235,
  "val_F1_score_class2": 0.9668710827827454,
  "val_F1_score_class3": 0.8068965077400208,
  "val_F1_score_class4": 0.9935649633407593,
  "val_Precision_class0": 0.9924688339233398,
  "val_Precision_class1": 0.9204771518707275,
  "val_Precision_class2": 0.9656862616539001,
  "val_Precision_class3": 0.8666666746139526,
  "val_Precision_class4": 0.9954867959022522,
  "val_Recall_class0": 0.9955129027366638,
  "val_Recall_class1": 0.8511029481887817,
  "val_Recall_class2": 0.9680589437484741,
  "val_Recall_class3": 0.7548387050628662,
  "val_Recall_class4": 0.9916505813598633,
  "epoch": 14,
  "global_step": 1860
}