{
  "loss": 0.12064255028963089,
  "Cat_accuracy": 0.9414694309234619,
  "F1_score_class0": 0.9733186364173889,
  "F1_score_class1": 0.14122530817985535,
  "F1_score_class2": 0.7447923421859741,
  "F1_score_class3": 0.0,
  "F1_score_class4": 0.9544321894645691,
  "Precision_class0": 0.9779893755912781,
  "Precision_class1": 0.5190839767456055,
  "Precision_class2": 0.7854154109954834,
  "Precision_class3": 0.0,
  "Precision_class4": 0.9839321374893188,
  "Recall_class0": 0.9686924815177917,
  "Recall_class1": 0.08173076808452606,
  "Recall_class2": 0.7081649303436279,
  "Recall_class3": 0.0,
  "Recall_class4": 0.9266498684883118,
  "val_loss": 0.17174407839775085,
  "val_Cat_accuracy": 0.9534696340560913,
  "val_F1_score_class0": 0.9801531434059143,
  "val_F1_score_class1": 0.5755995512008667,
  "val_F1_score_class2": 0.7957263588905334,
  "val_F1_score_class3": 0.0,
  "val_F1_score_class4": 0.964180052280426,
  "val_Precision_class0": 0.9827556610107422,
  "val_Precision_class1": 0.6650602221488953,
  "val_Precision_class2": 0.8319928646087646,
  "val_Precision_class3": 0.0,
  "val_Precision_class4": 0.9872139692306519,
  "val_Recall_class0": 0.9775644540786743,
  "val_Recall_class1": 0.5073529481887817,
  "val_Recall_class2": 0.7624897360801697,
  "val_Recall_class3": 0.0,
  "val_Recall_class4": 0.9421965479850769,
  "epoch": 29,
  "global_step": 480
}