{
  "loss": 0.03141361474990845,
  "Cat_accuracy": 0.9839997291564941,
  "F1_score_class0": 0.9915106892585754,
  "F1_score_class1": 0.8660416603088379,
  "F1_score_class2": 0.9566859602928162,
  "F1_score_class3": 0.7568269371986389,
  "F1_score_class4": 0.9825303554534912,
  "Precision_class0": 0.9913132786750793,
  "Precision_class1": 0.8715763688087463,
  "Precision_class2": 0.958108127117157,
  "Precision_class3": 0.817415714263916,
  "Precision_class4": 0.9899722933769226,
  "Recall_class0": 0.9917082786560059,
  "Recall_class1": 0.8605769276618958,
  "Recall_class2": 0.955268144607544,
  "Recall_class3": 0.7046005129814148,
  "Recall_class4": 0.9751996397972107,
  "val_loss": 0.058730728924274445,
  "val_Cat_accuracy": 0.9836360812187195,
  "val_F1_score_class0": 0.9910822510719299,
  "val_F1_score_class1": 0.8624030947685242,
  "val_F1_score_class2": 0.9515200853347778,
  "val_F1_score_class3": 0.7567566633224487,
  "val_F1_score_class4": 0.9818299412727356,
  "val_Precision_class0": 0.9879776239395142,
  "val_Precision_class1": 0.9118852615356445,
  "val_Precision_class2": 0.9546578526496887,
  "val_Precision_class3": 0.942307710647583,
  "val_Precision_class4": 0.9921311736106873,
  "val_Recall_class0": 0.9942065477371216,
  "val_Recall_class1": 0.8180146813392639,
  "val_Recall_class2": 0.9484029412269592,
  "val_Recall_class3": 0.6322580575942993,
  "val_Recall_class4": 0.9717405438423157,
  "epoch": 28,
  "global_step": 1798
}