{
  "loss": 0.07606995105743408,
  "Cat_accuracy": 0.9615488052368164,
  "F1_score_class0": 0.9789928197860718,
  "F1_score_class1": 0.6683705449104309,
  "F1_score_class2": 0.8587554097175598,
  "F1_score_class3": 0.6770980954170227,
  "F1_score_class4": 0.9642517566680908,
  "Precision_class0": 0.9782324433326721,
  "Precision_class1": 0.7135061621665955,
  "Precision_class2": 0.9013625383377075,
  "Precision_class3": 0.8206896781921387,
  "Precision_class4": 0.9676190614700317,
  "Recall_class0": 0.9797544479370117,
  "Recall_class1": 0.6286057829856873,
  "Recall_class2": 0.8199946284294128,
  "Recall_class3": 0.5762711763381958,
  "Recall_class4": 0.9609079360961914,
  "val_loss": 0.13151299953460693,
  "val_Cat_accuracy": 0.9642840027809143,
  "val_F1_score_class0": 0.9807963371276855,
  "val_F1_score_class1": 0.6759442687034607,
  "val_F1_score_class2": 0.855996310710907,
  "val_F1_score_class3": 0.7333332300186157,
  "val_F1_score_class4": 0.9701103568077087,
  "val_Precision_class0": 0.9753426313400269,
  "val_Precision_class1": 0.7359307408332825,
  "val_Precision_class2": 0.9393346309661865,
  "val_Precision_class3": 0.8608695864677429,
  "val_Precision_class4": 0.9815910458564758,
  "val_Recall_class0": 0.9863114953041077,
  "val_Recall_class1": 0.625,
  "val_Recall_class2": 0.7862407565116882,
  "val_Recall_class3": 0.6387096643447876,
  "val_Recall_class4": 0.9588953256607056,
  "epoch": 29,
  "global_step": 480
}