{
  "loss": 0.10502755641937256,
  "Cat_accuracy": 0.9522364139556885,
  "F1_score_class0": 0.9689361453056335,
  "F1_score_class1": 0.676445484161377,
  "F1_score_class2": 0.9416269659996033,
  "F1_score_class3": 0.5359565019607544,
  "F1_score_class4": 0.9800474643707275,
  "Precision_class0": 0.9985503554344177,
  "Precision_class1": 0.52335524559021,
  "Precision_class2": 0.9233359098434448,
  "Precision_class3": 0.3722902834415436,
  "Precision_class4": 0.9643946886062622,
  "Recall_class0": 0.9410279989242554,
  "Recall_class1": 0.956129789352417,
  "Recall_class2": 0.9606574773788452,
  "Recall_class3": 0.9564164876937866,
  "Recall_class4": 0.996216893196106,
  "val_loss": 0.10404331237077713,
  "val_Cat_accuracy": 0.9681259989738464,
  "val_F1_score_class0": 0.9797897338867188,
  "val_F1_score_class1": 0.7535368204116821,
  "val_F1_score_class2": 0.9378980398178101,
  "val_F1_score_class3": 0.7128204703330994,
  "val_F1_score_class4": 0.9847132563591003,
  "val_Precision_class0": 0.9963593482971191,
  "val_Precision_class1": 0.6332916021347046,
  "val_Precision_class2": 0.9124709367752075,
  "val_Precision_class3": 0.5914893746376038,
  "val_Precision_class4": 0.9766266345977783,
  "val_Recall_class0": 0.9637623429298401,
  "val_Recall_class1": 0.9301470518112183,
  "val_Recall_class2": 0.9647829532623291,
  "val_Recall_class3": 0.896774172782898,
  "val_Recall_class4": 0.9929351210594177,
  "epoch": 32,
  "global_step": 1023
}