{
  "loss": 0.010042100213468075,
  "Cat_accuracy": 0.994213342666626,
  "F1_score_class0": 0.99727463722229,
  "F1_score_class1": 0.9382569789886475,
  "F1_score_class2": 0.985022246837616,
  "F1_score_class3": 0.8688327074050903,
  "F1_score_class4": 0.9983182549476624,
  "Precision_class0": 0.9981752038002014,
  "Precision_class1": 0.9227193593978882,
  "Precision_class2": 0.9864864945411682,
  "Precision_class3": 0.8636363744735718,
  "Precision_class4": 0.9985281825065613,
  "Recall_class0": 0.9963759183883667,
  "Recall_class1": 0.9543269276618958,
  "Recall_class2": 0.9835624098777771,
  "Recall_class3": 0.8740919828414917,
  "Recall_class4": 0.998108446598053,
  "val_loss": 0.0339069738984108,
  "val_Cat_accuracy": 0.9915571808815002,
  "val_F1_score_class0": 0.9956814646720886,
  "val_F1_score_class1": 0.9151027202606201,
  "val_F1_score_class2": 0.9770491123199463,
  "val_F1_score_class3": 0.8482757806777954,
  "val_F1_score_class4": 0.9964595437049866,
  "val_Precision_class0": 0.9960777759552002,
  "val_Precision_class1": 0.8904348015785217,
  "val_Precision_class2": 0.9778506755828857,
  "val_Precision_class3": 0.9111111164093018,
  "val_Precision_class4": 0.9987096786499023,
  "val_Recall_class0": 0.99528568983078,
  "val_Recall_class1": 0.9411764740943909,
  "val_Recall_class2": 0.9762489795684814,
  "val_Recall_class3": 0.7935484051704407,
  "val_Recall_class4": 0.9942196607589722,
  "epoch": 17,
  "global_step": 4464
}