{
  "loss": 0.044759221374988556,
  "Cat_accuracy": 0.9736912846565247,
  "F1_score_class0": 0.9843231439590454,
  "F1_score_class1": 0.7457934617996216,
  "F1_score_class2": 0.9480265378952026,
  "F1_score_class3": 0.8674442172050476,
  "F1_score_class4": 0.9936211705207825,
  "Precision_class0": 0.9993156790733337,
  "Precision_class1": 0.5998536944389343,
  "Precision_class2": 0.917549192905426,
  "Precision_class3": 0.7716981172561646,
  "Precision_class4": 0.9887617230415344,
  "Recall_class0": 0.9697740077972412,
  "Recall_class1": 0.9855769276618958,
  "Recall_class2": 0.9805982112884521,
  "Recall_class3": 0.990314781665802,
  "Recall_class4": 0.998528778553009,
  "val_loss": 0.09485214948654175,
  "val_Cat_accuracy": 0.9736754894256592,
  "val_F1_score_class0": 0.9848588705062866,
  "val_F1_score_class1": 0.7866990566253662,
  "val_F1_score_class2": 0.9234411120414734,
  "val_F1_score_class3": 0.7878787517547607,
  "val_F1_score_class4": 0.9856458902359009,
  "val_Precision_class0": 0.9945557713508606,
  "val_Precision_class1": 0.7039186954498291,
  "val_Precision_class2": 0.8910890817642212,
  "val_Precision_class3": 0.6875,
  "val_Precision_class4": 0.9790874719619751,
  "val_Recall_class0": 0.9753493070602417,
  "val_Recall_class1": 0.8915441036224365,
  "val_Recall_class2": 0.9582309722900391,
  "val_Recall_class3": 0.9225806593894958,
  "val_Recall_class4": 0.9922928810119629,
  "epoch": 24,
  "global_step": 6200
}