{
  "loss": 0.1219216138124466,
  "Cat_accuracy": 0.9519360065460205,
  "F1_score_class0": 0.9659559726715088,
  "F1_score_class1": 0.6490721106529236,
  "F1_score_class2": 0.9515359401702881,
  "F1_score_class3": 0.6064413785934448,
  "F1_score_class4": 0.9809602499008179,
  "Precision_class0": 0.9976344108581543,
  "Precision_class1": 0.49403640627861023,
  "Precision_class2": 0.9354335069656372,
  "Precision_class3": 0.4488372206687927,
  "Precision_class4": 0.9661638736724854,
  "Recall_class0": 0.936227560043335,
  "Recall_class1": 0.9459134340286255,
  "Recall_class2": 0.9682026505470276,
  "Recall_class3": 0.9346246719360352,
  "Recall_class4": 0.996216893196106,
  "val_loss": 0.16281995177268982,
  "val_Cat_accuracy": 0.9583076238632202,
  "val_F1_score_class0": 0.9719256162643433,
  "val_F1_score_class1": 0.644871711730957,
  "val_F1_score_class2": 0.9516907930374146,
  "val_F1_score_class3": 0.715025782585144,
  "val_F1_score_class4": 0.9847326874732971,
  "val_Precision_class0": 0.9962426424026489,
  "val_Precision_class1": 0.4950787425041199,
  "val_Precision_class2": 0.9358670115470886,
  "val_Precision_class3": 0.5974025726318359,
  "val_Precision_class4": 0.9754253029823303,
  "val_Recall_class0": 0.9487674832344055,
  "val_Recall_class1": 0.9246323704719543,
  "val_Recall_class2": 0.9680589437484741,
  "val_Recall_class3": 0.8903225660324097,
  "val_Recall_class4": 0.9942196607589722,
  "epoch": 28,
  "global_step": 464
}