{
  "loss": 0.12041621655225754,
  "Cat_accuracy": 0.9335167407989502,
  "F1_score_class0": 0.95639967918396,
  "F1_score_class1": 0.591996967792511,
  "F1_score_class2": 0.8905954360961914,
  "F1_score_class3": 0.5207791328430176,
  "F1_score_class4": 0.985724687576294,
  "Precision_class0": 0.9977118968963623,
  "Precision_class1": 0.4296959936618805,
  "Precision_class2": 0.8357750177383423,
  "Precision_class3": 0.3558118939399719,
  "Precision_class4": 0.9774746894836426,
  "Recall_class0": 0.9183727502822876,
  "Recall_class1": 0.9513221383094788,
  "Recall_class2": 0.9531123638153076,
  "Recall_class3": 0.9709442853927612,
  "Recall_class4": 0.9941151738166809,
  "val_loss": 0.13922028243541718,
  "val_Cat_accuracy": 0.9566001296043396,
  "val_F1_score_class0": 0.9739875793457031,
  "val_F1_score_class1": 0.6177557706832886,
  "val_F1_score_class2": 0.9211922883987427,
  "val_F1_score_class3": 0.7848836779594421,
  "val_F1_score_class4": 0.9862662553787231,
  "val_Precision_class0": 0.9938519597053528,
  "val_Precision_class1": 0.4647495448589325,
  "val_Precision_class2": 0.9185667634010315,
  "val_Precision_class3": 0.7142857313156128,
  "val_Precision_class4": 0.9809402823448181,
  "val_Recall_class0": 0.9549017548561096,
  "val_Recall_class1": 0.9209558963775635,
  "val_Recall_class2": 0.9238329529762268,
  "val_Recall_class3": 0.8709677457809448,
  "val_Recall_class4": 0.9916505813598633,
  "epoch": 29,
  "global_step": 480
}