{
  "loss": 0.0459323450922966,
  "Cat_accuracy": 0.9798731803894043,
  "F1_score_class0": 0.9882756471633911,
  "F1_score_class1": 0.7968029975891113,
  "F1_score_class2": 0.9689340591430664,
  "F1_score_class3": 0.8139998912811279,
  "F1_score_class4": 0.992790699005127,
  "Precision_class0": 0.9995730519294739,
  "Precision_class1": 0.6673427820205688,
  "Precision_class2": 0.9630023837089539,
  "Precision_class3": 0.6933560371398926,
  "Precision_class4": 0.9871182441711426,
  "Recall_class0": 0.9772309064865112,
  "Recall_class1": 0.9885817170143127,
  "Recall_class2": 0.9749393463134766,
  "Recall_class3": 0.9854721426963806,
  "Recall_class4": 0.998528778553009,
  "val_loss": 0.06980807334184647,
  "val_Cat_accuracy": 0.9818811416625977,
  "val_F1_score_class0": 0.9897506237030029,
  "val_F1_score_class1": 0.796799898147583,
  "val_F1_score_class2": 0.964926540851593,
  "val_F1_score_class3": 0.8717948794364929,
  "val_F1_score_class4": 0.9916451573371887,
  "val_Precision_class0": 0.9950060248374939,
  "val_Precision_class1": 0.7053824067115784,
  "val_Precision_class2": 0.961007297039032,
  "val_Precision_class3": 0.8662420511245728,
  "val_Precision_class4": 0.9922829866409302,
  "val_Recall_class0": 0.9845507144927979,
  "val_Recall_class1": 0.9154411554336548,
  "val_Recall_class2": 0.9688779711723328,
  "val_Recall_class3": 0.8774193525314331,
  "val_Recall_class4": 0.9910083413124084,
  "epoch": 21,
  "global_step": 2728
}