{
  "loss": 0.019636759534478188,
  "Cat_accuracy": 0.9899445176124573,
  "F1_score_class0": 0.9947884678840637,
  "F1_score_class1": 0.9025915861129761,
  "F1_score_class2": 0.9652561545372009,
  "F1_score_class3": 0.8509554266929626,
  "F1_score_class4": 0.9957947134971619,
  "Precision_class0": 0.9953649044036865,
  "Precision_class1": 0.8948612213134766,
  "Precision_class2": 0.9685295820236206,
  "Precision_class3": 0.897849440574646,
  "Precision_class4": 0.9962137341499329,
  "Recall_class0": 0.9942128658294678,
  "Recall_class1": 0.9104567170143127,
  "Recall_class2": 0.9620048403739929,
  "Recall_class3": 0.8087167143821716,
  "Recall_class4": 0.9953762292861938,
  "val_loss": 0.050750769674777985,
  "val_Cat_accuracy": 0.9879523515701294,
  "val_F1_score_class0": 0.9938840270042419,
  "val_F1_score_class1": 0.8970873355865479,
  "val_F1_score_class2": 0.955796480178833,
  "val_F1_score_class3": 0.84488445520401,
  "val_F1_score_class4": 0.9886913895606995,
  "val_Precision_class0": 0.9909101128578186,
  "val_Precision_class1": 0.9506173133850098,
  "val_Precision_class2": 0.9736618399620056,
  "val_Precision_class3": 0.8648648858070374,
  "val_Precision_class4": 0.9947984218597412,
  "val_Recall_class0": 0.996876060962677,
  "val_Recall_class1": 0.8492646813392639,
  "val_Recall_class2": 0.9385749101638794,
  "val_Recall_class3": 0.8258064389228821,
  "val_Recall_class4": 0.9826589822769165,
  "epoch": 22,
  "global_step": 5704
}