{
  "loss": 0.15180033445358276,
  "Cat_accuracy": 0.9312242269515991,
  "F1_score_class0": 0.9536738991737366,
  "F1_score_class1": 0.5457407236099243,
  "F1_score_class2": 0.931230902671814,
  "F1_score_class3": 0.6116893291473389,
  "F1_score_class4": 0.963742196559906,
  "Precision_class0": 0.9973900318145752,
  "Precision_class1": 0.3849000632762909,
  "Precision_class2": 0.9160584211349487,
  "Precision_class3": 0.4569377899169922,
  "Precision_class4": 0.9374130964279175,
  "Recall_class0": 0.9136292338371277,
  "Recall_class1": 0.9375,
  "Recall_class2": 0.946914553642273,
  "Recall_class3": 0.9249394536018372,
  "Recall_class4": 0.9915931224822998,
  "val_loss": 0.16655682027339935,
  "val_Cat_accuracy": 0.9486315846443176,
  "val_F1_score_class0": 0.966790497303009,
  "val_F1_score_class1": 0.5985915064811707,
  "val_F1_score_class2": 0.9487913846969604,
  "val_F1_score_class3": 0.6635070443153381,
  "val_F1_score_class4": 0.9769642949104309,
  "val_Precision_class0": 0.9969826936721802,
  "val_Precision_class1": 0.4396551847457886,
  "val_Precision_class2": 0.9491803050041199,
  "val_Precision_class3": 0.5243445634841919,
  "val_Precision_class4": 0.9602977633476257,
  "val_Recall_class0": 0.9383732676506042,
  "val_Recall_class1": 0.9375,
  "val_Recall_class2": 0.9484029412269592,
  "val_Recall_class3": 0.9032257795333862,
  "val_Recall_class4": 0.9942196607589722,
  "epoch": 27,
  "global_step": 868
}