{
  "loss": 0.013270694762468338,
  "Cat_accuracy": 0.9925374388694763,
  "F1_score_class0": 0.996315598487854,
  "F1_score_class1": 0.9260790944099426,
  "F1_score_class2": 0.980571985244751,
  "F1_score_class3": 0.848635196685791,
  "F1_score_class4": 0.9967411756515503,
  "Precision_class0": 0.9972057938575745,
  "Precision_class1": 0.9115250110626221,
  "Precision_class2": 0.9818967580795288,
  "Precision_class3": 0.8702290058135986,
  "Precision_class4": 0.99705570936203,
  "Recall_class0": 0.9954271912574768,
  "Recall_class1": 0.9411057829856873,
  "Recall_class2": 0.9792508482933044,
  "Recall_class3": 0.8280871510505676,
  "Recall_class4": 0.996427059173584,
  "val_loss": 0.03303799405694008,
  "val_Cat_accuracy": 0.9911302924156189,
  "val_F1_score_class0": 0.9954261779785156,
  "val_F1_score_class1": 0.9142856597900391,
  "val_F1_score_class2": 0.9738134145736694,
  "val_F1_score_class3": 0.8794788122177124,
  "val_F1_score_class4": 0.9942232966423035,
  "val_Precision_class0": 0.9957374334335327,
  "val_Precision_class1": 0.9168207049369812,
  "val_Precision_class2": 0.973017156124115,
  "val_Precision_class3": 0.8881579041481018,
  "val_Precision_class4": 0.9935856461524963,
  "val_Recall_class0": 0.9951152801513672,
  "val_Recall_class1": 0.9117646813392639,
  "val_Recall_class2": 0.9746109843254089,
  "val_Recall_class3": 0.8709677457809448,
  "val_Recall_class4": 0.994861900806427,
  "epoch": 16,
  "global_step": 2108
}