{
  "loss": 0.15481245517730713,
  "Cat_accuracy": 0.9364891052246094,
  "F1_score_class0": 0.9597841501235962,
  "F1_score_class1": 0.5794909000396729,
  "F1_score_class2": 0.9459603428840637,
  "F1_score_class3": 0.4363425672054291,
  "F1_score_class4": 0.9702746272087097,
  "Precision_class0": 0.9971165060997009,
  "Precision_class1": 0.41804149746894836,
  "Precision_class2": 0.939176619052887,
  "Precision_class3": 0.2866920232772827,
  "Precision_class4": 0.9469788074493408,
  "Recall_class0": 0.9251465797424316,
  "Recall_class1": 0.9441105723381042,
  "Recall_class2": 0.9528428912162781,
  "Recall_class3": 0.9128329157829285,
  "Recall_class4": 0.994745671749115,
  "val_loss": 0.1279820054769516,
  "val_Cat_accuracy": 0.9631931185722351,
  "val_F1_score_class0": 0.9783663749694824,
  "val_F1_score_class1": 0.665359377861023,
  "val_F1_score_class2": 0.9540463089942932,
  "val_F1_score_class3": 0.7922437787055969,
  "val_F1_score_class4": 0.9735515713691711,
  "val_Precision_class0": 0.9967000484466553,
  "val_Precision_class1": 0.5162271857261658,
  "val_Precision_class2": 0.9474959373474121,
  "val_Precision_class3": 0.6941747665405273,
  "val_Precision_class4": 0.9549104571342468,
  "val_Recall_class0": 0.960695207118988,
  "val_Recall_class1": 0.935661792755127,
  "val_Recall_class2": 0.9606879353523254,
  "val_Recall_class3": 0.9225806593894958,
  "val_Recall_class4": 0.9929351210594177,
  "epoch": 28,
  "global_step": 1798
}