{
  "loss": 0.3872205317020416,
  "Cat_accuracy": 0.8220841288566589,
  "F1_score_class0": 0.8565830588340759,
  "F1_score_class1": 0.4356963038444519,
  "F1_score_class2": 0.8727759122848511,
  "F1_score_class3": 0.14520005881786346,
  "F1_score_class4": 0.882427990436554,
  "Precision_class0": 0.9898741245269775,
  "Precision_class1": 0.29477930068969727,
  "Precision_class2": 0.866631269454956,
  "Precision_class3": 0.07980769127607346,
  "Precision_class4": 0.8283237814903259,
  "Recall_class0": 0.7549285888671875,
  "Recall_class1": 0.8347355723381042,
  "Recall_class2": 0.8790083527565002,
  "Recall_class3": 0.8038740754127502,
  "Recall_class4": 0.944094181060791,
  "val_loss": 0.3861222565174103,
  "val_Cat_accuracy": 0.8801404237747192,
  "val_F1_score_class0": 0.9124460220336914,
  "val_F1_score_class1": 0.5445724129676819,
  "val_F1_score_class2": 0.9109501242637634,
  "val_F1_score_class3": 0.20705878734588623,
  "val_F1_score_class4": 0.8818989992141724,
  "val_Precision_class0": 0.9891844987869263,
  "val_Precision_class1": 0.40633484721183777,
  "val_Precision_class2": 0.9493783116340637,
  "val_Precision_class3": 0.11785714328289032,
  "val_Precision_class4": 0.8196359872817993,
  "val_Recall_class0": 0.8467568159103394,
  "val_Recall_class1": 0.8253676295280457,
  "val_Recall_class2": 0.875511884689331,
  "val_Recall_class3": 0.85161292552948,
  "val_Recall_class4": 0.9543994665145874,
  "epoch": 27,
  "global_step": 868
}