{
  "loss": 0.33631065487861633,
  "Cat_accuracy": 0.8629069328308105,
  "F1_score_class0": 0.8917917013168335,
  "F1_score_class1": 0.4873678386211395,
  "F1_score_class2": 0.7983716130256653,
  "F1_score_class3": 0.2581580579280853,
  "F1_score_class4": 0.9402157068252563,
  "Precision_class0": 0.9935677647590637,
  "Precision_class1": 0.3472045063972473,
  "Precision_class2": 0.7561445832252502,
  "Precision_class3": 0.1518123596906662,
  "Precision_class4": 0.9035070538520813,
  "Recall_class0": 0.8089292645454407,
  "Recall_class1": 0.817307710647583,
  "Recall_class2": 0.8455941677093506,
  "Recall_class3": 0.861985445022583,
  "Recall_class4": 0.9800336360931396,
  "val_loss": 0.4086814820766449,
  "val_Cat_accuracy": 0.8853104114532471,
  "val_F1_score_class0": 0.9095832109451294,
  "val_F1_score_class1": 0.5071942210197449,
  "val_F1_score_class2": 0.8025815486907959,
  "val_F1_score_class3": 0.38255971670150757,
  "val_F1_score_class4": 0.9401233792304993,
  "val_Precision_class0": 0.9926115274429321,
  "val_Precision_class1": 0.3763345181941986,
  "val_Precision_class2": 0.748053789138794,
  "val_Precision_class3": 0.24460431933403015,
  "val_Precision_class4": 0.9049316644668579,
  "val_Recall_class0": 0.8393729329109192,
  "val_Recall_class1": 0.7775735259056091,
  "val_Recall_class2": 0.8656838536262512,
  "val_Recall_class3": 0.8774193525314331,
  "val_Recall_class4": 0.9781631231307983,
  "epoch": 29,
  "global_step": 480
}