{
  "loss": 0.051953479647636414,
  "Cat_accuracy": 0.9859444499015808,
  "F1_score_class0": 0.9930907487869263,
  "F1_score_class1": 0.837454617023468,
  "F1_score_class2": 0.9599238634109497,
  "F1_score_class3": 0.7164177894592285,
  "F1_score_class4": 0.9931527376174927,
  "Precision_class0": 0.9893969893455505,
  "Precision_class1": 0.9276844263076782,
  "Precision_class2": 0.9679452180862427,
  "Precision_class3": 0.9338521361351013,
  "Precision_class4": 0.9955649375915527,
  "Recall_class0": 0.9968123435974121,
  "Recall_class1": 0.7632211446762085,
  "Recall_class2": 0.9520344734191895,
  "Recall_class3": 0.5811138153076172,
  "Recall_class4": 0.9907523989677429,
  "val_loss": 0.04964781180024147,
  "val_Cat_accuracy": 0.9865294098854065,
  "val_F1_score_class0": 0.9931698441505432,
  "val_F1_score_class1": 0.8646034598350525,
  "val_F1_score_class2": 0.9599338173866272,
  "val_F1_score_class3": 0.7806691527366638,
  "val_F1_score_class4": 0.9932540655136108,
  "val_Precision_class0": 0.991119384765625,
  "val_Precision_class1": 0.9122449159622192,
  "val_Precision_class2": 0.9683333039283752,
  "val_Precision_class3": 0.9210526347160339,
  "val_Precision_class4": 0.9935732483863831,
  "val_Recall_class0": 0.9952288866043091,
  "val_Recall_class1": 0.8216911554336548,
  "val_Recall_class2": 0.9516789317131042,
  "val_Recall_class3": 0.6774193644523621,
  "val_Recall_class4": 0.9929351210594177,
  "epoch": 34,
  "global_step": 560
}