{
  "loss": 0.09479223191738129,
  "Cat_accuracy": 0.949058473110199,
  "F1_score_class0": 0.9675405025482178,
  "F1_score_class1": 0.6360409259796143,
  "F1_score_class2": 0.8957781791687012,
  "F1_score_class3": 0.725114107131958,
  "F1_score_class4": 0.9874998927116394,
  "Precision_class0": 0.9983450174331665,
  "Precision_class1": 0.4732981324195862,
  "Precision_class2": 0.8413825631141663,
  "Precision_class3": 0.5821114182472229,
  "Precision_class4": 0.9789343476295471,
  "Recall_class0": 0.938580334186554,
  "Recall_class1": 0.9693509340286255,
  "Recall_class2": 0.957693338394165,
  "Recall_class3": 0.9612590670585632,
  "Recall_class4": 0.996216893196106,
  "val_loss": 0.14779646694660187,
  "val_Cat_accuracy": 0.9536119103431702,
  "val_F1_score_class0": 0.971670925617218,
  "val_F1_score_class1": 0.637810230255127,
  "val_F1_score_class2": 0.8893234133720398,
  "val_F1_score_class3": 0.7335091829299927,
  "val_F1_score_class4": 0.9890954494476318,
  "val_Precision_class0": 0.9946463704109192,
  "val_Precision_class1": 0.4878286123275757,
  "val_Precision_class2": 0.851047933101654,
  "val_Precision_class3": 0.6205357313156128,
  "val_Precision_class4": 0.9878283143043518,
  "val_Recall_class0": 0.9497330188751221,
  "val_Recall_class1": 0.9209558963775635,
  "val_Recall_class2": 0.9312039017677307,
  "val_Recall_class3": 0.896774172782898,
  "val_Recall_class4": 0.9903661012649536,
  "epoch": 28,
  "global_step": 7192
}