{
  "loss": 0.091742604970932,
  "Cat_accuracy": 0.974418580532074,
  "F1_score_class0": 0.9863658547401428,
  "F1_score_class1": 0.7417310476303101,
  "F1_score_class2": 0.9119619131088257,
  "F1_score_class3": 0.7245949506759644,
  "F1_score_class4": 0.978516161441803,
  "Precision_class0": 0.9796735644340515,
  "Precision_class1": 0.8947368264198303,
  "Precision_class2": 0.947169840335846,
  "Precision_class3": 0.9248120188713074,
  "Precision_class4": 0.985504150390625,
  "Recall_class0": 0.9931502938270569,
  "Recall_class1": 0.6334134340286255,
  "Recall_class2": 0.8792778253555298,
  "Recall_class3": 0.5956416726112366,
  "Recall_class4": 0.9716267585754395,
  "val_loss": 0.09374445676803589,
  "val_Cat_accuracy": 0.9752881526947021,
  "val_F1_score_class0": 0.9868735671043396,
  "val_F1_score_class1": 0.7505284547805786,
  "val_F1_score_class2": 0.9173377752304077,
  "val_F1_score_class3": 0.7557251453399658,
  "val_F1_score_class4": 0.9753726124763489,
  "val_Precision_class0": 0.9809753894805908,
  "val_Precision_class1": 0.8830845952033997,
  "val_Precision_class2": 0.9507908821105957,
  "val_Precision_class3": 0.9252336621284485,
  "val_Precision_class4": 0.9843034744262695,
  "val_Recall_class0": 0.9928433299064636,
  "val_Recall_class1": 0.6525735259056091,
  "val_Recall_class2": 0.8861588835716248,
  "val_Recall_class3": 0.6387096643447876,
  "val_Recall_class4": 0.9666024446487427,
  "epoch": 29,
  "global_step": 930
}