{
  "loss": 0.05740649625658989,
  "Cat_accuracy": 0.9741339683532715,
  "F1_score_class0": 0.9842183589935303,
  "F1_score_class1": 0.8037474155426025,
  "F1_score_class2": 0.9665287733078003,
  "F1_score_class3": 0.6160919070243835,
  "F1_score_class4": 0.9898820519447327,
  "Precision_class0": 0.9991398453712463,
  "Precision_class1": 0.681438148021698,
  "Precision_class2": 0.9567053914070129,
  "Precision_class3": 0.4506726562976837,
  "Precision_class4": 0.9826050996780396,
  "Recall_class0": 0.9697360396385193,
  "Recall_class1": 0.979567289352417,
  "Recall_class2": 0.9765561819076538,
  "Recall_class3": 0.9733656048774719,
  "Recall_class4": 0.9972677826881409,
  "val_loss": 0.0788799524307251,
  "val_Cat_accuracy": 0.9767585396766663,
  "val_F1_score_class0": 0.9863296151161194,
  "val_F1_score_class1": 0.7913445830345154,
  "val_F1_score_class2": 0.9694251418113708,
  "val_F1_score_class3": 0.6885245442390442,
  "val_F1_score_class4": 0.9923174977302551,
  "val_Precision_class0": 0.9975601434707642,
  "val_Precision_class1": 0.6826666593551636,
  "val_Precision_class2": 0.9650974273681641,
  "val_Precision_class3": 0.5404411554336548,
  "val_Precision_class4": 0.9891512393951416,
  "val_Recall_class0": 0.9753493070602417,
  "val_Recall_class1": 0.9411764740943909,
  "val_Recall_class2": 0.9737919569015503,
  "val_Recall_class3": 0.948387086391449,
  "val_Recall_class4": 0.9955042004585266,
  "epoch": 33,
  "global_step": 2108
}