{
  "loss": 0.01724221371114254,
  "Cat_accuracy": 0.991320013999939,
  "F1_score_class0": 0.9954608082771301,
  "F1_score_class1": 0.9056939482688904,
  "F1_score_class2": 0.9787290692329407,
  "F1_score_class3": 0.8614993095397949,
  "F1_score_class4": 0.9981076121330261,
  "Precision_class0": 0.9963881969451904,
  "Precision_class1": 0.8940281271934509,
  "Precision_class2": 0.9779391884803772,
  "Precision_class3": 0.9064171314239502,
  "Precision_class4": 0.9985275268554688,
  "Recall_class0": 0.9945353865623474,
  "Recall_class1": 0.9176682829856873,
  "Recall_class2": 0.979520320892334,
  "Recall_class3": 0.8208232522010803,
  "Recall_class4": 0.9976881146430969,
  "val_loss": 0.04862523823976517,
  "val_Cat_accuracy": 0.9883318543434143,
  "val_F1_score_class0": 0.9937220811843872,
  "val_F1_score_class1": 0.8682027459144592,
  "val_F1_score_class2": 0.9725296497344971,
  "val_F1_score_class3": 0.8553053736686707,
  "val_F1_score_class4": 0.995175302028656,
  "val_Precision_class0": 0.9939762353897095,
  "val_Precision_class1": 0.8706099987030029,
  "val_Precision_class2": 0.9737274050712585,
  "val_Precision_class3": 0.8525640964508057,
  "val_Precision_class4": 0.9967783689498901,
  "val_Recall_class0": 0.993468165397644,
  "val_Recall_class1": 0.8658088445663452,
  "val_Recall_class2": 0.9713349938392639,
  "val_Recall_class3": 0.8580645322799683,
  "val_Recall_class4": 0.9935774207115173,
  "epoch": 9,
  "global_step": 2480
}