{
  "loss": 0.14184443652629852,
  "Cat_accuracy": 0.9285996556282043,
  "F1_score_class0": 0.952881395816803,
  "F1_score_class1": 0.6726571917533875,
  "F1_score_class2": 0.9145277142524719,
  "F1_score_class3": 0.31004011631011963,
  "F1_score_class4": 0.9712525010108948,
  "Precision_class0": 0.9979438781738281,
  "Precision_class1": 0.5222591161727905,
  "Precision_class2": 0.8730702996253967,
  "Precision_class3": 0.18584497272968292,
  "Precision_class4": 0.9494178891181946,
  "Recall_class0": 0.9117128252983093,
  "Recall_class1": 0.9447115659713745,
  "Recall_class2": 0.9601185917854309,
  "Recall_class3": 0.9346246719360352,
  "Recall_class4": 0.9941151738166809,
  "val_loss": 0.1283542960882187,
  "val_Cat_accuracy": 0.9645211696624756,
  "val_F1_score_class0": 0.9783399105072021,
  "val_F1_score_class1": 0.7528173327445984,
  "val_F1_score_class2": 0.9284252524375916,
  "val_F1_score_class3": 0.6238531470298767,
  "val_F1_score_class4": 0.9755942225456238,
  "val_Precision_class0": 0.9951821565628052,
  "val_Precision_class1": 0.6365946531295776,
  "val_Precision_class2": 0.9272875785827637,
  "val_Precision_class3": 0.4839857518672943,
  "val_Precision_class4": 0.9630788564682007,
  "val_Recall_class0": 0.9620583653450012,
  "val_Recall_class1": 0.9209558963775635,
  "val_Recall_class2": 0.9295659065246582,
  "val_Recall_class3": 0.8774193525314331,
  "val_Recall_class4": 0.9884393215179443,
  "epoch": 28,
  "global_step": 899
}