{
  "loss": 0.09399589896202087,
  "Cat_accuracy": 0.9557463526725769,
  "F1_score_class0": 0.9713287949562073,
  "F1_score_class1": 0.6869209408760071,
  "F1_score_class2": 0.9442760944366455,
  "F1_score_class3": 0.5718411207199097,
  "F1_score_class4": 0.9808508157730103,
  "Precision_class0": 0.9985172748565674,
  "Precision_class1": 0.5354383587837219,
  "Precision_class2": 0.923711359500885,
  "Precision_class3": 0.40740740299224854,
  "Precision_class4": 0.9663471579551697,
  "Recall_class0": 0.94558185338974,
  "Recall_class1": 0.957932710647583,
  "Recall_class2": 0.9657773971557617,
  "Recall_class3": 0.9588377475738525,
  "Recall_class4": 0.9957965612411499,
  "val_loss": 0.09388412535190582,
  "val_Cat_accuracy": 0.9700706601142883,
  "val_F1_score_class0": 0.9811440110206604,
  "val_F1_score_class1": 0.7816627621650696,
  "val_F1_score_class2": 0.9338582158088684,
  "val_F1_score_class3": 0.8048047423362732,
  "val_F1_score_class4": 0.9724136590957642,
  "val_Precision_class0": 0.9963110685348511,
  "val_Precision_class1": 0.6769852042198181,
  "val_Precision_class2": 0.8991660475730896,
  "val_Precision_class3": 0.7528089880943298,
  "val_Precision_class4": 0.9497856497764587,
  "val_Recall_class0": 0.9664319157600403,
  "val_Recall_class1": 0.9246323704719543,
  "val_Recall_class2": 0.9713349938392639,
  "val_Recall_class3": 0.8645161390304565,
  "val_Recall_class4": 0.9961464405059814,
  "epoch": 34,
  "global_step": 1085
}