{
  "loss": 0.22027122974395752,
  "Cat_accuracy": 0.8952868580818176,
  "F1_score_class0": 0.9236591458320618,
  "F1_score_class1": 0.5530037879943848,
  "F1_score_class2": 0.9140198230743408,
  "F1_score_class3": 0.2707100510597229,
  "F1_score_class4": 0.920306384563446,
  "Precision_class0": 0.9956791400909424,
  "Precision_class1": 0.39825350046157837,
  "Precision_class2": 0.9016780257225037,
  "Precision_class3": 0.15975557267665863,
  "Precision_class4": 0.8737955689430237,
  "Recall_class0": 0.8613551259040833,
  "Recall_class1": 0.9044471383094788,
  "Recall_class2": 0.9267044067382812,
  "Recall_class3": 0.8861985206604004,
  "Recall_class4": 0.9720470905303955,
  "val_loss": 0.18908929824829102,
  "val_Cat_accuracy": 0.9418963193893433,
  "val_F1_score_class0": 0.9585784077644348,
  "val_F1_score_class1": 0.5673515796661377,
  "val_F1_score_class2": 0.9384042024612427,
  "val_F1_score_class3": 0.6363636255264282,
  "val_F1_score_class4": 0.9703678488731384,
  "val_Precision_class0": 0.9942634105682373,
  "val_Precision_class1": 0.41142383217811584,
  "val_Precision_class2": 0.947412371635437,
  "val_Precision_class3": 0.5057034492492676,
  "val_Precision_class4": 0.9841479659080505,
  "val_Recall_class0": 0.9253663420677185,
  "val_Recall_class1": 0.9136029481887817,
  "val_Recall_class2": 0.9295659065246582,
  "val_Recall_class3": 0.8580645322799683,
  "val_Recall_class4": 0.9569685459136963,
  "epoch": 28,
  "global_step": 3596
}