{
  "loss": 0.09714292734861374,
  "Cat_accuracy": 0.9395089149475098,
  "F1_score_class0": 0.9617180228233337,
  "F1_score_class1": 0.605438232421875,
  "F1_score_class2": 0.9400836825370789,
  "F1_score_class3": 0.45193925499916077,
  "F1_score_class4": 0.9796932935714722,
  "Precision_class0": 0.9981628656387329,
  "Precision_class1": 0.44283726811408997,
  "Precision_class2": 0.9135519862174988,
  "Precision_class3": 0.29428988695144653,
  "Precision_class4": 0.966080904006958,
  "Recall_class0": 0.9278409481048584,
  "Recall_class1": 0.9567307829856873,
  "Recall_class2": 0.9682026505470276,
  "Recall_class3": 0.9733656048774719,
  "Recall_class4": 0.9936948418617249,
  "val_loss": 0.11488959193229675,
  "val_Cat_accuracy": 0.9631931185722351,
  "val_F1_score_class0": 0.9793139100074768,
  "val_F1_score_class1": 0.7089335918426514,
  "val_F1_score_class2": 0.9484959840774536,
  "val_F1_score_class3": 0.5271317362785339,
  "val_F1_score_class4": 0.9859064221382141,
  "val_Precision_class0": 0.9951333999633789,
  "val_Precision_class1": 0.5829383730888367,
  "val_Precision_class2": 0.9543946981430054,
  "val_Precision_class3": 0.3767313063144684,
  "val_Precision_class4": 0.9833865761756897,
  "val_Recall_class0": 0.9639895558357239,
  "val_Recall_class1": 0.904411792755127,
  "val_Recall_class2": 0.9426699280738831,
  "val_Recall_class3": 0.8774193525314331,
  "val_Recall_class4": 0.9884393215179443,
  "epoch": 28,
  "global_step": 464
}