{
  "loss": 0.05994361266493797,
  "Cat_accuracy": 0.9732169508934021,
  "F1_score_class0": 0.9855488538742065,
  "F1_score_class1": 0.7834040522575378,
  "F1_score_class2": 0.9312662482261658,
  "F1_score_class3": 0.5701357126235962,
  "F1_score_class4": 0.9564936757087708,
  "Precision_class0": 0.981846272945404,
  "Precision_class1": 0.8582677245140076,
  "Precision_class2": 0.9485746026039124,
  "Precision_class3": 0.7559999823570251,
  "Precision_class4": 0.9782465100288391,
  "Recall_class0": 0.989279568195343,
  "Recall_class1": 0.7205528616905212,
  "Recall_class2": 0.9145782589912415,
  "Recall_class3": 0.4576271176338196,
  "Recall_class4": 0.935687243938446,
  "val_loss": 0.09901462495326996,
  "val_Cat_accuracy": 0.9729165434837341,
  "val_F1_score_class0": 0.9859614968299866,
  "val_F1_score_class1": 0.7695559859275818,
  "val_F1_score_class2": 0.9248119592666626,
  "val_F1_score_class3": 0.627906858921051,
  "val_F1_score_class4": 0.9581950306892395,
  "val_Precision_class0": 0.9787329435348511,
  "val_Precision_class1": 0.9054726362228394,
  "val_Precision_class2": 0.9437339901924133,
  "val_Precision_class3": 0.7864077687263489,
  "val_Precision_class4": 0.9910775423049927,
  "val_Recall_class0": 0.9932977557182312,
  "val_Recall_class1": 0.6691176295280457,
  "val_Recall_class2": 0.9066339135169983,
  "val_Recall_class3": 0.522580623626709,
  "val_Recall_class4": 0.9274245500564575,
  "epoch": 29,
  "global_step": 480
}