{
  "loss": 0.21351337432861328,
  "Cat_accuracy": 0.9406946897506714,
  "F1_score_class0": 0.97679603099823,
  "F1_score_class1": 0.0,
  "F1_score_class2": 0.7240992784500122,
  "F1_score_class3": 0.0,
  "F1_score_class4": 0.9450837969779968,
  "Precision_class0": 0.965418815612793,
  "Precision_class1": 0.0,
  "Precision_class2": 0.7513763904571533,
  "Precision_class3": 0.0,
  "Precision_class4": 0.9876288771629333,
  "Recall_class0": 0.9884446859359741,
  "Recall_class1": 0.0,
  "Recall_class2": 0.6987335085868835,
  "Recall_class3": 0.0,
  "Recall_class4": 0.9060529470443726,
  "val_loss": 0.18868328630924225,
  "val_Cat_accuracy": 0.9455485343933105,
  "val_F1_score_class0": 0.9819313883781433,
  "val_F1_score_class1": 0.0,
  "val_F1_score_class2": 0.7720050811767578,
  "val_F1_score_class3": 0.0,
  "val_F1_score_class4": 0.9525400400161743,
  "val_Precision_class0": 0.9702262282371521,
  "val_Precision_class1": 0.0,
  "val_Precision_class2": 0.8113718628883362,
  "val_Precision_class3": 0.0,
  "val_Precision_class4": 0.99303138256073,
  "val_Recall_class0": 0.9939225316047668,
  "val_Recall_class1": 0.0,
  "val_Recall_class2": 0.7362817525863647,
  "val_Recall_class3": 0.0,
  "val_Recall_class4": 0.9152215719223022,
  "epoch": 29,
  "global_step": 480
}