{
  "Cat_accuracy": 0.9744660258293152,
  "F1_score_class0": 0.9877802133560181,
  "F1_score_class1": 0.7109804153442383,
  "F1_score_class2": 0.927148699760437,
  "F1_score_class3": 0.30364370346069336,
  "F1_score_class4": 0.9730826020240784,
  "Precision_class0": 0.9802500009536743,
  "Precision_class1": 0.9140698909759521,
  "Precision_class2": 0.9389334321022034,
  "Precision_class3": 0.9259259104728699,
  "Precision_class4": 0.989357054233551,
  "Recall_class0": 0.9954271912574768,
  "Recall_class1": 0.5817307829856873,
  "Recall_class2": 0.9156561493873596,
  "Recall_class3": 0.18159806728363037,
  "Recall_class4": 0.9573349952697754,
  "loss": 0.09270288050174713,
  "val_Cat_accuracy": 0.9733434319496155,
  "val_F1_score_class0": 0.9868872761726379,
  "val_F1_score_class1": 0.7123287320137024,
  "val_F1_score_class2": 0.9213667511940002,
  "val_F1_score_class3": 0.28729280829429626,
  "val_F1_score_class4": 0.9715033769607544,
  "val_Precision_class0": 0.9779165983200073,
  "val_Precision_class1": 0.9397590160369873,
  "val_Precision_class2": 0.9263244867324829,
  "val_Precision_class3": 1.0,
  "val_Precision_class4": 0.991310179233551,
  "val_Recall_class0": 0.9960240721702576,
  "val_Recall_class1": 0.5735294222831726,
  "val_Recall_class2": 0.9164619445800781,
  "val_Recall_class3": 0.16774193942546844,
  "val_Recall_class4": 0.9524726867675781,
  "val_loss": 0.09383189678192139,
  "epoch": 29,
  "global_step": 480
}