{
  "loss": 0.011488199234008789,
  "Cat_accuracy": 0.993691623210907,
  "F1_score_class0": 0.9969325065612793,
  "F1_score_class1": 0.9380164742469788,
  "F1_score_class2": 0.9830279350280762,
  "F1_score_class3": 0.8677378296852112,
  "F1_score_class4": 0.9970575571060181,
  "Precision_class0": 0.9979276657104492,
  "Precision_class1": 0.921693742275238,
  "Precision_class2": 0.9827632904052734,
  "Precision_class3": 0.8863636255264282,
  "Precision_class4": 0.9970576167106628,
  "Recall_class0": 0.9959394931793213,
  "Recall_class1": 0.9549278616905212,
  "Recall_class2": 0.9832929372787476,
  "Recall_class3": 0.8498789072036743,
  "Recall_class4": 0.9970576167106628,
  "val_loss": 0.032165903598070145,
  "val_Cat_accuracy": 0.9913674592971802,
  "val_F1_score_class0": 0.9955108165740967,
  "val_F1_score_class1": 0.91734778881073,
  "val_F1_score_class2": 0.9766679406166077,
  "val_F1_score_class3": 0.882352888584137,
  "val_F1_score_class4": 0.9929260015487671,
  "val_Precision_class0": 0.9959636330604553,
  "val_Precision_class1": 0.906642735004425,
  "val_Precision_class2": 0.9762684106826782,
  "val_Precision_class3": 0.8940397500991821,
  "val_Precision_class4": 0.9942047595977783,
  "val_Recall_class0": 0.9950584769248962,
  "val_Recall_class1": 0.9283088445663452,
  "val_Recall_class2": 0.9770679473876953,
  "val_Recall_class3": 0.8709677457809448,
  "val_Recall_class4": 0.9916505813598633,
  "epoch": 21,
  "global_step": 2728
}