{
  "loss": 0.12599939107894897,
  "Cat_accuracy": 0.9285680651664734,
  "F1_score_class0": 0.9534399509429932,
  "F1_score_class1": 0.6976028084754944,
  "F1_score_class2": 0.9341915249824524,
  "F1_score_class3": 0.29425111413002014,
  "F1_score_class4": 0.9409766793251038,
  "Precision_class0": 0.9979875087738037,
  "Precision_class1": 0.5501214265823364,
  "Precision_class2": 0.9113275408744812,
  "Precision_class3": 0.17436127364635468,
  "Precision_class4": 0.8964795470237732,
  "Recall_class0": 0.9126994609832764,
  "Recall_class1": 0.953125,
  "Recall_class2": 0.9582322835922241,
  "Recall_class3": 0.9418886303901672,
  "Recall_class4": 0.9901219010353088,
  "val_loss": 0.14019855856895447,
  "val_Cat_accuracy": 0.9553669095039368,
  "val_F1_score_class0": 0.9725585579872131,
  "val_F1_score_class1": 0.7583011388778687,
  "val_F1_score_class2": 0.9238617420196533,
  "val_F1_score_class3": 0.48015111684799194,
  "val_F1_score_class4": 0.9597737193107605,
  "val_Precision_class0": 0.9949498176574707,
  "val_Precision_class1": 0.6537949442863464,
  "val_Precision_class2": 0.8869630694389343,
  "val_Precision_class3": 0.3395721912384033,
  "val_Precision_class4": 0.9396923184394836,
  "val_Recall_class0": 0.951153039932251,
  "val_Recall_class1": 0.9025735259056091,
  "val_Recall_class2": 0.9639639854431152,
  "val_Recall_class3": 0.8193548321723938,
  "val_Recall_class4": 0.9807322025299072,
  "epoch": 29,
  "global_step": 1860
}