{
  "loss": 0.01928737387061119,
  "Cat_accuracy": 0.9898496270179749,
  "F1_score_class0": 0.9945573210716248,
  "F1_score_class1": 0.8995841145515442,
  "F1_score_class2": 0.9783339500427246,
  "F1_score_class3": 0.820766270160675,
  "F1_score_class4": 0.9932716488838196,
  "Precision_class0": 0.9957396388053894,
  "Precision_class1": 0.889541745185852,
  "Precision_class2": 0.977150559425354,
  "Precision_class3": 0.8383838534355164,
  "Precision_class4": 0.9936895370483398,
  "Recall_class0": 0.9933779835700989,
  "Recall_class1": 0.9098557829856873,
  "Recall_class2": 0.979520320892334,
  "Recall_class3": 0.8038740754127502,
  "Recall_class4": 0.992854118347168,
  "val_loss": 0.049799732863903046,
  "val_Cat_accuracy": 0.9870986342430115,
  "val_F1_score_class0": 0.9933006763458252,
  "val_F1_score_class1": 0.8637626767158508,
  "val_F1_score_class2": 0.9655454158782959,
  "val_F1_score_class3": 0.8137930631637573,
  "val_F1_score_class4": 0.9935649633407593,
  "val_Precision_class0": 0.9928498268127441,
  "val_Precision_class1": 0.8710280656814575,
  "val_Precision_class2": 0.9671322703361511,
  "val_Precision_class3": 0.8740741014480591,
  "val_Precision_class4": 0.9954867959022522,
  "val_Recall_class0": 0.993752121925354,
  "val_Recall_class1": 0.8566176295280457,
  "val_Recall_class2": 0.9639639854431152,
  "val_Recall_class3": 0.7612903118133545,
  "val_Recall_class4": 0.9916505813598633,
  "epoch": 29,
  "global_step": 480
}