{
  "loss": 0.04684768617153168,
  "Cat_accuracy": 0.987114429473877,
  "F1_score_class0": 0.9936493039131165,
  "F1_score_class1": 0.8436173796653748,
  "F1_score_class2": 0.9678730964660645,
  "F1_score_class3": 0.762569785118103,
  "F1_score_class4": 0.9941027164459229,
  "Precision_class0": 0.9912757873535156,
  "Precision_class1": 0.9235168099403381,
  "Precision_class2": 0.9738134145736694,
  "Precision_class3": 0.9009901285171509,
  "Precision_class4": 0.9962009191513062,
  "Recall_class0": 0.9960343837738037,
  "Recall_class1": 0.776442289352417,
  "Recall_class2": 0.9620048403739929,
  "Recall_class3": 0.6610169410705566,
  "Recall_class4": 0.9920134544372559,
  "val_loss": 0.04933452978730202,
  "val_Cat_accuracy": 0.9869562983512878,
  "val_F1_score_class0": 0.9933661222457886,
  "val_F1_score_class1": 0.8479999899864197,
  "val_F1_score_class2": 0.967453122138977,
  "val_F1_score_class3": 0.8124999403953552,
  "val_F1_score_class4": 0.991304337978363,
  "val_Precision_class0": 0.9916232824325562,
  "val_Precision_class1": 0.9298245906829834,
  "val_Precision_class2": 0.9611964225769043,
  "val_Precision_class3": 0.8796992301940918,
  "val_Precision_class4": 0.9941860437393188,
  "val_Recall_class0": 0.9951152801513672,
  "val_Recall_class1": 0.779411792755127,
  "val_Recall_class2": 0.9737919569015503,
  "val_Recall_class3": 0.7548387050628662,
  "val_Recall_class4": 0.9884393215179443,
  "epoch": 29,
  "global_step": 930
}