{
  "loss": 0.2386525571346283,
  "Cat_accuracy": 0.9044253826141357,
  "F1_score_class0": 0.9312648177146912,
  "F1_score_class1": 0.5058090090751648,
  "F1_score_class2": 0.9065517783164978,
  "F1_score_class3": 0.31840792298316956,
  "F1_score_class4": 0.9667350649833679,
  "Precision_class0": 0.9948245882987976,
  "Precision_class1": 0.351345032453537,
  "Precision_class2": 0.8790179491043091,
  "Precision_class3": 0.19577307999134064,
  "Precision_class4": 0.945002019405365,
  "Recall_class0": 0.875339150428772,
  "Recall_class1": 0.9026442170143127,
  "Recall_class2": 0.9358663558959961,
  "Recall_class3": 0.852300226688385,
  "Recall_class4": 0.9894914031028748,
  "val_loss": 0.22757332026958466,
  "val_Cat_accuracy": 0.9369634389877319,
  "val_F1_score_class0": 0.958914577960968,
  "val_F1_score_class1": 0.6575900912284851,
  "val_F1_score_class2": 0.9406952261924744,
  "val_F1_score_class3": 0.34980982542037964,
  "val_F1_score_class4": 0.9672181010246277,
  "val_Precision_class0": 0.9950525164604187,
  "val_Precision_class1": 0.522162139415741,
  "val_Precision_class2": 0.9395424723625183,
  "val_Precision_class3": 0.21766561269760132,
  "val_Precision_class4": 0.9410692453384399,
  "val_Recall_class0": 0.9253095388412476,
  "val_Recall_class1": 0.8878676295280457,
  "val_Recall_class2": 0.9418509602546692,
  "val_Recall_class3": 0.8903225660324097,
  "val_Recall_class4": 0.994861900806427,
  "epoch": 29,
  "global_step": 930
}