{
  "loss": 0.00636936305090785,
  "Cat_accuracy": 0.996284544467926,
  "F1_score_class0": 0.9984145760536194,
  "F1_score_class1": 0.964943528175354,
  "F1_score_class2": 0.9890908598899841,
  "F1_score_class3": 0.9042423963546753,
  "F1_score_class4": 0.9988444447517395,
  "Precision_class0": 0.9990879893302917,
  "Precision_class1": 0.9541715383529663,
  "Precision_class2": 0.9886914491653442,
  "Precision_class3": 0.905339777469635,
  "Precision_class4": 0.9985297322273254,
  "Recall_class0": 0.9977420568466187,
  "Recall_class1": 0.9759615659713745,
  "Recall_class2": 0.9894906878471375,
  "Recall_class3": 0.9031476974487305,
  "Recall_class4": 0.9991593360900879,
  "val_loss": 0.03239300847053528,
  "val_Cat_accuracy": 0.9928378462791443,
  "val_F1_score_class0": 0.9964794516563416,
  "val_F1_score_class1": 0.9320929646492004,
  "val_F1_score_class2": 0.9782161712646484,
  "val_F1_score_class3": 0.8881787657737732,
  "val_F1_score_class4": 0.9961463809013367,
  "val_Precision_class0": 0.9961966276168823,
  "val_Precision_class1": 0.9435028433799744,
  "val_Precision_class2": 0.9818481802940369,
  "val_Precision_class3": 0.8797468543052673,
  "val_Precision_class4": 0.9961464405059814,
  "val_Recall_class0": 0.9967624545097351,
  "val_Recall_class1": 0.9209558963775635,
  "val_Recall_class2": 0.9746109843254089,
  "val_Recall_class3": 0.896774172782898,
  "val_Recall_class4": 0.9961464405059814,
  "epoch": 31,
  "global_step": 3968
}