{
  "loss": 0.018565848469734192,
  "Cat_accuracy": 0.9910987019538879,
  "F1_score_class0": 0.9953387379646301,
  "F1_score_class1": 0.9090908169746399,
  "F1_score_class2": 0.9769448041915894,
  "F1_score_class3": 0.8350515365600586,
  "F1_score_class4": 0.9966371655464172,
  "Precision_class0": 0.9959911704063416,
  "Precision_class1": 0.9077292084693909,
  "Precision_class2": 0.9776039123535156,
  "Precision_class3": 0.8925619721412659,
  "Precision_class4": 0.996637225151062,
  "Recall_class0": 0.9946871995925903,
  "Recall_class1": 0.9104567170143127,
  "Recall_class2": 0.9762867093086243,
  "Recall_class3": 0.7845036387443542,
  "Recall_class4": 0.996637225151062,
  "val_loss": 0.05493577569723129,
  "val_Cat_accuracy": 0.9878575205802917,
  "val_F1_score_class0": 0.9933589696884155,
  "val_F1_score_class1": 0.878277063369751,
  "val_F1_score_class2": 0.9679275155067444,
  "val_F1_score_class3": 0.8243243098258972,
  "val_F1_score_class4": 0.9925877451896667,
  "val_Precision_class0": 0.992682933807373,
  "val_Precision_class1": 0.8950381875038147,
  "val_Precision_class2": 0.9719240069389343,
  "val_Precision_class3": 0.8652482032775879,
  "val_Precision_class4": 0.9961190223693848,
  "val_Recall_class0": 0.9940361380577087,
  "val_Recall_class1": 0.8621323704719543,
  "val_Recall_class2": 0.9639639854431152,
  "val_Recall_class3": 0.7870967984199524,
  "val_Recall_class4": 0.9890815615653992,
  "epoch": 16,
  "global_step": 1054
}