{
  "loss": 0.08261587470769882,
  "Cat_accuracy": 0.9589716792106628,
  "F1_score_class0": 0.9745962023735046,
  "F1_score_class1": 0.6827832460403442,
  "F1_score_class2": 0.952305257320404,
  "F1_score_class3": 0.5912786722183228,
  "F1_score_class4": 0.9865694642066956,
  "Precision_class0": 0.998944103717804,
  "Precision_class1": 0.5250566005706787,
  "Precision_class2": 0.9366692900657654,
  "Precision_class3": 0.42553192377090454,
  "Precision_class4": 0.9775118827819824,
  "Recall_class0": 0.9514069557189941,
  "Recall_class1": 0.9759615659713745,
  "Recall_class2": 0.9684721231460571,
  "Recall_class3": 0.9685230255126953,
  "Recall_class4": 0.9957965612411499,
  "val_loss": 0.09583430737257004,
  "val_Cat_accuracy": 0.9696912169456482,
  "val_F1_score_class0": 0.9819395542144775,
  "val_F1_score_class1": 0.7230443358421326,
  "val_F1_score_class2": 0.9623567461967468,
  "val_F1_score_class3": 0.6848635077476501,
  "val_F1_score_class4": 0.9874958992004395,
  "val_Precision_class0": 0.9961428046226501,
  "val_Precision_class1": 0.5862857103347778,
  "val_Precision_class2": 0.9615699052810669,
  "val_Precision_class3": 0.5564516186714172,
  "val_Precision_class4": 0.98591548204422,
  "val_Recall_class0": 0.9681358337402344,
  "val_Recall_class1": 0.9430146813392639,
  "val_Recall_class2": 0.9631449580192566,
  "val_Recall_class3": 0.8903225660324097,
  "val_Recall_class4": 0.9890815615653992,
  "epoch": 27,
  "global_step": 6944
}