{
  "loss": 0.021577047184109688,
  "Cat_accuracy": 0.993881344795227,
  "F1_score_class0": 0.9971286058425903,
  "F1_score_class1": 0.9365521669387817,
  "F1_score_class2": 0.9847851395606995,
  "F1_score_class3": 0.8324607610702515,
  "F1_score_class4": 0.9980018734931946,
  "Precision_class0": 0.9960054755210876,
  "Precision_class1": 0.965539276599884,
  "Precision_class2": 0.9841226935386658,
  "Precision_class3": 0.9059829115867615,
  "Precision_class4": 0.998737096786499,
  "Recall_class0": 0.9982543587684631,
  "Recall_class1": 0.909254789352417,
  "Recall_class2": 0.9854486584663391,
  "Recall_class3": 0.7699757814407349,
  "Recall_class4": 0.9972677826881409,
  "val_loss": 0.04719025269150734,
  "val_Cat_accuracy": 0.9894701838493347,
  "val_F1_score_class0": 0.9945289492607117,
  "val_F1_score_class1": 0.8938223123550415,
  "val_F1_score_class2": 0.9710321426391602,
  "val_F1_score_class3": 0.8056536316871643,
  "val_F1_score_class4": 0.9945319294929504,
  "val_Precision_class0": 0.992699921131134,
  "val_Precision_class1": 0.9410569071769714,
  "val_Precision_class2": 0.9674796462059021,
  "val_Precision_class3": 0.890625,
  "val_Precision_class4": 0.9961340427398682,
  "val_Recall_class0": 0.9963648915290833,
  "val_Recall_class1": 0.8511029481887817,
  "val_Recall_class2": 0.9746109843254089,
  "val_Recall_class3": 0.7354838848114014,
  "val_Recall_class4": 0.9929351210594177,
  "epoch": 21,
  "global_step": 1364
}