{
  "loss": 0.029231254011392593,
  "Cat_accuracy": 0.9840788245201111,
  "F1_score_class0": 0.9911227226257324,
  "F1_score_class1": 0.8549253940582275,
  "F1_score_class2": 0.9494078755378723,
  "F1_score_class3": 0.8112244606018066,
  "F1_score_class4": 0.992754340171814,
  "Precision_class0": 0.9929348230361938,
  "Precision_class1": 0.8493475914001465,
  "Precision_class2": 0.9481322169303894,
  "Precision_class3": 0.8571428656578064,
  "Precision_class4": 0.9920251965522766,
  "Recall_class0": 0.9893174767494202,
  "Recall_class1": 0.8605769276618958,
  "Recall_class2": 0.9506871700286865,
  "Recall_class3": 0.7699757814407349,
  "Recall_class4": 0.9934846758842468,
  "val_loss": 0.0759672075510025,
  "val_Cat_accuracy": 0.9820234179496765,
  "val_F1_score_class0": 0.990433394908905,
  "val_F1_score_class1": 0.8435113430023193,
  "val_F1_score_class2": 0.9345334768295288,
  "val_F1_score_class3": 0.8092104196548462,
  "val_F1_score_class4": 0.9890674352645874,
  "val_Precision_class0": 0.9900119304656982,
  "val_Precision_class1": 0.8769841194152832,
  "val_Precision_class2": 0.9337694048881531,
  "val_Precision_class3": 0.8255033493041992,
  "val_Precision_class4": 0.9903412461280823,
  "val_Recall_class0": 0.9908553957939148,
  "val_Recall_class1": 0.8125,
  "val_Recall_class2": 0.9352989196777344,
  "val_Recall_class3": 0.7935484051704407,
  "val_Recall_class4": 0.9877970218658447,
  "epoch": 24,
  "global_step": 400
}