{
  "loss": 0.026413166895508766,
  "Cat_accuracy": 0.992821991443634,
  "F1_score_class0": 0.9965707659721375,
  "F1_score_class1": 0.9192894101142883,
  "F1_score_class2": 0.9831558465957642,
  "F1_score_class3": 0.8430850505828857,
  "F1_score_class4": 0.9976846575737,
  "Precision_class0": 0.9950814247131348,
  "Precision_class1": 0.954692542552948,
  "Precision_class2": 0.9832884073257446,
  "Precision_class3": 0.9351032376289368,
  "Precision_class4": 0.9991568326950073,
  "Recall_class0": 0.9980646371841431,
  "Recall_class1": 0.8864182829856873,
  "Recall_class2": 0.983023464679718,
  "Recall_class3": 0.7675544619560242,
  "Recall_class4": 0.996216893196106,
  "val_loss": 0.03641458600759506,
  "val_Cat_accuracy": 0.9904662370681763,
  "val_F1_score_class0": 0.9950301647186279,
  "val_F1_score_class1": 0.9082483053207397,
  "val_F1_score_class2": 0.9730170965194702,
  "val_F1_score_class3": 0.8356163501739502,
  "val_F1_score_class4": 0.996461808681488,
  "val_Precision_class0": 0.9950019717216492,
  "val_Precision_class1": 0.9158878326416016,
  "val_Precision_class2": 0.9714285731315613,
  "val_Precision_class3": 0.8905109763145447,
  "val_Precision_class4": 0.9980670213699341,
  "val_Recall_class0": 0.9950584769248962,
  "val_Recall_class1": 0.9007353186607361,
  "val_Recall_class2": 0.9746109843254089,
  "val_Recall_class3": 0.7870967984199524,
  "val_Recall_class4": 0.994861900806427,
  "epoch": 34,
  "global_step": 1085
}