{
  "loss": 0.09057320654392242,
  "Cat_accuracy": 0.9583550691604614,
  "F1_score_class0": 0.9788471460342407,
  "F1_score_class1": 0.6192358136177063,
  "F1_score_class2": 0.8903826475143433,
  "F1_score_class3": 0.0,
  "F1_score_class4": 0.9443657398223877,
  "Precision_class0": 0.9808894395828247,
  "Precision_class1": 0.6851311922073364,
  "Precision_class2": 0.9069312214851379,
  "Precision_class3": 0.0,
  "Precision_class4": 0.9796702265739441,
  "Recall_class0": 0.9768134355545044,
  "Recall_class1": 0.5649038553237915,
  "Recall_class2": 0.8744273781776428,
  "Recall_class3": 0.0,
  "Recall_class4": 0.9115174412727356,
  "val_loss": 0.11825546622276306,
  "val_Cat_accuracy": 0.966418445110321,
  "val_F1_score_class0": 0.9855276346206665,
  "val_F1_score_class1": 0.7176601886749268,
  "val_F1_score_class2": 0.9083297848701477,
  "val_F1_score_class3": 0.0,
  "val_F1_score_class4": 0.9422250986099243,
  "val_Precision_class0": 0.9809250235557556,
  "val_Precision_class1": 0.9246376752853394,
  "val_Precision_class2": 0.9289383292198181,
  "val_Precision_class3": 0.0,
  "val_Precision_class4": 0.9694293737411499,
  "val_Recall_class0": 0.9901738166809082,
  "val_Recall_class1": 0.5863970518112183,
  "val_Recall_class2": 0.8886159062385559,
  "val_Recall_class3": 0.0,
  "val_Recall_class4": 0.9165061116218567,
  "epoch": 28,
  "global_step": 899
}