{
  "loss": 0.016677800565958023,
  "Cat_accuracy": 0.9950513243675232,
  "F1_score_class0": 0.9976679086685181,
  "F1_score_class1": 0.944461464881897,
  "F1_score_class2": 0.9885520935058594,
  "F1_score_class3": 0.873056948184967,
  "F1_score_class4": 0.9985284805297852,
  "Precision_class0": 0.996911883354187,
  "Precision_class1": 0.9648903012275696,
  "Precision_class2": 0.9881529211997986,
  "Precision_class3": 0.9387186765670776,
  "Precision_class4": 0.9987384080886841,
  "Recall_class0": 0.9984251260757446,
  "Recall_class1": 0.924879789352417,
  "Recall_class2": 0.9889517426490784,
  "Recall_class3": 0.8159806132316589,
  "Recall_class4": 0.998318612575531,
  "val_loss": 0.03540694713592529,
  "val_Cat_accuracy": 0.9915571808815002,
  "val_F1_score_class0": 0.9956807494163513,
  "val_F1_score_class1": 0.9150683879852295,
  "val_F1_score_class2": 0.9763843417167664,
  "val_F1_score_class3": 0.8799999356269836,
  "val_F1_score_class4": 0.9961439371109009,
  "val_Precision_class0": 0.9962469935417175,
  "val_Precision_class1": 0.9092559218406677,
  "val_Precision_class2": 0.9708502292633057,
  "val_Precision_class3": 0.9103448390960693,
  "val_Precision_class4": 0.9967845678329468,
  "val_Recall_class0": 0.9951152801513672,
  "val_Recall_class1": 0.9209558963775635,
  "val_Recall_class2": 0.9819819927215576,
  "val_Recall_class3": 0.85161292552948,
  "val_Recall_class4": 0.9955042004585266,
  "epoch": 23,
  "global_step": 2976
}