{
  "Cat_accuracy": 0.9913881421089172,
  "F1_score_class0": 0.9952020645141602,
  "F1_score_class1": 0.9027847647666931,
  "F1_score_class2": 0.9870458245277405,
  "F1_score_class3": 0.8779487013816833,
  "F1_score_class4": 0.998621940612793,
  "Precision_class0": 0.9998384118080139,
  "Precision_class1": 0.8254629373550415,
  "Precision_class2": 0.988804042339325,
  "Precision_class3": 0.7896679043769836,
  "Precision_class4": 0.9978363513946533,
  "Recall_class0": 0.9906086325645447,
  "Recall_class1": 0.9960893988609314,
  "Recall_class2": 0.9852941036224365,
  "Recall_class3": 0.988452672958374,
  "Recall_class4": 0.9994089603424072,
  "loss": 0.024738376960158348,
  "val_Cat_accuracy": 0.9883204102516174,
  "val_F1_score_class0": 0.9937308430671692,
  "val_F1_score_class1": 0.8803611397743225,
  "val_F1_score_class2": 0.9751898050308228,
  "val_F1_score_class3": 0.848874568939209,
  "val_F1_score_class4": 0.9951573014259338,
  "val_Precision_class0": 0.9972832202911377,
  "val_Precision_class1": 0.8333333134651184,
  "val_Precision_class2": 0.975683867931366,
  "val_Precision_class3": 0.75,
  "val_Precision_class4": 0.9951573610305786,
  "val_Recall_class0": 0.9902037382125854,
  "val_Recall_class1": 0.9330143332481384,
  "val_Recall_class2": 0.9746963381767273,
  "val_Recall_class3": 0.9777777791023254,
  "val_Recall_class4": 0.9951573610305786,
  "val_loss": 0.05129331350326538,
  "epoch": 4,
  "global_step": 330
}