{
  "loss": 0.01843753457069397,
  "Cat_accuracy": 0.9903714060783386,
  "F1_score_class0": 0.9949277639389038,
  "F1_score_class1": 0.8935664892196655,
  "F1_score_class2": 0.9756556153297424,
  "F1_score_class3": 0.8518056869506836,
  "F1_score_class4": 0.9966393709182739,
  "Precision_class0": 0.9961199760437012,
  "Precision_class1": 0.8818022012710571,
  "Precision_class2": 0.9739527106285095,
  "Precision_class3": 0.8769230842590332,
  "Precision_class4": 0.9960117340087891,
  "Recall_class0": 0.9937384724617004,
  "Recall_class1": 0.9056490659713745,
  "Recall_class2": 0.9773645997047424,
  "Recall_class3": 0.8280871510505676,
  "Recall_class4": 0.9972677826881409,
  "val_loss": 0.04518979787826538,
  "val_Cat_accuracy": 0.9884741306304932,
  "val_F1_score_class0": 0.9938911199569702,
  "val_F1_score_class1": 0.8874656558036804,
  "val_F1_score_class2": 0.9668284058570862,
  "val_F1_score_class3": 0.8405796885490417,
  "val_F1_score_class4": 0.9942121505737305,
  "val_Precision_class0": 0.9943714737892151,
  "val_Precision_class1": 0.8834244012832642,
  "val_Precision_class2": 0.9552358388900757,
  "val_Precision_class3": 0.9586777091026306,
  "val_Precision_class4": 0.9954925775527954,
  "val_Recall_class0": 0.9934113621711731,
  "val_Recall_class1": 0.8915441036224365,
  "val_Recall_class2": 0.9787060022354126,
  "val_Recall_class3": 0.7483870983123779,
  "val_Recall_class4": 0.9929351210594177,
  "epoch": 5,
  "global_step": 1488
}