{
  "loss": 0.013883200474083424,
  "Cat_accuracy": 0.9919524192810059,
  "F1_score_class0": 0.9958398938179016,
  "F1_score_class1": 0.9202126860618591,
  "F1_score_class2": 0.98262619972229,
  "F1_score_class3": 0.8255113959312439,
  "F1_score_class4": 0.9973719120025635,
  "Precision_class0": 0.9969761967658997,
  "Precision_class1": 0.9052325487136841,
  "Precision_class2": 0.9822294116020203,
  "Precision_class3": 0.820574164390564,
  "Precision_class4": 0.9976866245269775,
  "Recall_class0": 0.9947062134742737,
  "Recall_class1": 0.9356971383094788,
  "Recall_class2": 0.983023464679718,
  "Recall_class3": 0.8305084705352783,
  "Recall_class4": 0.9970576167106628,
  "val_loss": 0.04971964284777641,
  "val_Cat_accuracy": 0.986814022064209,
  "val_F1_score_class0": 0.9930320382118225,
  "val_F1_score_class1": 0.8764652013778687,
  "val_F1_score_class2": 0.9619320034980774,
  "val_F1_score_class3": 0.7901234030723572,
  "val_F1_score_class4": 0.9954954385757446,
  "val_Precision_class0": 0.9944745302200317,
  "val_Precision_class1": 0.8601769804954529,
  "val_Precision_class2": 0.9615384340286255,
  "val_Precision_class3": 0.7573964595794678,
  "val_Precision_class4": 0.9974210262298584,
  "val_Recall_class0": 0.9915937781333923,
  "val_Recall_class1": 0.8933823704719543,
  "val_Recall_class2": 0.9623259902000427,
  "val_Recall_class3": 0.8258064389228821,
  "val_Recall_class4": 0.9935774207115173,
  "epoch": 13,
  "global_step": 3472
}