{
  "loss": 0.018627861514687538,
  "Cat_accuracy": 0.9900709986686707,
  "F1_score_class0": 0.9950974583625793,
  "F1_score_class1": 0.8863905072212219,
  "F1_score_class2": 0.9776700735092163,
  "F1_score_class3": 0.8438286781311035,
  "F1_score_class4": 0.9944263100624084,
  "Precision_class0": 0.9965366721153259,
  "Precision_class1": 0.8729603886604309,
  "Precision_class2": 0.9760945439338684,
  "Precision_class3": 0.8792650699615479,
  "Precision_class4": 0.9951589107513428,
  "Recall_class0": 0.9936625957489014,
  "Recall_class1": 0.9002403616905212,
  "Recall_class2": 0.9792508482933044,
  "Recall_class3": 0.8111380338668823,
  "Recall_class4": 0.9936948418617249,
  "val_loss": 0.052238550037145615,
  "val_Cat_accuracy": 0.9869089126586914,
  "val_F1_score_class0": 0.9931485056877136,
  "val_F1_score_class1": 0.8607593774795532,
  "val_F1_score_class2": 0.9650061130523682,
  "val_F1_score_class3": 0.8269230127334595,
  "val_F1_score_class4": 0.9929077625274658,
  "val_Precision_class0": 0.9941943287849426,
  "val_Precision_class1": 0.8469750881195068,
  "val_Precision_class2": 0.9701986908912659,
  "val_Precision_class3": 0.8216560482978821,
  "val_Precision_class4": 0.9967637658119202,
  "val_Recall_class0": 0.9921049475669861,
  "val_Recall_class1": 0.875,
  "val_Recall_class2": 0.9598689675331116,
  "val_Recall_class3": 0.8322580456733704,
  "val_Recall_class4": 0.9890815615653992,
  "epoch": 29,
  "global_step": 1860
}