{
  "loss": 0.12613631784915924,
  "Cat_accuracy": 0.9341965913772583,
  "F1_score_class0": 0.9559957981109619,
  "F1_score_class1": 0.5881481170654297,
  "F1_score_class2": 0.865642249584198,
  "F1_score_class3": 0.6582064032554626,
  "F1_score_class4": 0.9839715957641602,
  "Precision_class0": 0.9975047707557678,
  "Precision_class1": 0.42505353689193726,
  "Precision_class2": 0.7958860993385315,
  "Precision_class3": 0.5058517456054688,
  "Precision_class4": 0.9746391773223877,
  "Recall_class0": 0.9178035259246826,
  "Recall_class1": 0.9543269276618958,
  "Recall_class2": 0.9488008618354797,
  "Recall_class3": 0.9418886303901672,
  "Recall_class4": 0.9934846758842468,
  "val_loss": 0.14011330902576447,
  "val_Cat_accuracy": 0.9560309052467346,
  "val_F1_score_class0": 0.9730105400085449,
  "val_F1_score_class1": 0.6594005227088928,
  "val_F1_score_class2": 0.8807766437530518,
  "val_F1_score_class3": 0.7796609401702881,
  "val_F1_score_class4": 0.9849406480789185,
  "val_Precision_class0": 0.9936645030975342,
  "val_Precision_class1": 0.523809552192688,
  "val_Precision_class2": 0.8375184535980225,
  "val_Precision_class3": 0.6934673190116882,
  "val_Precision_class4": 0.9827365875244141,
  "val_Recall_class0": 0.9531977772712708,
  "val_Recall_class1": 0.8897058963775635,
  "val_Recall_class2": 0.9287469387054443,
  "val_Recall_class3": 0.8903225660324097,
  "val_Recall_class4": 0.9871547818183899,
  "epoch": 28,
  "global_step": 3596
}