{
  "loss": 0.030695317313075066,
  "Cat_accuracy": 0.9836835265159607,
  "F1_score_class0": 0.9913874268531799,
  "F1_score_class1": 0.8580096364021301,
  "F1_score_class2": 0.9430585503578186,
  "F1_score_class3": 0.8165373802185059,
  "F1_score_class4": 0.9892923831939697,
  "Precision_class0": 0.9922825694084167,
  "Precision_class1": 0.8664215803146362,
  "Precision_class2": 0.9489768147468567,
  "Precision_class3": 0.8753462433815002,
  "Precision_class4": 0.9882550239562988,
  "Recall_class0": 0.990493893623352,
  "Recall_class1": 0.8497596383094788,
  "Recall_class2": 0.937213659286499,
  "Recall_class3": 0.7651331424713135,
  "Recall_class4": 0.9903320670127869,
  "val_loss": 0.06534899026155472,
  "val_Cat_accuracy": 0.9838258028030396,
  "val_F1_score_class0": 0.9921183586120605,
  "val_F1_score_class1": 0.8603144884109497,
  "val_F1_score_class2": 0.9331629872322083,
  "val_F1_score_class3": 0.8367346525192261,
  "val_F1_score_class4": 0.9852089285850525,
  "val_Precision_class0": 0.9904335737228394,
  "val_Precision_class1": 0.8659217953681946,
  "val_Precision_class2": 0.9716312289237976,
  "val_Precision_class3": 0.8848921060562134,
  "val_Precision_class4": 0.986477792263031,
  "val_Recall_class0": 0.993808925151825,
  "val_Recall_class1": 0.8547794222831726,
  "val_Recall_class2": 0.8976249098777771,
  "val_Recall_class3": 0.7935484051704407,
  "val_Recall_class4": 0.9839434623718262,
  "epoch": 28,
  "global_step": 1798
}