{
  "loss": 0.18735352158546448,
  "Cat_accuracy": 0.9339119791984558,
  "F1_score_class0": 0.9553914666175842,
  "F1_score_class1": 0.6214183568954468,
  "F1_score_class2": 0.8799277544021606,
  "F1_score_class3": 0.48859935998916626,
  "F1_score_class4": 0.9722506403923035,
  "Precision_class0": 0.9971526265144348,
  "Precision_class1": 0.4694504141807556,
  "Precision_class2": 0.8430017232894897,
  "Precision_class3": 0.3342246115207672,
  "Precision_class4": 0.9513274431228638,
  "Recall_class0": 0.9169876575469971,
  "Recall_class1": 0.918870210647583,
  "Recall_class2": 0.920237123966217,
  "Recall_class3": 0.9079903364181519,
  "Recall_class4": 0.9941151738166809,
  "val_loss": 0.19693994522094727,
  "val_Cat_accuracy": 0.9474932551383972,
  "val_F1_score_class0": 0.965770959854126,
  "val_F1_score_class1": 0.6783215999603271,
  "val_F1_score_class2": 0.8901363015174866,
  "val_F1_score_class3": 0.5559999346733093,
  "val_F1_score_class4": 0.9776927828788757,
  "val_Precision_class0": 0.9939882159233093,
  "val_Precision_class1": 0.5474040508270264,
  "val_Precision_class2": 0.8719559907913208,
  "val_Precision_class3": 0.40289855003356934,
  "val_Precision_class4": 0.9702720046043396,
  "val_Recall_class0": 0.9391116499900818,
  "val_Recall_class1": 0.8915441036224365,
  "val_Recall_class2": 0.9090909361839294,
  "val_Recall_class3": 0.896774172782898,
  "val_Recall_class4": 0.9852280020713806,
  "epoch": 27,
  "global_step": 1736
}