{
  "loss": 0.013689273968338966,
  "Cat_accuracy": 0.9916046261787415,
  "F1_score_class0": 0.9955722689628601,
  "F1_score_class1": 0.9133626818656921,
  "F1_score_class2": 0.9747447967529297,
  "F1_score_class3": 0.8861984610557556,
  "F1_score_class4": 0.9973735809326172,
  "Precision_class0": 0.9970691800117493,
  "Precision_class1": 0.893164873123169,
  "Precision_class2": 0.9718725085258484,
  "Precision_class3": 0.8861985206604004,
  "Precision_class4": 0.9970594644546509,
  "Recall_class0": 0.9940800070762634,
  "Recall_class1": 0.934495210647583,
  "Recall_class2": 0.977634072303772,
  "Recall_class3": 0.8861985206604004,
  "Recall_class4": 0.9976881146430969,
  "val_loss": 0.06750486046075821,
  "val_Cat_accuracy": 0.985011637210846,
  "val_F1_score_class0": 0.9919446110725403,
  "val_F1_score_class1": 0.8710601329803467,
  "val_F1_score_class2": 0.9444215297698975,
  "val_F1_score_class3": 0.8444443941116333,
  "val_F1_score_class4": 0.9896973371505737,
  "val_Precision_class0": 0.9907082319259644,
  "val_Precision_class1": 0.9065606594085693,
  "val_Precision_class2": 0.9495033025741577,
  "val_Precision_class3": 0.831250011920929,
  "val_Precision_class4": 0.9922530651092529,
  "val_Recall_class0": 0.9931841492652893,
  "val_Recall_class1": 0.8382353186607361,
  "val_Recall_class2": 0.939393937587738,
  "val_Recall_class3": 0.8580645322799683,
  "val_Recall_class4": 0.9871547818183899,
  "epoch": 18,
  "global_step": 2356
}