{
  "loss": 0.034345950931310654,
  "Cat_accuracy": 0.9903081655502319,
  "F1_score_class0": 0.9952918887138367,
  "F1_score_class1": 0.8821484446525574,
  "F1_score_class2": 0.977681577205658,
  "F1_score_class3": 0.7881136536598206,
  "F1_score_class4": 0.9976851344108582,
  "Precision_class0": 0.9938138723373413,
  "Precision_class1": 0.9300466179847717,
  "Precision_class2": 0.9815317988395691,
  "Precision_class3": 0.8448753356933594,
  "Precision_class4": 0.998946487903595,
  "Recall_class0": 0.9967743754386902,
  "Recall_class1": 0.838942289352417,
  "Recall_class2": 0.9738615155220032,
  "Recall_class3": 0.7384988069534302,
  "Recall_class4": 0.996427059173584,
  "val_loss": 0.03973653167486191,
  "val_Cat_accuracy": 0.9904662370681763,
  "val_F1_score_class0": 0.9952049255371094,
  "val_F1_score_class1": 0.9048991203308105,
  "val_F1_score_class2": 0.9712878465652466,
  "val_F1_score_class3": 0.8451612591743469,
  "val_F1_score_class4": 0.995818555355072,
  "val_Precision_class0": 0.9942740797996521,
  "val_Precision_class1": 0.9476861357688904,
  "val_Precision_class2": 0.9728841185569763,
  "val_Precision_class3": 0.8451613187789917,
  "val_Precision_class4": 0.9974226951599121,
  "val_Recall_class0": 0.9961376786231995,
  "val_Recall_class1": 0.8658088445663452,
  "val_Recall_class2": 0.9696969985961914,
  "val_Recall_class3": 0.8451613187789917,
  "val_Recall_class4": 0.9942196607589722,
  "epoch": 29,
  "global_step": 3720
}