{
  "loss": 0.032208070158958435,
  "Cat_accuracy": 0.9910987019538879,
  "F1_score_class0": 0.9956238865852356,
  "F1_score_class1": 0.8947866559028625,
  "F1_score_class2": 0.9783281087875366,
  "F1_score_class3": 0.8150133490562439,
  "F1_score_class4": 0.9956837296485901,
  "Precision_class0": 0.9940420985221863,
  "Precision_class1": 0.943371057510376,
  "Precision_class2": 0.9774072170257568,
  "Precision_class3": 0.912912905216217,
  "Precision_class4": 0.997468888759613,
  "Recall_class0": 0.9972108006477356,
  "Recall_class1": 0.8509615659713745,
  "Recall_class2": 0.9792508482933044,
  "Recall_class3": 0.7360774874687195,
  "Recall_class4": 0.9939050078392029,
  "val_loss": 0.04406451806426048,
  "val_Cat_accuracy": 0.9891381859779358,
  "val_F1_score_class0": 0.994379460811615,
  "val_F1_score_class1": 0.8867923617362976,
  "val_F1_score_class2": 0.9730831384658813,
  "val_F1_score_class3": 0.8466666340827942,
  "val_F1_score_class4": 0.9906781315803528,
  "val_Precision_class0": 0.9939280152320862,
  "val_Precision_class1": 0.9108527302742004,
  "val_Precision_class2": 0.96913081407547,
  "val_Precision_class3": 0.8758620619773865,
  "val_Precision_class4": 0.9916344881057739,
  "val_Recall_class0": 0.9948313236236572,
  "val_Recall_class1": 0.8639705777168274,
  "val_Recall_class2": 0.9770679473876953,
  "val_Recall_class3": 0.8193548321723938,
  "val_Recall_class4": 0.989723801612854,
  "epoch": 29,
  "global_step": 1860
}