{
  "loss": 0.03213406726717949,
  "Cat_accuracy": 0.9873673915863037,
  "F1_score_class0": 0.9928062558174133,
  "F1_score_class1": 0.8734176754951477,
  "F1_score_class2": 0.9771627187728882,
  "F1_score_class3": 0.853582501411438,
  "F1_score_class4": 0.9940419793128967,
  "Precision_class0": 0.9997883439064026,
  "Precision_class1": 0.7781955003738403,
  "Precision_class2": 0.9742833971977234,
  "Precision_class3": 0.7472727298736572,
  "Precision_class4": 0.9887710809707642,
  "Recall_class0": 0.9859210848808289,
  "Recall_class1": 0.995192289352417,
  "Recall_class2": 0.9800592660903931,
  "Recall_class3": 0.9951573610305786,
  "Recall_class4": 0.9993695020675659,
  "val_loss": 0.05074851214885712,
  "val_Cat_accuracy": 0.9876677989959717,
  "val_F1_score_class0": 0.9932743310928345,
  "val_F1_score_class1": 0.8714408278465271,
  "val_F1_score_class2": 0.9707078337669373,
  "val_F1_score_class3": 0.8773005604743958,
  "val_F1_score_class4": 0.9939004182815552,
  "val_Precision_class0": 0.9967398643493652,
  "val_Precision_class1": 0.8211382031440735,
  "val_Precision_class2": 0.9644300937652588,
  "val_Precision_class3": 0.8362573385238647,
  "val_Precision_class4": 0.9935815334320068,
  "val_Recall_class0": 0.9898329973220825,
  "val_Recall_class1": 0.9283088445663452,
  "val_Recall_class2": 0.9770679473876953,
  "val_Recall_class3": 0.9225806593894958,
  "val_Recall_class4": 0.9942196607589722,
  "epoch": 32,
  "global_step": 4092
}