{
  "Cat_accuracy": 0.9987697601318359,
  "F1_score_class0": 0.9995373487472534,
  "F1_score_class1": 0.9908307194709778,
  "F1_score_class2": 0.9954291582107544,
  "F1_score_class3": 0.949152410030365,
  "F1_score_class4": 1.0,
  "Precision_class0": 0.9998042583465576,
  "Precision_class1": 0.9856274127960205,
  "Precision_class2": 0.9969481229782104,
  "Precision_class3": 0.9292035102844238,
  "Precision_class4": 1.0,
  "Recall_class0": 0.9992707371711731,
  "Recall_class1": 0.9960893988609314,
  "Recall_class2": 0.993914783000946,
  "Recall_class3": 0.9699769020080566,
  "Recall_class4": 1.0,
  "loss": 0.001893909415230155,
  "val_Cat_accuracy": 0.9919369220733643,
  "val_F1_score_class0": 0.9958105087280273,
  "val_F1_score_class1": 0.9158653616905212,
  "val_F1_score_class2": 0.978205680847168,
  "val_F1_score_class3": 0.8833921551704407,
  "val_F1_score_class4": 0.9967688918113708,
  "val_Precision_class0": 0.9960934519767761,
  "val_Precision_class1": 0.9202898740768433,
  "val_Precision_class2": 0.9796954393386841,
  "val_Precision_class3": 0.8445945978164673,
  "val_Precision_class4": 0.9975748062133789,
  "val_Recall_class0": 0.9955278038978577,
  "val_Recall_class1": 0.9114832282066345,
  "val_Recall_class2": 0.9767206311225891,
  "val_Recall_class3": 0.9259259104728699,
  "val_Recall_class4": 0.9959644675254822,
  "val_loss": 0.04701463505625725,
  "epoch": 17,
  "global_step": 1188
}